pm10,pm2_5,carbon_monoxide,nitrogen_dioxide,sulphur_dioxide,ozone,next_hour_aqi
6.5,4.2,131.0,5.0,3.5,43.0,25.0
5.5,3.7,121.0,4.9,3.4,42.0,25.0
4.4,3.2,115.0,4.9,3.3,41.0,26.0
3.4,2.7,107.0,4.8,3.2,41.0,26.0
2.5,2.2,102.0,4.7,3.2,41.0,26.0
6.4,4.1,120.0,4.4,4.0,43.0,26.0
7.2,4.6,187.0,5.2,4.1,42.0,27.0
7.8,5.0,276.0,6.2,4.2,42.0,28.0
8.4,5.4,325.0,6.7,4.3,42.0,28.0
8.4,5.4,295.0,6.3,4.4,44.0,29.0
7.6,5.1,225.0,5.4,4.4,48.0,29.0
6.6,4.7,174.0,4.8,4.4,52.0,29.0
6.4,4.7,166.0,4.6,4.4,56.0,29.0
7.2,5.3,176.0,4.7,4.4,61.0,29.0
8.9,5.9,194.0,5.1,4.4,64.0,29.0
11.8,7.2,222.0,6.2,4.3,64.0,30.0
13.7,8.3,258.0,7.6,4.1,62.0,30.0
8.7,5.1,277.0,5.0,3.1,67.0,30.0
9.0,5.6,265.0,5.7,3.6,63.0,29.0
13.8,7.9,237.0,6.6,4.3,58.0,29.0
17.0,9.8,212.0,7.3,4.9,54.0,29.0
17.2,10.2,196.0,7.6,5.4,51.0,30.0
16.6,10.1,183.0,7.7,5.7,48.0,31.0
13.7,8.5,170.0,7.5,5.8,46.0,32.0
7.7,5.3,155.0,7.0,5.5,44.0,32.0
4.3,3.2,140.0,6.2,4.9,43.0,32.0
4.2,2.8,129.0,5.5,4.4,42.0,32.0
4.3,2.8,121.0,5.1,4.1,41.0,32.0
3.9,2.6,118.0,4.8,3.8,41.0,32.0
8.1,4.6,129.0,5.3,4.4,41.0,32.0
9.6,5.4,171.0,5.5,4.6,41.0,33.0
11.0,6.4,228.0,5.8,4.9,42.0,33.0
10.5,6.2,260.0,5.6,4.9,44.0,33.0
8.2,5.2,243.0,4.6,4.5,50.0,33.0
6.5,4.3,201.0,3.2,3.9,58.0,33.0
5.4,3.7,169.0,2.1,3.3,65.0,33.0
9.8,5.0,159.0,1.7,2.8,70.0,33.0
16.4,7.5,160.0,1.6,2.4,74.0,33.0
16.4,7.8,171.0,1.7,2.2,76.0,34.0
11.5,6.0,203.0,1.8,2.2,77.0,33.0
7.8,4.5,245.0,2.2,2.3,77.0,33.0
22.2,13.0,270.0,4.9,2.8,77.0,34.0
15.4,10.3,262.0,5.7,3.4,72.0,35.0
12.1,8.5,237.0,6.9,4.3,65.0,36.0
11.4,7.8,214.0,7.6,4.9,59.0,35.0
10.0,6.8,201.0,7.6,4.9,54.0,34.0
7.8,5.5,189.0,7.2,4.6,50.0,33.0
7.3,4.8,177.0,6.8,4.4,47.0,32.0
7.9,5.0,161.0,6.5,4.3,44.0,32.0
8.6,5.3,144.0,6.2,4.2,41.0,33.0
8.8,5.4,132.0,5.9,4.2,39.0,33.0
7.2,4.6,125.0,5.8,4.3,37.0,34.0
5.2,3.6,123.0,5.8,4.4,36.0,34.0
5.4,3.6,134.0,5.6,4.5,36.0,34.0
8.3,4.8,173.0,5.3,4.6,36.0,34.0
5.3,4.1,225.0,5.0,4.7,37.0,33.0
5.5,3.8,254.0,4.4,4.6,41.0,33.0
7.9,4.8,238.0,3.5,4.2,50.0,33.0
9.9,6.0,199.0,2.5,3.5,63.0,33.0
11.5,6.8,170.0,1.7,3.0,73.0,34.0
13.3,7.7,163.0,1.3,2.7,81.0,34.0
14.8,8.6,167.0,1.2,2.5,86.0,35.0
15.0,8.6,180.0,1.6,2.4,89.0,35.0
14.0,8.2,208.0,3.1,2.5,88.0,35.0
13.4,7.6,246.0,5.1,2.7,83.0,36.0
16.2,9.0,277.0,6.0,2.7,75.0,37.0
15.6,10.1,299.0,7.1,3.4,70.0,37.0
17.3,11.6,315.0,8.5,4.3,64.0,37.0
20.6,12.9,319.0,9.3,4.8,59.0,37.0
19.7,12.3,306.0,8.6,4.3,59.0,38.0
13.8,9.2,280.0,7.3,3.4,60.0,39.0
8.1,5.8,251.0,6.4,2.7,59.0,39.0
5.0,3.9,217.0,6.6,2.6,53.0,39.0
4.2,3.5,180.0,7.3,2.7,46.0,39.0
3.6,3.1,154.0,7.7,2.8,40.0,38.0
3.4,2.9,142.0,7.4,2.9,39.0,38.0
3.4,3.0,141.0,6.9,2.9,40.0,37.0
3.8,3.2,160.0,7.1,4.0,34.0,37.0
3.8,3.5,221.0,6.5,4.1,35.0,37.0
4.5,3.8,302.0,5.7,4.1,36.0,37.0
5.9,4.1,345.0,4.8,4.1,39.0,37.0
10.2,5.3,313.0,3.8,3.9,46.0,37.0
16.1,7.5,243.0,2.8,3.6,56.0,38.0
19.5,9.1,193.0,2.1,3.3,65.0,38.0
22.1,10.2,187.0,1.7,3.1,72.0,39.0
25.9,11.7,202.0,1.5,3.0,78.0,39.0
28.3,12.7,223.0,1.8,3.0,82.0,40.0
30.5,13.5,228.0,2.4,3.0,85.0,42.0
33.1,14.2,240.0,3.4,3.0,86.0,43.0
45.3,20.4,316.0,4.4,3.0,86.0,46.0
44.0,22.6,549.0,8.4,4.0,77.0,49.0
43.8,24.6,847.0,13.8,5.3,64.0,51.0
43.2,25.8,989.0,17.3,6.2,55.0,52.0
41.6,25.4,826.0,17.2,6.4,52.0,53.0
38.4,23.6,506.0,15.1,6.2,52.0,54.0
34.2,21.0,258.0,13.0,5.9,51.0,55.0
31.1,18.9,177.0,11.3,5.6,49.0,56.0
29.0,18.0,166.0,9.6,5.3,47.0,57.0
27.0,17.2,164.0,8.4,5.0,44.0,58.0
25.3,15.9,148.0,8.0,4.9,40.0,59.0
23.7,14.5,141.0,8.0,4.9,36.0,60.0
21.1,13.2,147.0,7.7,4.9,34.0,61.0
19.6,11.8,177.0,7.0,4.9,35.0,62.0
21.5,12.2,220.0,6.1,4.9,38.0,62.0
23.7,12.5,245.0,5.1,4.8,43.0,63.0
27.2,13.1,234.0,4.0,4.3,53.0,64.0
32.2,14.3,204.0,2.8,3.7,65.0,64.0
37.1,15.3,183.0,2.0,3.2,75.0,65.0
41.1,16.1,179.0,1.6,3.0,80.0,65.0
44.5,16.9,183.0,1.6,2.9,82.0,66.0
50.3,17.9,192.0,2.3,2.9,82.0,66.0
48.8,18.1,206.0,3.9,3.0,80.0,66.0
48.8,18.6,226.0,6.1,3.3,75.0,67.0
53.8,23.2,246.0,6.8,3.4,77.0,67.0
50.8,24.7,270.0,11.3,4.3,68.0,67.0
50.6,27.2,295.0,17.5,5.6,55.0,67.0
52.6,29.0,310.0,21.7,6.5,45.0,68.0
54.5,29.9,309.0,22.0,6.6,42.0,68.0
56.2,30.4,298.0,20.2,6.4,42.0,68.0
55.8,29.4,281.0,18.2,6.2,42.0,69.0
53.6,27.9,259.0,16.2,6.2,42.0,70.0
47.1,25.8,231.0,13.9,6.1,43.0,70.0
34.5,21.1,205.0,12.0,6.0,42.0,71.0
24.3,16.1,177.0,10.8,5.6,39.0,71.0
19.4,13.0,151.0,9.9,5.2,34.0,71.0
16.4,10.3,143.0,8.0,4.6,33.0,70.0
17.2,10.1,170.0,7.4,4.6,34.0,70.0
19.6,10.4,215.0,6.4,4.6,35.0,70.0
20.9,10.4,242.0,5.4,4.4,40.0,70.0
22.8,10.7,232.0,4.1,3.9,51.0,70.0
26.8,11.5,204.0,2.8,3.3,65.0,69.0
31.5,12.5,183.0,1.8,2.8,76.0,69.0
36.7,13.6,176.0,1.4,2.5,83.0,69.0
44.1,15.4,175.0,1.3,2.4,87.0,69.0
49.2,16.9,180.0,1.8,2.4,89.0,69.0
49.7,17.7,187.0,3.0,2.5,88.0,69.0
51.5,18.4,200.0,4.7,2.6,83.0,69.0
52.3,21.5,224.0,8.8,3.2,71.0,69.0
48.2,22.2,270.0,11.6,3.9,64.0,69.0
46.1,23.1,327.0,15.5,4.9,55.0,68.0
45.1,23.6,371.0,17.7,5.5,48.0,68.0
43.3,22.9,400.0,16.8,5.5,46.0,67.0
40.3,21.5,417.0,14.4,5.2,46.0,67.0
35.6,19.1,400.0,12.0,4.9,46.0,66.0
31.2,16.9,322.0,10.2,4.6,45.0,65.0
28.2,15.5,211.0,8.4,4.3,43.0,64.0
26.0,14.4,131.0,7.2,4.1,41.0,63.0
24.9,13.5,112.0,7.0,4.1,39.0,63.0
24.3,12.9,125.0,7.3,4.2,37.0,63.0
23.3,12.3,141.0,6.9,4.2,36.0,63.0
23.7,12.3,156.0,6.3,4.4,37.0,64.0
25.4,12.6,176.0,5.4,4.7,39.0,64.0
26.5,12.6,186.0,4.5,4.7,44.0,64.0
28.9,13.1,178.0,3.5,4.3,54.0,64.0
33.1,13.9,161.0,2.4,3.8,67.0,64.0
36.8,14.8,148.0,1.6,3.3,77.0,65.0
39.7,15.7,145.0,1.2,3.0,83.0,65.0
41.6,16.4,146.0,1.1,2.8,87.0,65.0
43.1,17.0,150.0,1.3,2.7,89.0,65.0
43.1,17.3,151.0,1.6,2.5,89.0,65.0
42.0,17.1,154.0,2.2,2.4,87.0,65.0
52.2,22.2,172.0,3.4,2.7,85.0,65.0
43.7,21.8,224.0,6.3,3.5,76.0,65.0
41.1,22.8,290.0,10.2,4.6,65.0,65.0
39.9,23.6,323.0,12.6,5.4,56.0,65.0
37.5,22.8,293.0,12.1,5.5,54.0,65.0
33.8,20.7,229.0,10.1,5.2,54.0,65.0
30.2,18.2,177.0,8.3,4.9,54.0,64.0
29.0,16.9,152.0,7.2,4.5,51.0,64.0
29.0,16.5,138.0,6.2,4.1,48.0,65.0
28.3,15.9,130.0,5.6,3.8,44.0,65.0
27.1,15.0,123.0,5.6,3.8,40.0,65.0
25.7,13.8,122.0,5.9,3.9,37.0,65.0
23.3,12.4,132.0,6.0,4.1,36.0,65.0
22.2,11.5,165.0,5.7,4.3,37.0,65.0
22.3,11.3,208.0,5.3,4.6,39.0,65.0
24.2,11.5,234.0,4.7,4.7,44.0,65.0
27.6,12.5,224.0,3.7,4.3,55.0,65.0
28.6,13.1,196.0,2.5,3.8,69.0,65.0
27.2,12.9,175.0,1.7,3.3,81.0,64.0
25.4,12.4,171.0,1.4,3.1,88.0,64.0
23.7,12.0,174.0,1.3,3.0,94.0,64.0
22.3,11.7,182.0,1.6,2.9,97.0,63.0
20.7,11.4,193.0,2.1,2.8,99.0,63.0
19.2,11.2,209.0,2.8,2.7,100.0,62.0
7.0,6.0,231.0,4.4,3.0,94.0,61.0
6.3,5.9,269.0,6.8,3.6,86.0,60.0
8.5,8.1,313.0,10.0,4.4,75.0,59.0
10.6,9.9,342.0,12.1,5.0,67.0,58.0
12.0,10.7,349.0,12.1,5.2,64.0,57.0
13.7,11.4,340.0,11.1,5.2,62.0,56.0
15.1,11.8,315.0,9.9,5.1,61.0,55.0
16.2,12.3,260.0,8.9,4.9,59.0,55.0
17.2,12.8,190.0,7.8,4.6,56.0,55.0
17.9,13.2,141.0,7.0,4.4,53.0,55.0
18.7,13.6,132.0,6.8,4.3,49.0,55.0
19.6,13.9,145.0,6.9,4.2,46.0,55.0
20.1,14.3,168.0,7.2,4.3,45.0,55.0
21.2,14.8,208.0,7.1,4.4,45.0,55.0
22.2,15.4,258.0,6.9,4.6,45.0,55.0
22.4,15.1,286.0,6.4,4.6,49.0,56.0
22.2,14.9,269.0,5.1,4.4,61.0,56.0
22.3,14.7,229.0,3.4,4.1,78.0,56.0
23.1,14.8,199.0,2.2,3.8,92.0,56.0
24.0,15.0,192.0,1.8,3.6,101.0,56.0
24.8,15.3,196.0,1.8,3.3,107.0,56.0
25.3,15.4,207.0,2.2,3.2,109.0,57.0
25.9,15.7,224.0,2.9,3.1,107.0,57.0
26.6,16.1,248.0,4.0,3.2,102.0,57.0
43.8,25.8,277.0,6.1,3.7,89.0,59.0
43.0,26.6,311.0,9.6,4.5,79.0,61.0
43.5,28.9,351.0,14.5,5.6,65.0,62.0
45.3,31.1,393.0,18.0,6.4,54.0,64.0
45.8,31.9,456.0,19.1,6.8,49.0,66.0
45.9,32.0,523.0,18.9,6.9,48.0,67.0
45.2,30.9,536.0,18.2,6.9,47.0,69.0
43.0,29.0,450.0,16.9,7.0,47.0,70.0
39.8,27.2,311.0,15.2,7.0,49.0,71.0
33.2,24.0,204.0,13.5,6.8,49.0,72.0
26.3,20.3,163.0,12.3,6.4,47.0,73.0
22.6,17.9,155.0,11.2,5.8,44.0,73.0
21.0,15.9,164.0,8.7,5.1,45.0,73.0
22.6,16.5,197.0,8.1,5.2,47.0,73.0
25.8,17.6,247.0,7.3,5.4,49.0,73.0
31.9,18.7,276.0,6.2,5.4,55.0,74.0
39.3,20.2,261.0,4.8,5.0,66.0,74.0
47.6,21.9,225.0,3.2,4.4,80.0,75.0
53.8,23.5,197.0,2.0,3.9,91.0,75.0
56.5,24.0,189.0,1.5,3.5,96.0,76.0
54.6,23.2,190.0,1.5,3.1,99.0,77.0
50.8,21.8,196.0,1.8,2.9,99.0,77.0
44.7,19.7,210.0,2.5,2.7,97.0,77.0
40.9,18.1,229.0,3.4,2.7,93.0,78.0
30.2,14.5,245.0,5.2,2.7,84.0,77.0
29.5,15.8,254.0,7.4,3.3,77.0,76.0
31.3,17.8,259.0,10.3,4.2,67.0,75.0
34.2,19.7,262.0,12.2,4.9,59.0,74.0
36.0,21.0,267.0,12.1,5.2,56.0,73.0
34.6,20.4,269.0,11.0,5.3,56.0,72.0
29.8,18.3,262.0,9.9,5.2,56.0,71.0
24.9,15.8,236.0,9.0,5.0,57.0,70.0
22.4,14.1,201.0,8.0,4.6,58.0,69.0
21.5,13.0,174.0,7.4,4.4,58.0,68.0
21.7,13.0,160.0,7.6,4.6,55.0,68.0
21.4,13.0,155.0,8.1,5.0,51.0,67.0
20.3,12.8,165.0,8.0,4.8,44.0,67.0
17.5,11.9,206.0,7.4,4.8,45.0,67.0
16.1,11.2,261.0,6.4,4.7,47.0,66.0
16.1,10.4,292.0,5.4,4.5,52.0,66.0
20.4,11.1,272.0,4.1,4.1,63.0,65.0
25.4,12.2,228.0,2.8,3.6,77.0,64.0
29.8,13.4,195.0,1.8,3.2,88.0,63.0
30.9,13.6,188.0,1.3,3.0,95.0,63.0
37.3,16.4,194.0,1.2,2.9,100.0,62.0
33.6,14.8,207.0,2.0,2.9,100.0,61.0
34.8,14.8,229.0,3.7,2.8,93.0,61.0
44.9,20.0,259.0,6.2,2.9,82.0,61.0
42.5,20.5,286.0,12.4,3.8,66.0,62.0
41.3,21.8,308.0,15.9,5.0,60.0,62.0
43.9,24.2,327.0,20.7,6.6,52.0,63.0
46.6,26.8,337.0,24.3,7.7,45.0,63.0
51.8,30.0,334.0,25.9,8.0,41.0,64.0
54.2,31.1,322.0,26.2,7.8,39.0,65.0
52.3,29.6,301.0,24.9,7.4,39.0,66.0
46.2,26.1,264.0,20.8,6.9,41.0,66.0
38.9,22.9,219.0,15.1,6.1,44.0,67.0
32.8,19.9,186.0,10.8,5.6,46.0,68.0
27.4,17.2,168.0,9.1,5.3,45.0,68.0
26.6,16.5,162.0,8.8,5.3,43.0,68.0
29.5,18.0,181.0,9.0,4.6,41.0,69.0
24.6,15.8,251.0,10.4,5.2,37.0,69.0
20.9,14.8,347.0,12.2,5.9,32.0,69.0
20.5,14.2,406.0,12.6,6.3,33.0,70.0
20.1,13.4,391.0,10.2,6.0,44.0,70.0
20.1,13.1,339.0,6.5,5.4,60.0,70.0
23.2,13.9,295.0,3.7,4.9,72.0,70.0
23.6,13.8,269.0,2.8,4.5,77.0,70.0
29.9,16.1,251.0,2.8,4.2,78.0,70.0
25.3,14.6,256.0,3.4,4.1,78.0,70.0
24.7,14.4,295.0,4.6,4.1,76.0,70.0
25.4,14.7,357.0,6.4,4.3,73.0,69.0
32.5,18.5,419.0,8.8,4.5,72.0,69.0
35.4,20.7,495.0,14.0,5.2,62.0,69.0
37.6,24.4,571.0,20.9,6.1,47.0,69.0
36.9,24.9,589.0,24.5,6.5,38.0,69.0
32.4,21.1,498.0,21.7,6.0,39.0,68.0
26.3,16.5,349.0,15.7,5.0,45.0,67.0
20.6,13.2,233.0,10.8,4.2,49.0,66.0
15.8,10.4,191.0,8.9,3.7,49.0,65.0
12.2,8.2,183.0,8.1,3.4,48.0,64.0
9.7,6.8,180.0,7.7,3.3,47.0,63.0
8.7,6.2,170.0,7.3,3.3,46.0,62.0
8.5,6.1,166.0,7.1,3.5,46.0,61.0
7.2,5.2,175.0,6.9,3.5,47.0,60.0
9.0,6.4,212.0,8.1,4.0,43.0,59.0
12.4,8.2,264.0,9.7,4.6,37.0,59.0
15.7,9.8,294.0,10.4,5.0,34.0,58.0
16.8,10.1,282.0,9.2,5.0,37.0,58.0
16.3,10.1,250.0,7.1,4.8,43.0,58.0
16.5,9.9,225.0,5.7,4.6,49.0,57.0
15.8,9.8,218.0,5.5,4.4,54.0,57.0
15.1,10.1,220.0,5.9,4.2,59.0,57.0
15.1,10.3,229.0,6.8,4.0,62.0,56.0
14.1,9.6,247.0,8.4,3.8,61.0,56.0
15.3,10.2,273.0,10.4,3.6,57.0,56.0
14.0,9.8,304.0,14.0,2.9,51.0,55.0
13.5,10.0,349.0,14.2,3.3,48.0,54.0
12.6,9.7,398.0,14.4,3.9,44.0,53.0
12.2,9.2,418.0,14.3,4.4,41.0,52.0
13.1,9.3,388.0,13.6,4.8,41.0,51.0
14.1,10.0,330.0,12.6,5.2,41.0,50.0
13.5,9.8,276.0,11.6,5.4,42.0,50.0
10.9,8.3,236.0,10.5,5.2,42.0,49.0
7.9,6.5,201.0,9.4,4.8,42.0,49.0
5.7,4.9,176.0,8.6,4.4,42.0,48.0
4.4,3.9,165.0,8.3,4.2,40.0,48.0
3.8,3.3,164.0,8.2,4.2,38.0,47.0
4.4,3.4,170.0,7.8,3.8,40.0,47.0
4.4,3.5,190.0,6.9,3.8,41.0,46.0
4.3,3.6,217.0,5.7,3.9,43.0,45.0
4.0,3.3,230.0,4.6,3.8,45.0,44.0
5.1,3.3,216.0,3.8,3.4,48.0,42.0
6.8,3.8,188.0,3.1,2.9,53.0,41.0
7.3,4.3,168.0,2.6,2.5,57.0,39.0
8.3,4.7,161.0,2.3,2.4,62.0,38.0
9.6,5.4,161.0,2.1,2.4,68.0,37.0
11.8,6.5,172.0,2.2,2.5,72.0,36.0
13.6,7.3,202.0,2.4,2.5,75.0,36.0
15.1,8.2,242.0,2.8,2.6,77.0,35.0
23.1,12.8,267.0,4.1,2.7,74.0,36.0
22.8,14.3,265.0,6.2,3.5,68.0,37.0
24.9,16.5,248.0,9.0,4.5,60.0,38.0
26.7,17.2,231.0,10.6,5.1,54.0,40.0
25.7,16.2,218.0,9.8,4.8,51.0,42.0
17.5,11.7,203.0,7.9,4.2,49.0,42.0
11.4,8.1,188.0,6.3,3.6,47.0,42.0
7.7,5.6,168.0,5.8,3.3,44.0,41.0
5.8,4.3,147.0,5.6,3.2,40.0,41.0
4.7,3.6,134.0,5.7,3.2,37.0,40.0
4.5,3.5,131.0,6.0,3.4,34.0,40.0
4.8,3.6,136.0,6.4,3.6,32.0,40.0
5.9,4.1,155.0,6.7,3.7,32.0,41.0
5.9,4.5,203.0,6.5,3.9,32.0,41.0
6.3,4.9,265.0,6.2,4.2,34.0,41.0
5.7,4.4,300.0,5.6,4.2,37.0,41.0
6.0,4.4,281.0,4.5,3.8,45.0,42.0
6.9,4.7,235.0,3.2,3.2,56.0,42.0
8.2,5.0,200.0,2.2,2.7,64.0,42.0
11.4,6.1,187.0,1.8,2.5,67.0,42.0
15.5,7.9,185.0,1.7,2.3,68.0,43.0
12.7,6.3,199.0,2.1,2.3,68.0,43.0
14.1,7.3,245.0,3.0,2.4,69.0,43.0
14.6,7.9,307.0,4.4,2.5,69.0,43.0
11.1,7.5,347.0,5.6,2.6,72.0,42.0
12.4,9.0,344.0,6.0,2.7,69.0,40.0
11.6,8.2,320.0,6.5,2.9,66.0,38.0
10.0,6.9,294.0,7.0,3.1,61.0,36.0
8.5,6.0,275.0,7.3,3.1,55.0,34.0
7.1,5.4,256.0,7.4,3.1,49.0,32.0
6.3,4.8,234.0,7.5,3.2,44.0,31.0
5.4,4.2,205.0,7.4,3.5,41.0,31.0
5.1,3.9,174.0,7.2,3.8,38.0,31.0
5.0,3.9,152.0,7.1,4.1,36.0,31.0
5.2,4.0,137.0,7.1,4.3,34.0,31.0
5.5,4.2,131.0,7.2,4.4,33.0,31.0
6.4,4.0,155.0,6.5,3.9,34.0,31.0
8.3,5.4,240.0,7.4,4.2,33.0,32.0
10.4,7.1,356.0,8.6,4.6,32.0,32.0
14.2,8.6,428.0,9.0,4.8,33.0,33.0
15.3,9.8,409.0,7.8,4.7,38.0,34.0
15.8,9.6,348.0,5.8,4.4,45.0,35.0
16.1,9.3,313.0,4.6,4.2,51.0,36.0
17.1,10.2,330.0,4.8,4.3,56.0,37.0
19.2,11.4,374.0,5.7,4.6,60.0,38.0
19.6,12.1,441.0,7.1,4.8,62.0,40.0
19.7,12.7,567.0,9.5,4.8,60.0,41.0
20.7,13.5,715.0,12.4,4.8,57.0,42.0
25.6,14.2,776.0,9.3,5.1,61.0,44.0
23.1,14.0,669.0,9.8,4.8,58.0,45.0
19.6,12.3,475.0,10.3,4.3,54.0,46.0
17.8,11.6,321.0,10.6,4.0,50.0,47.0
14.1,9.8,265.0,10.2,3.9,46.0,48.0
10.8,7.9,249.0,9.5,3.9,43.0,48.0
8.5,6.4,232.0,8.8,3.9,40.0,49.0
6.6,5.0,196.0,8.3,3.9,38.0,49.0
5.4,4.2,160.0,7.8,3.8,36.0,49.0
4.8,3.7,135.0,7.4,3.8,34.0,49.0
4.9,3.6,122.0,7.2,3.8,33.0,49.0
5.7,3.8,121.0,7.1,3.7,32.0,49.0
5.7,3.8,143.0,6.8,3.5,31.0,49.0
5.4,3.9,212.0,7.1,3.8,30.0,48.0
5.7,4.5,305.0,7.5,4.2,30.0,48.0
6.4,4.9,356.0,7.5,4.5,31.0,47.0
7.5,5.7,324.0,6.8,4.6,35.0,46.0
8.2,5.6,250.0,5.8,4.5,41.0,45.0
10.0,6.6,203.0,5.0,4.4,46.0,44.0
11.6,7.4,202.0,4.7,4.3,51.0,44.0
11.7,7.7,227.0,4.6,4.2,56.0,43.0
11.4,7.5,282.0,5.1,4.2,59.0,42.0
11.4,7.9,405.0,6.4,4.4,60.0,41.0
12.5,8.7,560.0,8.2,4.7,59.0,40.0
13.0,8.8,637.0,10.7,3.5,48.0,38.0
12.1,8.9,567.0,11.0,4.4,46.0,37.0
12.0,8.6,420.0,11.5,5.6,43.0,36.0
11.8,8.4,302.0,11.6,6.3,40.0,35.0
10.9,7.8,260.0,11.1,6.1,38.0,35.0
11.4,7.7,248.0,10.3,5.4,36.0,35.0
12.2,7.7,232.0,9.6,4.9,34.0,35.0
11.1,7.1,197.0,9.2,4.9,33.0,36.0
9.3,6.3,158.0,9.0,5.0,32.0,36.0
7.9,5.8,132.0,8.8,5.1,31.0,37.0
7.0,5.3,122.0,8.7,5.1,30.0,37.0
6.5,4.9,125.0,8.7,5.1,29.0,37.0
5.9,4.2,145.0,8.4,5.3,29.0,37.0
7.4,4.7,200.0,7.9,5.2,30.0,38.0
10.7,6.2,272.0,7.1,5.1,33.0,38.0
12.7,7.2,313.0,6.1,4.9,37.0,39.0
15.8,8.2,291.0,4.8,4.5,45.0,39.0
21.8,10.0,238.0,3.3,4.0,55.0,40.0
24.0,11.0,198.0,2.3,3.6,64.0,41.0
26.0,11.5,182.0,1.9,3.5,70.0,42.0
26.4,11.7,178.0,1.9,3.6,74.0,43.0
26.3,11.8,196.0,2.2,3.6,76.0,44.0
31.7,14.0,255.0,3.1,3.2,74.0,45.0
35.5,17.2,335.0,4.4,2.8,70.0,47.0
46.6,23.3,385.0,5.8,3.1,72.0,50.0
52.7,26.9,381.0,7.0,3.4,68.0,52.0
51.9,27.9,347.0,8.6,3.9,62.0,53.0
50.1,27.9,309.0,9.6,4.3,57.0,55.0
47.0,26.4,270.0,9.2,4.5,55.0,56.0
44.7,24.3,226.0,8.2,4.5,55.0,58.0
44.8,23.3,190.0,7.3,4.6,54.0,59.0
44.9,23.1,168.0,6.9,4.7,51.0,60.0
43.2,23.0,155.0,6.7,4.7,46.0,61.0
37.5,21.0,146.0,6.5,4.7,43.0,63.0
29.9,17.6,140.0,6.3,4.5,41.0,63.0
23.6,14.6,139.0,6.1,4.3,39.0,64.0
21.2,12.6,146.0,5.2,3.8,41.0,65.0
20.1,12.0,169.0,5.6,4.1,40.0,65.0
18.3,11.5,200.0,6.1,4.5,39.0,66.0
18.2,11.3,217.0,6.0,4.7,41.0,66.0
14.0,8.9,207.0,4.9,4.4,48.0,66.0
12.0,7.6,184.0,3.3,3.9,58.0,66.0
11.9,7.1,168.0,2.1,3.4,66.0,66.0
16.1,8.1,166.0,1.6,3.0,71.0,65.0
24.8,10.7,172.0,1.5,2.6,75.0,65.0
29.8,12.9,190.0,1.7,2.4,78.0,66.0
31.0,13.9,233.0,2.3,2.4,80.0,65.0
31.4,14.7,289.0,3.3,2.5,80.0,65.0
55.6,24.9,324.0,4.5,3.5,73.0,65.0
45.5,24.0,322.0,6.4,4.5,67.0,65.0
42.8,23.7,300.0,9.0,5.8,59.0,65.0
36.8,21.3,274.0,10.8,6.7,52.0,64.0
28.2,17.2,250.0,11.0,6.8,48.0,64.0
21.2,13.6,222.0,10.5,6.4,45.0,63.0
16.2,10.9,196.0,9.7,5.9,42.0,62.0
12.9,8.8,169.0,8.8,5.3,39.0,61.0
11.6,8.0,143.0,7.8,4.6,37.0,60.0
11.4,7.7,126.0,7.1,4.1,35.0,58.0
11.1,7.4,122.0,7.0,4.0,32.0,58.0
10.4,7.0,128.0,7.3,4.1,30.0,57.0
9.6,6.7,143.0,8.1,5.0,28.0,57.0
9.8,6.8,174.0,7.4,4.9,29.0,56.0
10.6,7.6,213.0,6.3,4.8,32.0,56.0
12.2,8.0,236.0,5.2,4.5,36.0,56.0
13.6,8.1,228.0,4.0,4.0,43.0,56.0
15.8,8.9,204.0,2.8,3.4,53.0,56.0
16.8,9.0,187.0,2.0,2.9,61.0,56.0
17.3,9.0,179.0,1.6,2.7,67.0,56.0
18.0,9.3,177.0,1.5,2.7,72.0,56.0
17.4,9.0,198.0,1.9,2.7,75.0,55.0
16.4,8.6,266.0,2.8,2.8,78.0,55.0
15.4,8.3,357.0,4.1,2.9,79.0,55.0
32.5,15.0,412.0,4.5,2.8,73.0,54.0
28.1,16.1,395.0,8.7,3.7,66.0,53.0
28.7,18.0,342.0,14.5,4.9,56.0,53.0
30.3,19.6,303.0,18.0,5.9,49.0,53.0
33.4,20.2,305.0,17.3,6.4,48.0,53.0
34.0,19.6,320.0,14.4,6.5,50.0,53.0
31.1,17.8,318.0,11.8,6.4,50.0,54.0
26.2,15.1,277.0,10.1,5.7,47.0,54.0
22.4,13.4,218.0,8.7,4.7,44.0,55.0
17.4,10.9,173.0,7.6,4.0,40.0,55.0
14.3,9.1,152.0,7.0,3.8,36.0,55.0
12.6,7.8,145.0,6.7,3.8,32.0,55.0
11.1,6.9,148.0,6.8,3.9,30.0,55.0
11.0,6.6,170.0,6.0,4.0,33.0,55.0
12.3,7.2,203.0,4.8,4.1,37.0,55.0
14.5,7.7,220.0,3.7,4.0,42.0,55.0
14.4,7.7,204.0,2.8,3.6,50.0,55.0
14.4,7.5,172.0,1.9,3.1,61.0,55.0
16.1,7.8,155.0,1.4,2.7,68.0,55.0
18.7,8.1,166.0,1.3,2.5,71.0,55.0
17.3,8.1,191.0,1.4,2.4,71.0,55.0
14.6,7.4,217.0,1.9,2.4,71.0,55.0
13.1,7.2,240.0,2.7,2.4,71.0,54.0
15.0,7.8,263.0,3.8,2.5,69.0,54.0
13.0,8.5,284.0,6.8,3.1,62.0,54.0
15.0,10.1,308.0,7.7,3.6,60.0,53.0
17.2,11.6,329.0,8.9,4.3,58.0,53.0
20.1,12.9,329.0,9.5,4.8,56.0,52.0
21.2,13.1,292.0,8.9,4.9,56.0,52.0
23.5,13.7,234.0,7.7,4.7,57.0,51.0
23.1,13.3,187.0,6.7,4.5,57.0,51.0
19.0,11.1,163.0,6.0,4.2,55.0,51.0
15.9,9.2,150.0,5.5,3.7,52.0,50.0
15.1,8.7,141.0,5.3,3.5,48.0,50.0
14.3,8.6,129.0,5.5,3.5,43.0,50.0
13.4,8.3,121.0,5.9,3.8,37.0,50.0
10.9,6.5,134.0,5.3,3.5,37.0,50.0
8.8,5.5,187.0,6.3,3.8,35.0,50.0
8.3,5.8,262.0,7.5,4.3,32.0,50.0
8.6,6.5,314.0,8.0,4.5,33.0,50.0
7.8,6.0,324.0,6.9,4.3,40.0,49.0
7.9,5.3,312.0,5.0,4.0,51.0,49.0
11.6,6.5,296.0,3.5,3.6,61.0,49.0
10.7,6.1,275.0,2.6,3.3,70.0,48.0
13.1,6.6,250.0,2.0,3.0,78.0,48.0
19.1,8.5,245.0,2.2,2.8,83.0,48.0
23.4,10.5,280.0,3.8,2.7,82.0,49.0
25.8,11.1,335.0,6.3,2.7,77.0,50.0
32.7,17.4,372.0,5.1,3.5,84.0,51.0
32.8,18.5,373.0,7.4,4.0,77.0,51.0
33.1,19.4,355.0,10.6,4.6,68.0,52.0
32.5,19.7,334.0,12.7,5.1,60.0,52.0
31.3,19.5,314.0,13.0,5.4,55.0,53.0
29.6,18.7,291.0,12.3,5.6,53.0,53.0
25.8,16.4,263.0,11.1,5.5,51.0,53.0
20.8,12.7,223.0,9.2,4.7,52.0,54.0
16.5,9.7,179.0,6.9,3.4,54.0,54.0
13.2,7.8,149.0,5.4,2.7,54.0,54.0
10.3,6.7,140.0,5.4,2.9,49.0,53.0
8.8,6.0,146.0,6.3,3.5,42.0,53.0
3.8,2.6,163.0,5.0,2.5,45.0,53.0
4.8,3.0,201.0,5.4,2.9,43.0,53.0
7.0,4.3,251.0,5.8,3.4,41.0,53.0
8.9,5.2,278.0,5.8,3.7,41.0,53.0
9.9,5.4,258.0,4.9,3.6,47.0,52.0
11.5,6.1,215.0,3.5,3.3,55.0,53.0
10.8,5.8,192.0,2.6,3.0,62.0,52.0
8.4,4.9,208.0,2.2,2.9,67.0,52.0
8.6,5.3,243.0,2.3,2.8,71.0,52.0
7.3,5.0,280.0,3.0,2.8,72.0,52.0
6.8,4.7,323.0,5.1,2.7,69.0,52.0
8.7,5.5,368.0,7.9,2.7,64.0,51.0
23.1,12.6,388.0,6.7,2.9,70.0,51.0
22.2,13.6,362.0,7.5,3.3,68.0,50.0
21.9,13.6,312.0,8.5,3.8,65.0,50.0
19.4,12.3,269.0,9.2,4.2,61.0,48.0
16.3,10.8,249.0,9.2,4.4,57.0,46.0
13.8,9.3,238.0,8.8,4.4,53.0,44.0
11.6,8.1,224.0,8.4,4.4,49.0,42.0
10.0,7.1,201.0,8.1,4.4,45.0,41.0
9.4,6.5,177.0,7.8,4.3,41.0,40.0
9.3,6.2,158.0,7.5,4.2,38.0,39.0
9.7,6.1,142.0,7.3,4.2,35.0,39.0
9.7,5.9,133.0,7.1,4.2,32.0,39.0
7.5,4.6,149.0,6.2,3.2,35.0,40.0
8.0,5.0,215.0,7.1,3.5,33.0,40.0
8.0,5.5,306.0,8.4,3.9,32.0,41.0
8.0,5.8,367.0,9.1,4.2,31.0,41.0
9.0,6.5,370.0,8.8,4.3,33.0,41.0
9.5,6.5,343.0,7.9,4.2,36.0,41.0
10.5,7.0,316.0,7.3,4.1,40.0,41.0
10.7,7.5,295.0,7.0,3.9,45.0,42.0
11.8,8.2,274.0,6.9,3.7,51.0,43.0
12.9,8.8,269.0,7.2,3.6,54.0,43.0
14.1,8.6,298.0,8.3,3.6,53.0,44.0
13.5,8.6,342.0,9.8,3.8,50.0,45.0
15.8,10.2,363.0,12.7,3.7,49.0,45.0
13.4,9.1,338.0,11.5,3.5,51.0,43.0
13.5,8.8,291.0,9.8,3.2,53.0,42.0
13.2,8.3,251.0,8.6,3.1,53.0,41.0
12.3,7.8,232.0,8.4,3.2,50.0,41.0
11.5,7.5,220.0,8.7,3.3,46.0,40.0
11.1,7.3,208.0,8.8,3.5,42.0,40.0
11.8,7.4,190.0,8.4,3.7,40.0,40.0
12.1,7.5,170.0,7.7,3.8,39.0,40.0
10.7,6.9,156.0,7.1,3.9,38.0,41.0
9.3,6.1,145.0,6.5,3.8,37.0,41.0
7.7,5.2,139.0,6.0,3.7,36.0,40.0
7.4,4.8,150.0,5.4,3.5,38.0,40.0
6.4,4.2,194.0,6.3,3.7,37.0,40.0
6.5,4.4,256.0,7.4,4.0,35.0,40.0
7.7,5.2,299.0,7.8,4.2,36.0,40.0
10.5,6.2,303.0,6.8,4.2,41.0,40.0
12.2,6.8,289.0,5.2,4.0,49.0,40.0
15.7,7.7,278.0,3.9,3.8,55.0,40.0
18.8,9.1,279.0,3.3,3.6,60.0,40.0
20.7,9.5,283.0,3.0,3.4,63.0,41.0
18.9,9.2,293.0,3.3,3.3,65.0,41.0
18.7,9.3,315.0,4.5,3.2,65.0,41.0
15.4,8.6,342.0,6.3,3.2,63.0,41.0
21.1,11.7,352.0,9.5,3.6,52.0,41.0
21.2,11.9,333.0,9.4,3.7,52.0,42.0
18.7,11.3,298.0,9.3,3.9,52.0,43.0
15.1,9.7,264.0,9.1,4.0,51.0,43.0
12.1,8.1,239.0,8.9,4.1,48.0,43.0
10.5,7.3,215.0,8.8,4.3,45.0,43.0
8.8,6.3,193.0,8.5,4.4,42.0,43.0
7.0,5.0,171.0,8.1,4.4,40.0,42.0
5.8,4.2,150.0,7.6,4.4,38.0,41.0
4.6,3.4,136.0,7.1,4.4,36.0,41.0
3.6,2.8,127.0,6.8,4.4,35.0,40.0
3.5,2.6,124.0,6.5,4.4,34.0,39.0
6.5,3.3,139.0,5.3,4.1,37.0,39.0
9.4,4.8,192.0,5.1,4.2,37.0,39.0
11.3,6.2,263.0,4.9,4.3,38.0,39.0
14.1,7.1,301.0,4.4,4.2,42.0,40.0
15.1,7.5,273.0,3.5,3.9,51.0,40.0
14.5,7.3,213.0,2.3,3.4,62.0,40.0
13.4,7.0,173.0,1.6,3.1,71.0,40.0
14.5,7.3,174.0,1.5,2.9,74.0,40.0
12.7,6.6,194.0,1.7,2.9,75.0,39.0
9.5,5.8,223.0,2.5,2.9,74.0,38.0
8.2,5.3,265.0,4.0,2.9,73.0,37.0
7.2,5.4,315.0,5.9,3.1,70.0,37.0
6.4,5.5,352.0,8.4,3.1,63.0,35.0
7.0,6.0,369.0,9.4,3.9,57.0,34.0
9.1,7.1,373.0,10.8,5.0,50.0,33.0
11.3,8.1,359.0,11.7,5.9,44.0,32.0
12.5,8.6,318.0,11.7,6.4,42.0,33.0
11.6,8.0,260.0,11.1,6.7,43.0,33.0
10.2,7.1,211.0,10.4,6.7,43.0,33.0
9.8,6.4,181.0,9.5,6.3,42.0,33.0
9.4,6.1,161.0,8.4,5.7,41.0,34.0
8.6,5.7,148.0,7.7,5.2,39.0,34.0
8.1,5.4,138.0,7.7,5.0,35.0,35.0
7.5,5.0,135.0,8.0,4.9,30.0,35.0
6.7,4.5,147.0,8.8,5.6,26.0,36.0
7.3,5.0,188.0,7.8,5.3,29.0,36.0
8.4,5.5,244.0,6.4,4.9,33.0,35.0
8.4,5.1,277.0,5.1,4.5,39.0,35.0
8.0,4.9,262.0,3.9,4.1,48.0,34.0
7.3,4.4,223.0,2.9,3.6,58.0,34.0
6.3,4.0,196.0,2.1,3.2,66.0,33.0
5.7,3.6,186.0,1.7,2.9,71.0,32.0
5.4,3.6,187.0,1.5,2.7,73.0,32.0
5.5,3.7,216.0,2.0,2.7,75.0,31.0
10.2,5.2,293.0,3.2,2.8,77.0,31.0
18.0,8.3,398.0,5.0,3.1,77.0,32.0
13.9,8.6,486.0,9.1,3.7,69.0,33.0
17.5,11.6,555.0,12.0,4.6,64.0,34.0
22.4,15.1,607.0,15.8,5.8,57.0,36.0
27.6,17.2,607.0,17.7,6.5,52.0,38.0
26.6,15.5,516.0,15.7,6.0,50.0,39.0
20.1,12.8,372.0,11.8,5.0,50.0,40.0
15.1,10.1,254.0,8.7,4.2,49.0,41.0
13.0,8.3,193.0,7.7,4.0,45.0,41.0
13.4,8.0,158.0,7.5,4.0,39.0,42.0
14.3,8.1,137.0,7.4,4.0,35.0,42.0
14.6,7.8,129.0,7.3,4.0,32.0,43.0
14.1,7.4,135.0,7.4,4.0,31.0,44.0
14.5,7.7,150.0,7.0,3.9,31.0,44.0
13.0,7.5,182.0,6.2,4.0,33.0,45.0
12.5,7.5,223.0,5.2,4.1,36.0,45.0
13.0,7.1,244.0,4.1,4.1,41.0,46.0
14.9,7.2,225.0,3.1,3.8,50.0,46.0
21.6,8.9,186.0,2.1,3.3,61.0,47.0
26.2,10.2,159.0,1.4,2.9,70.0,49.0
26.0,10.3,153.0,1.1,2.7,76.0,50.0
23.9,9.8,158.0,1.1,2.6,80.0,51.0
21.9,9.4,177.0,1.4,2.6,83.0,51.0
22.0,9.5,224.0,1.7,2.6,84.0,51.0
23.1,10.0,284.0,2.2,2.6,84.0,52.0
26.1,13.2,320.0,5.3,3.2,77.0,52.0
26.5,14.8,308.0,8.7,4.1,68.0,52.0
29.3,17.8,272.0,13.3,5.3,55.0,52.0
33.5,20.3,243.0,16.0,6.1,46.0,53.0
33.5,20.5,235.0,14.9,5.9,45.0,53.0
30.9,18.2,233.0,11.9,5.2,48.0,53.0
25.5,15.7,225.0,9.4,4.7,49.0,54.0
20.5,13.3,203.0,8.3,4.6,47.0,54.0
16.1,10.9,175.0,7.8,4.6,43.0,54.0
12.2,8.6,154.0,7.4,4.6,40.0,55.0
9.5,6.8,141.0,7.2,4.6,37.0,54.0
8.8,6.1,135.0,7.3,4.5,34.0,54.0
9.3,5.7,148.0,6.6,4.3,34.0,54.0
10.1,6.2,199.0,6.6,4.5,34.0,54.0
11.4,7.2,269.0,6.6,4.8,35.0,54.0
12.3,7.2,308.0,6.1,4.8,39.0,54.0
14.5,7.8,284.0,4.8,4.4,51.0,54.0
18.0,9.0,229.0,3.2,3.9,66.0,54.0
20.3,9.5,190.0,2.0,3.4,77.0,54.0
24.1,10.4,180.0,1.7,3.1,80.0,54.0
29.8,11.4,185.0,1.9,2.8,80.0,54.0
31.9,12.6,209.0,2.6,2.7,78.0,54.0
30.3,12.6,259.0,3.9,2.6,76.0,55.0
24.6,11.5,327.0,5.7,2.7,72.0,55.0
19.8,11.1,395.0,6.7,3.3,81.0,55.0
17.4,11.2,473.0,7.9,3.5,75.0,54.0
15.4,10.4,550.0,9.5,3.8,67.0,54.0
15.7,11.1,575.0,10.5,4.0,60.0,53.0
15.9,11.4,506.0,10.2,3.9,57.0,52.0
13.8,9.8,386.0,9.4,3.8,56.0,52.0
12.6,9.0,286.0,8.6,3.7,54.0,51.0
11.6,8.3,234.0,8.2,3.9,51.0,51.0
10.9,7.7,204.0,8.0,4.2,48.0,51.0
10.0,7.1,185.0,7.9,4.5,45.0,50.0
9.0,6.5,168.0,8.0,4.7,41.0,50.0
8.0,5.7,162.0,8.1,4.8,37.0,50.0
10.2,7.1,190.0,7.8,3.9,39.0,50.0
10.7,7.5,292.0,8.5,3.9,36.0,51.0
11.3,8.2,427.0,9.5,4.0,33.0,51.0
11.8,7.7,499.0,9.6,4.1,34.0,51.0
12.2,8.7,445.0,8.2,4.3,44.0,51.0
12.3,9.1,328.0,6.1,4.6,58.0,51.0
12.0,8.0,240.0,4.3,4.6,69.0,51.0
14.1,8.4,215.0,3.2,4.2,76.0,50.0
16.8,8.8,218.0,2.5,3.6,80.0,50.0
20.0,10.0,237.0,2.7,3.3,81.0,50.0
21.7,11.1,258.0,3.9,3.3,79.0,50.0
21.5,11.6,295.0,6.1,3.6,75.0,50.0
20.7,12.3,377.0,8.6,4.0,69.0,50.0
21.5,14.8,568.0,13.4,5.1,60.0,50.0
23.3,17.1,805.0,19.8,6.5,48.0,51.0
24.6,18.3,920.0,23.8,7.4,39.0,51.0
25.6,18.6,806.0,23.0,7.3,38.0,52.0
26.0,18.4,572.0,19.7,6.6,41.0,53.0
25.1,17.0,375.0,16.4,6.0,43.0,53.0
23.3,15.2,274.0,13.8,5.7,44.0,54.0
19.3,12.8,210.0,11.3,5.4,44.0,54.0
13.9,9.6,171.0,9.4,5.1,43.0,54.0
10.1,7.2,152.0,8.5,4.8,41.0,54.0
8.3,6.1,158.0,8.2,4.6,37.0,55.0
10.8,8.2,187.0,9.2,5.2,33.0,55.0
10.1,7.9,261.0,9.1,5.5,33.0,55.0
11.3,8.8,357.0,8.9,5.9,34.0,55.0
11.7,8.8,409.0,8.1,5.9,38.0,55.0
12.5,8.2,372.0,6.2,5.2,50.0,55.0
12.6,7.8,290.0,3.8,4.2,67.0,55.0
10.8,6.7,228.0,2.2,3.3,78.0,55.0
8.0,5.1,205.0,1.7,2.8,80.0,54.0
5.9,4.1,201.0,1.8,2.4,77.0,54.0
5.6,4.5,227.0,3.0,2.3,73.0,53.0
5.7,4.9,310.0,5.9,2.5,68.0,53.0
6.2,5.4,423.0,9.7,3.0,62.0,52.0
10.8,7.2,487.0,8.0,3.5,78.0,52.0
12.9,9.7,456.0,11.1,4.0,71.0,52.0
16.2,12.8,378.0,15.4,4.7,61.0,51.0
16.7,12.5,314.0,17.7,5.1,53.0,51.0
15.2,11.1,293.0,16.3,5.0,51.0,50.0
13.6,10.3,287.0,13.1,4.6,51.0,49.0
12.0,9.0,275.0,10.3,4.3,50.0,47.0
10.2,7.2,243.0,8.8,4.1,48.0,45.0
9.1,6.4,205.0,7.8,4.1,45.0,44.0
8.8,6.3,178.0,7.3,4.1,42.0,43.0
9.1,6.4,168.0,7.7,4.4,38.0,43.0
9.2,6.6,169.0,8.6,4.8,33.0,43.0
8.6,6.1,185.0,9.3,4.9,30.0,43.0
9.7,7.0,230.0,8.8,5.1,31.0,42.0
11.2,8.0,290.0,8.0,5.3,32.0,42.0
12.7,8.1,321.0,6.9,5.3,37.0,42.0
16.2,8.6,295.0,5.3,4.9,48.0,42.0
19.4,9.8,241.0,3.5,4.3,62.0,43.0
20.4,10.2,202.0,2.2,3.7,72.0,43.0
21.2,10.3,190.0,1.7,3.3,75.0,45.0
21.8,10.3,192.0,1.8,2.9,75.0,46.0
24.8,11.3,219.0,2.7,2.7,73.0,48.0
20.5,10.8,294.0,5.0,2.7,69.0,49.0
17.3,10.1,394.0,8.1,2.7,64.0,50.0
13.0,8.9,454.0,9.3,3.2,65.0,50.0
12.9,9.6,438.0,9.7,3.7,61.0,50.0
12.2,9.6,383.0,10.3,4.4,56.0,50.0
11.7,9.2,330.0,10.5,4.9,51.0,49.0
12.7,9.1,295.0,10.0,4.9,47.0,48.0
15.7,9.8,264.0,9.2,4.7,43.0,48.0
18.3,10.4,234.0,8.4,4.5,41.0,49.0
17.5,9.9,204.0,7.6,4.2,41.0,49.0
14.0,8.3,176.0,6.7,3.8,43.0,50.0
12.0,7.4,156.0,6.2,3.6,43.0,50.0
12.3,7.7,143.0,6.3,3.7,41.0,50.0
12.2,7.7,139.0,6.7,3.9,38.0,50.0
10.0,6.3,151.0,7.1,4.1,36.0,50.0
9.9,6.6,196.0,6.8,4.4,37.0,50.0
10.3,7.1,258.0,6.4,4.7,38.0,50.0
12.1,7.5,293.0,5.7,4.8,43.0,50.0
15.1,8.6,274.0,4.6,4.5,54.0,50.0
21.1,10.8,230.0,3.2,4.0,68.0,50.0
26.0,12.7,199.0,2.2,3.6,80.0,50.0
27.9,13.7,193.0,1.6,3.4,88.0,51.0
28.9,14.1,201.0,1.3,3.3,93.0,51.0
28.2,14.1,232.0,2.2,3.4,94.0,51.0
32.5,15.8,300.0,5.1,3.7,89.0,51.0
30.4,15.5,389.0,9.1,4.0,79.0,52.0
36.2,18.5,465.0,10.6,4.5,69.0,53.0
34.8,19.2,519.0,13.2,5.1,63.0,53.0
36.4,21.2,558.0,16.5,6.0,54.0,54.0
38.6,22.9,569.0,18.2,6.5,49.0,55.0
33.9,21.7,541.0,16.5,6.2,50.0,56.0
27.4,18.0,485.0,13.0,5.5,55.0,57.0
21.7,14.3,420.0,10.1,5.0,59.0,57.0
19.8,12.6,341.0,8.6,4.8,60.0,58.0
20.8,12.6,252.0,7.8,4.7,61.0,58.0
22.6,13.0,188.0,7.3,4.7,59.0,58.0
22.9,13.2,162.0,7.5,4.9,54.0,59.0
21.1,12.7,159.0,8.1,5.3,46.0,59.0
12.3,8.5,172.0,7.0,4.8,38.0,59.0
11.4,8.1,209.0,6.9,4.9,36.0,59.0
12.3,8.5,261.0,6.6,5.1,35.0,60.0
16.8,9.3,290.0,6.0,5.0,37.0,60.0
16.4,9.3,272.0,4.7,4.6,47.0,60.0
17.8,9.8,231.0,3.1,3.9,62.0,60.0
20.6,10.7,201.0,2.0,3.4,74.0,60.0
23.6,11.9,190.0,1.5,3.2,82.0,59.0
26.7,13.1,189.0,1.4,3.1,87.0,59.0
27.5,13.7,211.0,2.0,3.1,89.0,59.0
27.8,14.0,262.0,3.2,3.1,88.0,59.0
33.6,17.1,335.0,5.0,3.3,84.0,59.0
39.2,20.7,417.0,8.6,3.8,76.0,59.0
36.9,22.4,533.0,14.2,4.8,64.0,60.0
38.6,25.1,659.0,21.9,6.3,48.0,60.0
40.3,27.0,707.0,26.4,7.2,37.0,60.0
39.7,26.9,611.0,25.0,7.2,37.0,61.0
37.5,24.8,438.0,20.6,6.7,43.0,61.0
36.0,22.2,294.0,16.5,6.2,47.0,62.0
32.6,19.8,221.0,13.8,5.8,47.0,62.0
28.9,18.2,178.0,11.4,5.5,45.0,63.0
25.0,16.5,153.0,9.8,5.2,43.0,63.0
21.8,15.0,146.0,9.4,5.1,39.0,63.0
19.1,13.6,157.0,9.8,5.0,35.0,63.0
19.3,13.2,170.0,8.8,5.0,36.0,64.0
17.6,12.0,184.0,7.9,5.1,37.0,64.0
17.5,11.6,199.0,6.6,5.3,38.0,64.0
18.9,11.1,206.0,5.3,5.2,42.0,64.0
19.3,11.1,195.0,4.0,4.8,49.0,65.0
23.2,11.8,174.0,2.7,4.2,59.0,65.0
30.0,13.4,160.0,1.8,3.7,67.0,65.0
31.8,13.7,154.0,1.4,3.4,74.0,65.0
33.3,14.3,155.0,1.3,3.2,79.0,65.0
33.2,13.8,168.0,1.6,3.1,82.0,65.0
34.2,14.0,191.0,2.1,3.0,83.0,65.0
33.3,14.1,227.0,3.1,3.1,81.0,65.0
47.8,21.3,289.0,5.3,3.3,72.0,65.0
44.9,22.6,413.0,8.1,4.1,65.0,65.0
43.7,24.3,563.0,11.8,5.1,55.0,65.0
43.8,25.4,644.0,14.4,5.9,47.0,65.0
44.0,25.7,599.0,14.7,6.1,44.0,65.0
43.9,25.9,485.0,13.9,6.1,43.0,65.0
42.0,24.7,380.0,12.9,6.0,43.0,65.0
39.1,22.9,307.0,12.0,6.0,42.0,65.0
36.8,21.8,243.0,10.9,6.1,42.0,66.0
33.9,20.7,195.0,10.1,6.0,41.0,66.0
29.0,18.7,162.0,9.8,5.8,38.0,66.0
23.6,16.0,145.0,9.6,5.5,33.0,66.0
19.7,13.7,150.0,8.9,5.4,34.0,66.0
14.8,11.0,198.0,8.1,5.5,36.0,66.0
13.9,10.0,268.0,6.9,5.5,39.0,66.0
15.2,9.9,307.0,5.6,5.4,45.0,66.0
19.3,10.9,283.0,4.3,4.8,55.0,66.0
25.3,12.5,229.0,2.9,4.1,67.0,66.0
29.0,13.6,189.0,1.9,3.4,76.0,66.0
29.8,13.8,179.0,1.4,3.0,81.0,66.0
29.4,13.7,184.0,1.4,2.6,83.0,66.0
29.3,13.6,201.0,1.9,2.5,83.0,66.0
28.3,13.3,233.0,3.1,2.5,82.0,66.0
26.1,12.6,277.0,4.9,2.7,80.0,66.0
26.0,14.0,322.0,7.2,3.1,77.0,65.0
27.8,17.3,373.0,10.2,3.9,70.0,65.0
27.0,18.5,425.0,14.4,5.0,60.0,64.0
22.8,16.1,447.0,16.9,5.8,53.0,64.0
20.1,14.7,421.0,16.3,5.9,50.0,63.0
18.7,14.0,366.0,14.1,5.7,50.0,62.0
18.0,13.3,310.0,12.3,5.6,49.0,61.0
17.6,12.9,257.0,11.8,5.6,46.0,60.0
16.9,12.4,202.0,11.7,5.7,42.0,60.0
16.6,12.0,167.0,11.7,5.8,39.0,59.0
16.3,11.7,159.0,11.7,5.9,35.0,58.0
16.0,11.3,170.0,11.7,6.1,32.0,58.0
16.0,10.6,193.0,9.1,5.9,36.0,58.0
16.1,10.9,240.0,8.3,5.9,38.0,58.0
18.2,11.6,299.0,7.1,5.8,40.0,58.0
21.5,12.1,328.0,5.9,5.5,45.0,58.0
36.6,16.9,295.0,4.5,4.8,54.0,58.0
34.5,15.5,231.0,3.0,4.0,66.0,59.0
34.5,15.5,186.0,2.0,3.3,76.0,59.0
29.1,13.6,181.0,1.5,2.9,83.0,59.0
24.8,12.0,194.0,1.4,2.8,87.0,59.0
20.5,10.5,213.0,2.0,2.7,89.0,58.0
16.5,9.1,231.0,3.6,2.7,86.0,58.0
14.1,8.0,254.0,5.9,2.9,81.0,58.0
17.5,9.9,284.0,7.7,3.0,74.0,57.0
18.3,12.1,337.0,9.5,3.7,69.0,57.0
17.6,12.7,398.0,11.8,4.7,61.0,57.0
18.0,13.4,424.0,13.2,5.3,56.0,56.0
18.3,13.7,388.0,12.7,5.4,55.0,56.0
16.7,12.6,317.0,11.1,5.1,56.0,56.0
13.9,10.6,253.0,9.6,4.8,55.0,56.0
10.7,8.1,208.0,8.3,4.4,52.0,56.0
8.0,6.2,171.0,7.1,3.9,47.0,55.0
6.4,4.9,147.0,6.3,3.6,43.0,55.0
5.7,4.3,138.0,6.3,3.6,39.0,54.0
5.9,4.2,142.0,6.8,3.9,36.0,53.0
8.0,5.4,164.0,7.6,4.3,32.0,53.0
9.0,6.1,223.0,7.0,4.3,34.0,53.0
11.2,7.2,301.0,6.2,4.4,37.0,52.0
13.1,7.6,342.0,5.3,4.3,42.0,52.0
13.0,7.4,311.0,4.2,4.0,52.0,51.0
12.7,7.3,243.0,3.0,3.5,63.0,51.0
11.9,7.1,195.0,2.2,3.1,72.0,50.0
11.0,6.8,177.0,2.0,2.8,75.0,48.0
11.0,6.4,178.0,2.2,2.5,76.0,47.0
11.8,6.9,218.0,2.9,2.4,75.0,46.0
11.1,7.7,334.0,4.1,2.6,75.0,46.0
11.8,8.0,489.0,5.7,3.0,74.0,46.0
14.0,9.3,589.0,8.6,3.4,67.0,45.0
15.4,11.4,586.0,12.5,4.3,59.0,45.0
18.3,14.1,528.0,17.7,5.5,48.0,46.0
19.2,15.0,462.0,20.5,6.2,41.0,46.0
17.6,13.5,396.0,18.6,6.1,42.0,46.0
14.8,11.5,322.0,14.3,5.5,46.0,46.0
12.3,9.6,260.0,10.7,5.0,49.0,45.0
10.8,8.0,219.0,9.0,4.7,49.0,45.0
10.1,7.2,191.0,8.0,4.5,47.0,46.0
10.0,6.9,174.0,7.6,4.4,45.0,46.0
10.0,7.0,168.0,7.9,4.6,41.0,47.0
10.7,7.5,173.0,8.8,4.9,35.0,47.0
8.7,6.2,187.0,7.9,4.4,36.0,48.0
10.3,7.3,220.0,7.4,4.6,37.0,48.0
13.2,8.9,263.0,6.6,4.8,39.0,48.0
16.8,9.8,285.0,5.7,4.8,43.0,49.0
20.4,10.9,265.0,4.4,4.3,52.0,50.0
21.1,10.9,224.0,3.0,3.5,64.0,50.0
18.7,9.9,195.0,2.0,2.9,74.0,50.0
15.0,8.4,188.0,1.6,2.7,80.0,50.0
12.3,7.4,192.0,1.6,2.6,84.0,51.0
10.2,6.3,209.0,2.4,2.7,84.0,51.0
10.7,6.4,252.0,4.7,2.8,79.0,50.0
11.6,7.3,308.0,7.8,3.0,70.0,50.0
23.1,14.3,342.0,11.3,3.5,63.0,51.0
23.5,16.1,333.0,12.0,4.0,61.0,51.0
23.9,17.1,303.0,13.0,4.7,58.0,51.0
24.2,16.6,282.0,13.2,5.2,55.0,51.0
21.1,14.4,288.0,12.0,5.1,53.0,52.0
18.2,12.6,303.0,10.2,4.8,51.0,52.0
16.9,11.5,305.0,8.8,4.6,48.0,52.0
16.2,11.0,278.0,8.6,4.7,45.0,52.0
14.9,10.4,238.0,8.8,4.9,41.0,52.0
12.8,9.4,204.0,9.1,5.0,37.0,52.0
10.9,8.2,180.0,9.3,5.0,33.0,53.0
9.5,7.2,164.0,9.4,5.0,30.0,53.0
7.6,5.8,163.0,8.1,4.7,31.0,53.0
7.9,6.0,194.0,7.4,4.8,33.0,52.0
8.8,6.6,241.0,6.5,4.9,36.0,52.0
10.9,7.0,268.0,5.4,4.8,41.0,52.0
14.6,8.1,254.0,4.2,4.3,51.0,52.0
16.5,8.9,221.0,2.8,3.5,63.0,52.0
17.1,9.0,195.0,1.9,2.9,73.0,52.0
15.9,8.6,177.0,1.5,2.7,80.0,52.0
13.6,7.9,168.0,1.4,2.6,86.0,52.0
12.4,7.3,195.0,1.9,2.6,88.0,52.0
12.0,6.9,297.0,3.2,2.6,85.0,52.0
11.6,7.2,435.0,5.0,2.6,78.0,52.0
10.6,7.8,523.0,8.4,3.1,69.0,51.0
12.3,9.8,517.0,10.1,3.7,65.0,51.0
14.3,11.6,460.0,12.4,4.5,59.0,50.0
15.9,12.0,403.0,13.7,5.0,54.0,50.0
15.1,11.1,360.0,12.9,4.9,52.0,49.0
14.2,10.4,315.0,11.0,4.4,51.0,49.0
13.9,10.0,274.0,9.5,4.2,50.0,48.0
14.0,9.7,234.0,8.9,4.4,47.0,48.0
14.0,9.5,197.0,8.7,4.8,44.0,48.0
12.8,9.0,170.0,8.5,5.0,41.0,48.0
11.6,8.2,153.0,8.4,5.0,38.0,48.0
11.0,7.6,146.0,8.4,4.8,34.0,48.0
10.9,7.0,155.0,7.1,4.2,35.0,48.0
9.8,6.7,197.0,6.8,4.3,36.0,48.0
8.9,6.7,256.0,6.3,4.4,37.0,48.0
7.7,5.6,287.0,5.6,4.3,41.0,48.0
9.5,6.0,263.0,4.4,3.9,51.0,47.0
8.9,5.6,212.0,2.9,3.4,63.0,47.0
9.9,6.0,175.0,1.9,2.9,73.0,46.0
11.1,6.6,168.0,1.4,2.6,78.0,45.0
11.1,6.6,175.0,1.4,2.4,80.0,45.0
11.4,6.6,192.0,1.8,2.3,81.0,45.0
11.9,6.8,222.0,2.8,2.4,82.0,45.0
12.5,7.5,262.0,4.3,2.6,82.0,45.0
13.0,8.5,301.0,6.2,2.7,78.0,45.0
14.0,10.2,343.0,8.0,3.2,73.0,45.0
15.0,11.3,385.0,10.4,3.8,66.0,45.0
16.2,11.7,401.0,11.7,4.1,60.0,45.0
12.9,9.7,376.0,10.9,3.9,57.0,45.0
10.3,7.7,326.0,8.9,3.3,55.0,44.0
9.1,6.8,277.0,7.4,3.0,53.0,43.0
8.7,6.2,234.0,6.9,3.1,50.0,43.0
8.7,6.0,191.0,6.8,3.3,46.0,42.0
8.6,6.0,162.0,6.9,3.6,42.0,41.0
8.8,6.0,154.0,7.2,3.8,38.0,41.0
9.1,6.1,160.0,7.6,4.0,35.0,40.0
7.8,4.9,168.0,6.9,3.6,34.0,40.0
9.0,5.8,180.0,6.7,3.9,34.0,40.0
10.5,7.0,195.0,6.4,4.4,34.0,40.0
12.6,7.5,201.0,5.7,4.5,38.0,40.0
15.9,8.4,188.0,4.4,4.0,48.0,41.0
19.6,9.7,166.0,2.7,3.3,61.0,42.0
21.2,10.1,151.0,1.5,2.7,71.0,43.0
21.9,10.3,147.0,1.1,2.5,77.0,43.0
22.9,10.7,150.0,1.2,2.4,80.0,44.0
22.8,10.8,162.0,1.5,2.4,81.0,45.0
21.1,10.1,188.0,2.0,2.4,81.0,46.0
20.4,9.9,222.0,2.8,2.5,79.0,47.0
21.7,10.7,252.0,3.9,2.5,74.0,47.0
22.5,12.6,276.0,7.3,3.5,66.0,48.0
25.8,15.4,295.0,12.0,5.0,54.0,49.0
28.9,17.9,303.0,15.3,6.0,45.0,50.0
31.1,19.4,298.0,16.2,6.3,41.0,51.0
31.5,19.7,281.0,15.7,6.1,39.0,52.0
29.9,18.6,256.0,14.6,5.9,38.0,53.0
29.3,17.5,215.0,12.8,5.7,39.0,54.0
31.8,17.8,165.0,10.4,5.3,40.0,54.0
26.5,15.5,129.0,8.4,5.0,41.0,55.0
16.3,10.7,116.0,7.3,4.6,40.0,56.0
8.7,6.4,118.0,6.6,4.2,38.0,56.0
6.7,4.8,132.0,5.7,3.8,37.0,56.0
7.1,5.1,171.0,5.6,4.0,38.0,56.0
9.1,6.1,222.0,5.4,4.3,41.0,55.0
12.3,7.0,252.0,4.9,4.3,45.0,55.0
17.2,8.6,237.0,3.9,3.9,53.0,55.0
25.9,11.4,200.0,2.7,3.4,63.0,56.0
22.1,10.4,172.0,1.8,2.9,72.0,56.0
22.1,10.2,166.0,1.5,2.7,78.0,56.0
21.0,10.0,169.0,1.5,2.6,83.0,56.0
21.0,9.8,178.0,2.0,2.6,85.0,55.0
21.1,9.8,192.0,3.1,2.7,85.0,55.0
18.8,9.5,212.0,4.6,2.8,83.0,55.0
22.9,11.8,240.0,6.3,2.8,74.0,56.0
24.3,13.7,290.0,7.3,3.4,70.0,56.0
25.6,14.9,347.0,8.8,4.3,65.0,56.0
23.3,14.5,375.0,9.7,4.9,60.0,55.0
21.0,13.5,348.0,9.7,5.0,56.0,55.0
19.2,12.6,291.0,9.3,5.0,52.0,54.0
18.0,11.7,239.0,8.9,4.9,48.0,54.0
17.5,11.3,204.0,8.7,5.0,44.0,53.0
17.5,11.1,175.0,8.5,5.1,41.0,53.0
17.2,10.9,155.0,8.3,5.1,38.0,52.0
16.2,10.2,146.0,8.3,5.0,35.0,52.0
14.9,9.4,147.0,8.3,4.9,33.0,53.0
14.0,8.5,158.0,7.2,4.5,33.0,53.0
12.5,8.2,190.0,7.0,4.7,33.0,53.0
12.3,8.4,232.0,6.7,5.0,34.0,53.0
12.1,7.7,255.0,6.1,5.0,38.0,53.0
13.1,7.7,238.0,4.8,4.5,48.0,53.0
15.2,8.0,202.0,3.1,3.7,60.0,53.0
15.6,8.0,177.0,1.9,3.1,71.0,53.0
16.0,8.0,174.0,1.4,2.8,78.0,53.0
17.1,8.4,182.0,1.4,2.7,82.0,52.0
18.5,8.9,199.0,2.1,2.7,84.0,52.0
24.0,11.0,231.0,3.7,2.7,81.0,53.0
22.5,10.7,272.0,5.9,2.8,75.0,53.0
29.4,16.5,304.0,8.8,3.7,68.0,53.0
27.1,16.7,319.0,9.3,4.0,64.0,53.0
24.9,16.3,325.0,10.0,4.5,59.0,53.0
22.8,15.4,325.0,10.7,4.9,54.0,53.0
20.6,14.2,323.0,11.5,5.3,49.0,53.0
18.7,13.4,316.0,12.2,5.8,45.0,54.0
16.6,12.1,297.0,12.4,6.0,41.0,54.0
14.7,10.9,256.0,11.7,5.9,39.0,54.0
13.6,9.6,203.0,10.4,5.6,37.0,53.0
13.8,9.3,164.0,9.4,5.3,36.0,53.0
13.8,9.1,144.0,9.0,5.2,34.0,53.0
13.3,8.8,138.0,8.9,5.2,32.0,53.0
10.2,7.4,150.0,7.9,4.9,30.0,53.0
9.9,7.4,198.0,7.7,5.1,30.0,53.0
10.9,8.0,264.0,7.5,5.5,30.0,53.0
12.5,8.5,303.0,7.1,5.6,32.0,53.0
17.9,10.1,285.0,6.3,5.3,38.0,53.0
18.5,10.4,239.0,5.2,4.8,46.0,53.0
19.8,10.7,204.0,4.9,4.5,53.0,54.0
19.3,10.6,193.0,5.6,4.6,57.0,54.0
19.3,10.7,194.0,6.9,4.8,61.0,54.0
19.3,11.8,207.0,8.6,5.1,62.0,54.0
19.3,12.1,240.0,11.1,5.3,61.0,54.0
18.9,12.4,286.0,13.9,5.4,58.0,54.0
31.4,17.6,320.0,12.2,5.0,61.0,55.0
31.9,20.3,331.0,14.6,5.7,56.0,55.0
31.0,20.4,330.0,17.9,6.7,49.0,55.0
29.6,20.1,330.0,19.7,7.3,45.0,55.0
28.4,19.8,341.0,18.6,7.2,45.0,56.0
27.1,19.0,354.0,16.1,6.8,47.0,56.0
24.4,17.0,350.0,13.7,6.5,49.0,57.0
22.2,15.2,317.0,11.9,6.5,50.0,57.0
22.6,14.6,267.0,10.4,6.6,52.0,57.0
23.5,14.7,225.0,9.4,6.7,51.0,58.0
23.5,14.8,193.0,9.5,6.8,47.0,58.0
22.6,14.7,168.0,10.1,7.0,42.0,59.0
17.4,11.9,164.0,9.0,6.4,37.0,59.0
14.8,10.4,202.0,8.2,6.5,37.0,59.0
15.2,10.2,260.0,7.2,6.6,39.0,60.0
17.6,10.4,293.0,6.0,6.5,43.0,60.0
20.4,11.3,272.0,4.7,6.0,53.0,60.0
26.4,12.8,224.0,3.3,5.2,67.0,60.0
29.2,13.5,190.0,2.3,4.6,78.0,60.0
47.5,18.7,182.0,1.8,4.2,85.0,61.0
31.9,14.4,186.0,1.7,4.0,91.0,61.0
31.3,14.1,201.0,2.1,3.8,93.0,61.0
29.7,13.5,223.0,2.8,3.6,92.0,61.0
26.7,12.7,255.0,4.0,3.6,89.0,61.0
40.3,19.7,305.0,5.7,3.7,82.0,62.0
37.3,20.4,397.0,9.2,4.6,73.0,62.0
38.8,22.7,506.0,14.0,5.8,61.0,62.0
41.9,25.3,569.0,17.9,6.8,51.0,62.0
45.8,27.6,550.0,20.1,7.2,44.0,63.0
49.0,29.5,484.0,21.4,7.4,39.0,64.0
50.3,29.4,411.0,21.5,7.4,36.0,65.0
48.9,27.8,332.0,19.7,7.2,37.0,66.0
47.0,26.5,246.0,16.7,6.8,39.0,67.0
46.8,26.3,183.0,14.2,6.5,41.0,68.0
47.4,27.3,158.0,13.2,6.4,39.0,68.0
33.5,21.6,157.0,12.8,6.4,36.0,69.0
18.8,13.2,172.0,9.2,5.7,39.0,69.0
15.8,11.1,215.0,8.3,5.8,41.0,69.0
16.4,10.9,274.0,6.9,5.8,44.0,69.0
20.6,11.6,306.0,5.6,5.6,49.0,69.0
25.6,12.8,282.0,4.2,5.0,57.0,69.0
31.4,14.1,231.0,2.8,4.1,68.0,70.0
34.1,14.7,192.0,1.9,3.4,76.0,70.0
34.3,15.0,182.0,1.6,3.1,81.0,69.0
34.2,15.2,185.0,1.8,3.0,85.0,69.0
34.5,15.5,194.0,2.2,2.9,86.0,70.0
35.4,15.9,193.0,2.6,2.8,86.0,70.0
34.2,15.7,198.0,3.3,2.7,84.0,70.0
32.1,15.7,257.0,5.4,2.9,78.0,70.0
30.5,17.1,440.0,9.8,3.9,69.0,69.0
29.7,18.6,676.0,15.8,5.2,56.0,69.0
29.7,19.7,798.0,19.7,6.2,47.0,69.0
29.9,20.2,699.0,19.8,6.6,46.0,68.0
29.6,19.6,485.0,17.8,6.6,48.0,67.0
29.2,18.5,308.0,15.5,6.4,49.0,66.0
29.2,17.5,225.0,13.1,6.0,48.0,66.0
26.0,16.0,178.0,10.4,5.3,46.0,65.0
20.9,13.6,149.0,8.5,4.8,43.0,64.0
17.3,11.6,134.0,7.9,4.6,40.0,63.0
14.7,10.2,137.0,8.1,4.5,36.0,62.0
12.9,9.3,151.0,7.7,4.2,34.0,61.0
10.7,8.0,183.0,7.3,4.2,34.0,61.0
10.9,8.1,226.0,6.7,4.3,35.0,61.0
11.8,8.0,250.0,5.8,4.1,38.0,61.0
13.7,8.3,236.0,4.5,3.6,47.0,60.0
16.2,8.8,203.0,3.0,2.9,58.0,60.0
18.0,9.3,180.0,1.9,2.4,68.0,59.0
17.9,9.2,177.0,1.4,2.2,76.0,59.0
17.3,8.9,183.0,1.4,2.1,82.0,58.0
16.6,8.8,195.0,1.9,2.1,85.0,58.0
15.5,8.4,213.0,3.1,2.1,84.0,57.0
13.5,7.9,238.0,4.8,2.3,79.0,57.0
15.8,9.2,263.0,5.8,2.4,75.0,56.0
16.4,10.9,294.0,8.2,3.1,69.0,56.0
18.0,13.0,325.0,11.5,4.1,61.0,55.0
17.3,12.5,338.0,13.3,4.7,56.0,55.0
15.0,11.2,321.0,12.4,4.5,56.0,54.0
12.7,9.5,285.0,10.0,3.9,58.0,53.0
10.8,8.4,249.0,8.2,3.5,59.0,52.0
9.5,7.5,213.0,7.7,3.4,57.0,52.0
9.3,7.2,176.0,7.6,3.5,54.0,51.0
9.4,7.1,151.0,7.7,3.7,50.0,50.0
10.0,7.3,145.0,7.8,3.9,46.0,50.0
10.8,7.5,152.0,8.0,4.2,41.0,50.0
11.6,7.9,164.0,7.7,4.5,43.0,49.0
12.5,8.8,186.0,7.4,4.7,42.0,49.0
14.3,9.7,215.0,6.9,5.0,41.0,50.0
15.2,9.9,229.0,6.1,5.1,42.0,50.0
17.3,10.5,215.0,4.8,4.7,48.0,50.0
19.2,10.8,187.0,3.2,4.1,57.0,50.0
20.2,10.9,168.0,2.1,3.6,64.0,51.0
20.3,10.8,166.0,1.5,3.3,69.0,51.0
20.1,10.9,173.0,1.4,3.1,74.0,51.0
21.4,11.8,191.0,1.9,3.0,75.0,51.0
21.1,12.0,227.0,3.4,3.1,72.0,51.0
20.3,12.1,274.0,5.4,3.4,67.0,52.0
18.5,13.4,308.0,12.6,3.6,45.0,52.0
18.5,13.3,322.0,12.9,3.8,43.0,52.0
18.0,14.0,324.0,13.2,4.1,41.0,52.0
16.7,13.1,316.0,12.9,4.2,40.0,52.0
16.4,12.7,295.0,11.4,4.0,42.0,52.0
14.2,11.1,263.0,9.3,3.6,45.0,53.0
10.9,8.8,231.0,7.5,3.2,47.0,53.0
8.0,6.5,200.0,6.4,2.9,47.0,53.0
6.5,5.3,169.0,5.6,2.7,46.0,52.0
6.0,4.8,146.0,5.2,2.6,45.0,52.0
5.8,4.6,128.0,5.0,2.7,43.0,52.0
5.8,4.6,118.0,5.2,3.0,41.0,52.0
4.9,4.0,137.0,5.3,3.7,44.0,51.0
7.2,5.3,216.0,7.0,4.2,40.0,51.0
9.7,7.1,325.0,9.4,4.8,34.0,51.0
11.1,8.1,391.0,10.7,5.3,31.0,51.0
12.6,8.8,370.0,10.0,5.6,32.0,51.0
14.2,9.6,306.0,8.2,5.8,37.0,51.0
16.0,10.4,265.0,6.7,5.9,42.0,51.0
17.3,11.1,268.0,5.8,5.8,50.0,51.0
18.3,11.9,294.0,5.3,5.5,58.0,51.0
18.8,12.3,342.0,5.5,5.3,64.0,51.0
19.3,12.7,429.0,6.9,5.2,65.0,51.0
19.2,12.9,539.0,9.1,5.2,62.0,51.0
25.6,15.8,622.0,10.7,5.4,61.0,51.0
25.9,17.8,669.0,13.5,6.0,55.0,51.0
28.1,20.4,689.0,17.3,6.8,46.0,52.0
27.9,20.3,661.0,19.4,7.3,41.0,52.0
27.6,19.8,550.0,18.2,7.3,43.0,53.0
27.4,19.3,390.0,15.2,7.1,47.0,54.0
26.2,17.8,264.0,12.7,6.8,50.0,54.0
24.3,16.2,205.0,11.4,6.4,47.0,55.0
22.2,14.8,179.0,10.4,6.0,42.0,56.0
19.7,13.2,164.0,9.6,5.6,39.0,57.0
18.4,12.5,149.0,8.8,5.2,39.0,57.0
17.8,12.1,144.0,8.0,4.9,42.0,58.0
15.1,10.0,158.0,7.1,4.5,43.0,58.0
15.7,10.6,212.0,7.2,4.9,41.0,59.0
22.3,13.0,285.0,7.2,5.5,39.0,59.0
22.9,13.0,327.0,6.8,5.7,41.0,59.0
28.1,14.7,306.0,5.4,5.3,49.0,60.0
44.6,20.7,253.0,3.6,4.7,61.0,61.0
36.0,16.4,216.0,2.3,4.1,70.0,61.0
41.4,17.2,206.0,1.9,3.7,74.0,62.0
42.1,17.0,211.0,1.9,3.4,75.0,62.0
44.7,17.3,245.0,2.3,3.2,76.0,63.0
45.1,17.4,340.0,2.9,3.0,77.0,63.0
41.7,17.2,464.0,3.9,3.0,78.0,63.0
40.9,19.6,536.0,5.6,3.6,80.0,64.0
34.8,19.8,508.0,8.1,4.3,74.0,64.0
33.8,20.5,427.0,11.5,5.3,66.0,64.0
34.5,21.2,356.0,13.7,6.1,59.0,64.0
36.1,22.1,321.0,13.8,6.4,56.0,64.0
37.5,22.6,296.0,12.7,6.5,54.0,64.0
36.9,22.2,267.0,11.5,6.3,52.0,65.0
34.1,20.6,224.0,10.5,5.8,50.0,65.0
28.7,17.6,177.0,9.3,5.2,48.0,65.0
23.5,14.6,145.0,8.5,4.7,46.0,65.0
20.5,12.5,135.0,8.3,4.5,42.0,65.0
18.7,11.4,141.0,8.5,4.5,37.0,65.0
21.8,12.5,161.0,7.8,4.5,36.0,65.0
21.8,13.2,209.0,7.7,4.9,36.0,66.0
23.0,14.2,271.0,7.6,5.4,36.0,66.0
26.2,14.8,305.0,7.0,5.6,40.0,66.0
30.3,15.4,284.0,5.5,5.1,51.0,66.0
32.1,15.7,235.0,3.5,4.3,66.0,65.0
33.6,15.9,199.0,2.1,3.7,78.0,65.0
36.6,16.8,190.0,1.6,3.4,84.0,65.0
36.0,16.6,194.0,1.8,3.2,88.0,65.0
34.3,16.2,215.0,2.3,3.1,89.0,65.0
34.6,16.8,264.0,3.0,3.1,89.0,65.0
32.8,16.6,329.0,4.1,3.2,87.0,65.0
31.4,16.5,377.0,7.0,3.4,79.0,65.0
31.8,18.5,395.0,11.6,4.5,70.0,65.0
34.5,21.7,397.0,18.0,5.9,56.0,65.0
38.4,24.9,390.0,22.7,7.1,46.0,65.0
41.8,27.2,379.0,24.4,7.7,41.0,66.0
46.1,28.9,359.0,24.4,8.0,38.0,66.0
45.6,28.1,328.0,23.0,7.9,38.0,67.0
42.6,25.4,275.0,19.3,7.4,41.0,67.0
42.5,24.0,211.0,14.2,6.5,46.0,67.0
40.5,23.1,166.0,10.3,5.8,49.0,68.0
31.8,19.7,151.0,9.1,5.6,46.0,69.0
23.9,16.3,155.0,9.2,5.5,41.0,69.0
14.8,10.2,171.0,7.0,4.3,36.0,69.0
13.7,9.3,208.0,6.9,4.4,35.0,69.0
13.7,9.3,257.0,6.7,4.5,34.0,68.0
16.0,9.1,284.0,6.1,4.4,37.0,68.0
23.1,10.5,265.0,4.9,3.9,45.0,67.0
30.4,12.6,224.0,3.3,3.3,57.0,67.0
42.8,16.2,195.0,2.1,2.8,67.0,67.0
39.7,15.7,190.0,1.6,2.6,74.0,67.0
38.3,15.5,197.0,1.5,2.5,80.0,67.0
35.5,14.8,214.0,2.0,2.5,83.0,67.0
28.6,12.7,240.0,3.0,2.5,83.0,67.0
25.1,12.0,277.0,4.6,2.6,82.0,66.0
24.3,13.1,329.0,6.5,2.9,78.0,66.0
24.0,14.4,423.0,9.3,3.7,72.0,66.0
24.5,15.8,533.0,12.5,4.8,64.0,65.0
25.4,17.1,586.0,14.7,5.6,57.0,65.0
26.1,17.8,536.0,15.3,6.1,53.0,64.0
26.5,18.0,430.0,14.8,6.3,51.0,63.0
25.0,16.7,334.0,13.8,6.3,49.0,62.0
20.3,13.6,269.0,12.0,5.8,45.0,61.0
15.0,10.2,215.0,9.6,5.1,41.0,60.0
11.8,8.0,177.0,7.9,4.5,38.0,59.0
10.1,7.0,157.0,7.6,4.4,35.0,58.0
8.7,6.1,153.0,7.9,4.5,32.0,57.0
8.1,6.1,161.0,7.7,4.3,32.0,57.0
7.7,5.8,189.0,7.0,4.3,34.0,56.0
8.6,6.4,229.0,6.0,4.3,38.0,56.0
11.9,6.9,251.0,5.0,4.2,44.0,56.0
17.6,8.8,236.0,3.9,3.8,54.0,56.0
21.3,10.1,203.0,2.6,3.2,67.0,56.0
23.6,11.0,179.0,1.8,2.8,77.0,55.0
25.6,11.6,174.0,1.4,2.6,83.0,55.0
28.5,12.6,179.0,1.4,2.4,86.0,55.0
31.0,13.6,194.0,1.8,2.4,88.0,55.0
32.5,14.3,219.0,2.6,2.4,88.0,55.0
34.0,15.4,255.0,3.9,2.5,85.0,55.0
39.6,18.9,302.0,6.0,2.9,80.0,56.0
37.1,20.1,383.0,9.4,3.8,72.0,56.0
36.8,21.8,477.0,14.0,5.0,60.0,56.0
36.6,22.8,514.0,16.8,5.9,52.0,57.0
34.8,22.5,447.0,16.0,6.0,50.0,57.0
30.0,19.9,324.0,13.3,5.8,52.0,57.0
22.2,15.0,226.0,10.8,5.5,52.0,57.0
16.4,11.1,185.0,9.2,5.1,49.0,57.0
13.6,9.1,170.0,7.9,4.7,44.0,57.0
11.9,8.0,160.0,7.1,4.4,40.0,57.0
10.2,7.2,148.0,7.2,4.4,36.0,57.0
8.5,6.2,143.0,7.9,4.5,32.0,57.0
7.7,5.5,150.0,7.8,4.6,31.0,57.0
8.1,5.6,182.0,7.4,4.6,31.0,57.0
9.0,6.3,226.0,6.9,4.5,32.0,57.0
9.7,6.2,251.0,6.1,4.3,35.0,57.0
10.0,6.0,236.0,4.9,3.8,43.0,57.0
12.3,6.4,201.0,3.4,3.3,53.0,56.0
15.3,7.2,176.0,2.4,2.8,62.0,56.0
16.8,7.7,171.0,2.0,2.6,68.0,56.0
16.6,7.9,175.0,1.9,2.5,72.0,55.0
15.2,7.6,189.0,2.3,2.5,75.0,55.0
13.7,7.4,221.0,3.2,2.6,77.0,54.0
13.5,7.8,263.0,4.5,2.7,77.0,54.0
18.7,10.1,290.0,6.1,2.8,74.0,53.0
18.7,11.9,289.0,8.3,3.5,68.0,52.0
19.8,13.3,274.0,11.3,4.5,61.0,52.0
19.8,13.4,258.0,12.9,5.1,54.0,51.0
17.5,11.9,247.0,11.9,4.9,50.0,50.0
14.5,9.8,236.0,9.5,4.4,48.0,48.0
11.7,7.9,220.0,7.4,3.9,46.0,47.0
9.6,6.3,195.0,6.2,3.7,46.0,46.0
8.4,5.2,167.0,5.2,3.5,47.0,45.0
8.1,4.8,146.0,4.8,3.5,46.0,44.0
7.4,4.4,137.0,5.2,3.6,42.0,43.0
6.3,4.0,136.0,6.1,3.8,36.0,43.0
5.4,3.7,144.0,6.2,3.9,30.0,42.0
6.1,4.2,168.0,5.7,3.9,31.0,42.0
7.4,5.0,200.0,5.0,4.0,33.0,42.0
9.4,5.4,217.0,4.2,3.9,37.0,42.0
11.1,5.9,203.0,3.3,3.6,45.0,41.0
14.4,7.0,173.0,2.2,3.1,55.0,42.0
18.8,8.7,152.0,1.6,2.8,63.0,42.0
20.7,9.6,145.0,1.4,2.7,66.0,42.0
22.6,10.4,146.0,1.5,2.8,67.0,43.0
22.3,10.9,160.0,2.4,3.0,66.0,44.0
20.3,11.1,198.0,4.5,3.4,62.0,45.0
19.0,11.4,250.0,7.4,3.9,55.0,45.0
21.2,13.0,288.0,9.8,4.2,49.0,46.0
20.8,13.7,301.0,10.2,4.4,47.0,47.0
20.7,14.0,300.0,10.8,4.8,45.0,47.0
21.4,14.3,292.0,11.0,5.0,44.0,47.0
22.2,14.9,280.0,10.5,5.0,45.0,48.0
23.1,15.3,261.0,9.8,5.0,46.0,49.0
23.5,15.0,237.0,9.2,5.0,47.0,50.0
23.4,14.7,204.0,9.2,5.2,46.0,51.0
23.6,14.9,167.0,9.4,5.4,45.0,52.0
22.3,14.6,140.0,9.4,5.5,43.0,52.0
18.2,12.6,124.0,8.9,5.3,41.0,53.0
13.6,9.9,117.0,8.2,5.0,39.0,53.0
9.9,7.0,136.0,6.3,4.2,38.0,54.0
9.7,6.9,206.0,7.4,4.6,34.0,54.0
10.4,7.6,301.0,8.7,5.1,29.0,54.0
10.9,8.1,354.0,9.1,5.4,29.0,54.0
12.5,8.3,322.0,7.5,5.3,38.0,55.0
14.7,9.0,247.0,4.9,4.9,52.0,55.0
17.5,10.2,192.0,3.0,4.5,64.0,55.0
19.0,10.5,171.0,2.3,4.1,71.0,55.0
18.6,10.5,170.0,2.2,3.8,75.0,55.0
18.8,10.7,201.0,2.8,3.6,77.0,55.0
17.3,10.4,285.0,4.1,3.6,77.0,55.0
15.9,10.0,401.0,6.0,3.8,75.0,55.0
26.8,15.9,504.0,8.3,3.9,71.0,55.0
26.3,17.5,594.0,12.0,4.9,63.0,55.0
28.6,20.4,670.0,17.1,6.3,52.0,56.0
28.5,21.0,686.0,20.5,7.2,44.0,56.0
28.6,21.4,596.0,20.7,7.3,41.0,57.0
27.8,21.1,446.0,19.2,7.0,41.0,57.0
26.1,19.4,323.0,17.5,6.8,42.0,58.0
24.7,17.8,263.0,15.7,6.7,43.0,58.0
24.0,16.8,230.0,13.7,6.7,45.0,58.0
23.3,16.2,208.0,12.4,6.7,45.0,58.0
21.9,15.5,189.0,12.6,6.7,40.0,58.0
19.7,14.5,181.0,13.5,6.7,34.0,59.0
20.1,14.3,187.0,12.0,6.6,36.0,59.0
17.9,13.7,219.0,11.0,6.9,39.0,60.0
16.6,12.8,265.0,9.6,7.2,43.0,60.0
16.2,12.0,290.0,8.0,7.2,49.0,61.0
17.9,11.7,270.0,6.0,6.5,60.0,61.0
19.8,11.8,229.0,3.8,5.5,73.0,61.0
21.5,12.0,199.0,2.2,4.6,83.0,61.0
22.9,12.3,192.0,1.6,4.0,89.0,61.0
24.1,12.7,197.0,1.5,3.6,92.0,61.0
25.0,13.1,211.0,2.1,3.4,93.0,62.0
25.8,13.6,222.0,2.9,3.3,92.0,62.0
25.2,13.8,243.0,4.3,3.4,88.0,62.0
32.0,18.7,311.0,8.3,4.1,81.0,62.0
33.6,21.5,485.0,15.3,5.5,68.0,63.0
38.1,26.1,705.0,24.8,7.4,49.0,63.0
41.0,29.2,831.0,31.8,8.9,35.0,64.0
43.2,31.7,783.0,34.2,9.5,28.0,65.0
44.5,32.9,640.0,34.0,9.6,25.0,66.0
44.0,32.2,501.0,31.9,9.3,26.0,67.0
41.2,28.9,389.0,26.7,8.5,32.0,67.0
36.0,24.0,281.0,19.6,7.2,41.0,68.0
31.7,20.7,204.0,14.4,6.4,46.0,68.0
27.2,18.4,165.0,13.2,6.3,43.0,69.0
23.5,16.5,157.0,14.0,6.5,36.0,69.0
24.3,16.1,186.0,11.7,5.8,46.0,69.0
24.3,16.5,290.0,12.4,6.7,47.0,69.0
23.9,18.0,431.0,13.3,7.9,50.0,70.0
24.9,17.7,503.0,12.9,8.4,55.0,70.0
20.7,14.6,437.0,9.9,7.6,66.0,70.0
19.0,12.8,301.0,5.5,6.0,81.0,70.0
18.2,11.5,200.0,2.3,4.7,91.0,70.0
17.6,10.5,176.0,1.3,3.9,94.0,70.0
17.6,10.1,186.0,1.4,3.3,93.0,70.0
17.7,10.0,204.0,2.1,2.9,90.0,70.0
17.7,10.0,220.0,2.8,2.7,88.0,69.0
17.3,9.9,243.0,4.0,2.6,84.0,69.0
20.9,12.6,282.0,7.3,3.0,75.0,69.0
22.5,15.1,355.0,13.7,4.3,62.0,68.0
26.4,19.2,443.0,22.3,6.1,45.0,68.0
29.7,22.5,495.0,27.6,7.3,34.0,67.0
31.3,23.9,484.0,26.3,7.3,35.0,66.0
27.5,21.0,436.0,21.6,6.6,41.0,65.0
22.3,16.6,378.0,17.3,6.0,46.0,64.0
18.1,13.7,305.0,14.8,5.6,45.0,63.0
16.1,12.3,222.0,12.7,5.2,43.0,62.0
14.5,11.4,166.0,11.2,5.0,40.0,61.0
11.9,9.6,156.0,10.6,5.0,36.0,61.0
9.3,7.9,173.0,10.6,5.2,32.0,60.0
2.9,2.7,199.0,7.9,4.2,33.0,59.0
4.0,3.7,240.0,8.3,4.7,32.0,58.0
5.4,4.9,290.0,8.8,5.4,31.0,57.0
6.5,5.5,318.0,8.7,5.8,33.0,56.0
8.4,6.4,303.0,7.4,5.6,40.0,55.0
11.6,8.0,265.0,5.5,5.0,50.0,55.0
14.6,9.3,237.0,4.0,4.5,59.0,55.0
16.5,10.3,229.0,3.3,4.2,67.0,55.0
18.0,11.1,230.0,3.1,3.9,74.0,55.0
21.1,12.9,238.0,3.3,3.7,78.0,55.0
19.2,12.1,255.0,3.4,3.4,80.0,55.0
18.9,12.0,278.0,4.0,3.2,80.0,55.0
23.6,15.3,300.0,7.7,3.7,68.0,56.0
23.2,16.9,319.0,12.3,4.7,58.0,56.0
25.4,19.5,337.0,18.5,6.1,44.0,56.0
26.4,20.5,343.0,22.4,7.0,35.0,56.0
26.7,20.7,332.0,22.0,7.1,34.0,55.0
27.1,20.7,310.0,19.4,6.7,36.0,55.0
26.1,19.6,285.0,16.6,6.4,39.0,56.0
23.3,17.3,258.0,14.2,6.3,41.0,56.0
18.8,14.2,228.0,11.7,6.2,43.0,56.0
14.1,10.9,207.0,10.0,6.2,43.0,56.0
11.0,8.6,196.0,10.0,6.2,39.0,56.0
9.5,7.5,194.0,10.9,6.1,33.0,56.0
8.7,6.6,203.0,9.8,5.1,31.0,56.0
10.5,8.1,235.0,9.1,5.4,34.0,57.0
13.0,9.5,279.0,8.0,5.7,38.0,57.0
16.7,11.4,301.0,6.7,5.8,45.0,57.0
19.3,11.7,279.0,5.1,5.4,58.0,58.0
22.7,12.5,234.0,3.4,4.8,74.0,58.0
23.9,12.7,201.0,2.1,4.2,86.0,58.0
24.6,12.7,190.0,1.6,3.7,91.0,59.0
24.4,12.7,190.0,1.5,3.2,92.0,59.0
24.2,12.6,199.0,2.0,2.9,92.0,59.0
23.9,12.7,216.0,2.5,2.7,91.0,59.0
24.2,13.1,242.0,3.6,2.8,88.0,59.0
35.3,18.7,285.0,6.0,2.9,82.0,59.0
33.4,20.8,366.0,12.0,4.1,70.0,59.0
35.0,23.5,464.0,20.4,5.9,54.0,60.0
38.4,26.8,517.0,27.6,7.5,40.0,60.0
42.5,30.5,491.0,32.6,9.0,32.0,61.0
46.6,34.1,420.0,36.5,10.3,27.0,62.0
50.5,37.5,352.0,38.9,11.1,24.0,63.0
52.0,38.5,297.0,39.9,11.0,22.0,65.0
51.8,38.1,244.0,39.5,10.4,22.0,67.0
48.3,34.8,206.0,37.0,9.6,23.0,69.0
42.4,29.6,189.0,31.2,8.7,26.0,70.0
35.3,24.2,187.0,23.5,7.6,32.0,72.0
17.6,13.0,199.0,12.9,6.5,31.0,72.0
16.8,12.8,238.0,11.6,6.5,37.0,73.0
17.5,13.5,290.0,9.7,6.4,46.0,73.0
19.6,13.4,317.0,7.7,6.2,56.0,73.0
22.3,13.8,292.0,5.6,5.7,70.0,73.0
25.0,14.1,241.0,3.5,5.0,85.0,73.0
24.2,13.0,203.0,2.0,4.3,96.0,73.0
22.7,11.8,191.0,1.4,3.7,98.0,73.0
21.5,10.9,190.0,1.4,3.1,94.0,73.0
20.7,10.5,199.0,1.9,2.7,91.0,73.0
20.0,10.3,214.0,2.7,2.6,90.0,73.0
19.4,10.4,238.0,4.0,2.6,88.0,73.0
19.4,10.6,276.0,6.1,2.8,81.0,72.0
22.1,14.2,344.0,13.1,4.0,68.0,72.0
26.4,18.9,427.0,22.7,5.8,50.0,71.0
28.9,21.7,477.0,30.1,7.2,36.0,71.0
31.0,23.8,473.0,33.5,8.1,29.0,70.0
33.2,26.0,437.0,34.6,8.6,26.0,70.0
34.1,26.6,390.0,33.7,8.7,26.0,69.0
33.1,25.1,329.0,29.6,8.0,30.0,68.0
29.4,21.7,256.0,23.4,6.9,36.0,66.0
25.6,18.2,205.0,18.6,6.2,41.0,65.0
23.0,16.4,190.0,16.9,6.3,40.0,64.0
22.2,15.9,196.0,16.7,6.7,37.0,63.0
28.6,20.3,207.0,13.1,7.3,47.0,64.0
26.6,19.3,225.0,11.2,7.9,54.0,64.0
25.0,18.7,249.0,8.5,8.6,63.0,65.0
24.6,17.3,257.0,6.1,8.9,74.0,65.0
22.3,15.6,235.0,4.3,8.2,86.0,65.0
20.1,14.1,197.0,2.8,7.1,99.0,65.0
18.3,12.8,169.0,1.8,6.0,108.0,65.0
17.1,11.9,160.0,1.3,5.2,110.0,65.0
16.2,11.1,160.0,1.3,4.5,107.0,65.0
15.9,10.4,167.0,1.6,3.9,103.0,65.0
17.5,11.0,180.0,2.1,3.4,97.0,65.0
16.2,10.3,199.0,2.9,3.1,90.0,65.0
11.2,8.2,222.0,4.7,3.4,83.0,65.0
12.6,10.0,258.0,8.1,4.2,74.0,65.0
15.9,13.2,298.0,13.0,5.4,61.0,64.0
20.4,17.3,316.0,17.3,6.4,50.0,64.0
24.8,21.2,296.0,21.3,7.2,40.0,64.0
28.1,24.3,255.0,24.7,7.9,31.0,64.0
29.2,25.3,216.0,25.5,8.1,28.0,64.0
22.5,19.0,186.0,21.5,7.4,35.0,63.0
17.3,13.4,158.0,14.8,6.2,48.0,63.0
14.2,10.8,142.0,9.5,5.2,58.0,62.0
13.2,9.6,138.0,7.3,4.5,60.0,61.0
13.2,9.1,145.0,6.6,4.0,58.0,61.0
12.2,9.2,167.0,7.8,5.4,51.0,60.0
11.8,9.3,218.0,8.1,6.0,53.0,59.0
12.6,10.3,283.0,8.4,6.7,56.0,59.0
14.3,11.0,321.0,8.1,7.2,62.0,58.0
18.0,12.4,305.0,6.5,7.2,74.0,58.0
20.5,13.4,262.0,4.2,6.9,88.0,58.0
20.0,13.1,227.0,2.5,6.5,99.0,58.0
18.0,12.0,212.0,1.8,5.9,105.0,58.0
16.8,11.3,206.0,1.6,5.2,107.0,58.0
16.4,10.8,213.0,2.0,4.6,106.0,58.0
16.3,10.7,241.0,2.4,4.0,101.0,58.0
15.6,10.3,283.0,3.4,3.4,92.0,58.0
18.6,12.6,322.0,6.8,3.9,83.0,58.0
19.1,14.5,353.0,12.7,5.1,70.0,58.0
25.1,20.1,381.0,21.1,6.8,52.0,59.0
30.0,24.0,409.0,28.5,8.5,37.0,60.0
35.0,28.6,453.0,35.0,10.5,27.0,60.0
41.3,34.6,496.0,40.6,12.4,19.0,61.0
45.2,38.0,494.0,41.9,13.1,17.0,62.0
46.2,38.8,401.0,35.8,11.3,24.0,64.0
33.9,27.2,262.0,25.4,8.2,36.0,65.0
20.6,16.4,164.0,17.3,5.8,44.0,65.0
16.2,12.3,150.0,14.2,5.0,41.0,65.0
15.9,11.8,177.0,13.4,4.9,34.0,65.0
23.3,15.4,208.0,13.6,6.1,35.0,66.0
24.2,16.4,238.0,12.2,6.6,43.0,67.0
26.6,18.5,273.0,10.2,7.3,55.0,67.0
31.0,20.0,290.0,8.1,7.7,69.0,68.0
32.1,19.5,273.0,6.0,7.5,86.0,68.0
31.5,18.5,237.0,3.8,6.9,105.0,69.0
30.4,17.4,211.0,2.2,6.3,118.0,69.0
29.3,16.6,204.0,1.5,5.6,122.0,70.0
28.0,15.6,206.0,1.5,4.9,120.0,70.0
27.4,15.1,214.0,2.0,4.4,116.0,70.0
27.5,15.0,226.0,2.9,4.0,109.0,71.0
26.4,14.6,243.0,4.3,3.7,100.0,71.0
25.3,14.5,269.0,5.3,4.2,98.0,71.0
26.4,16.3,308.0,10.6,5.2,84.0,71.0
30.5,20.1,356.0,18.0,6.7,64.0,71.0
36.7,25.2,398.0,24.6,8.0,47.0,71.0
43.4,30.9,443.0,30.4,9.1,35.0,71.0
48.9,35.5,482.0,35.5,10.1,26.0,72.0
48.8,35.2,482.0,37.1,10.5,22.0,71.0
45.2,31.2,407.0,32.5,9.8,26.0,71.0
40.5,27.0,293.0,24.5,8.6,35.0,71.0
37.7,24.6,209.0,18.0,7.7,41.0,71.0
35.6,23.3,188.0,15.3,7.6,41.0,72.0
33.6,22.4,197.0,14.2,7.8,39.0,73.0
36.8,23.8,214.0,12.4,8.5,45.0,74.0
33.8,22.6,239.0,11.2,8.7,51.0,74.0
32.8,22.1,271.0,9.4,9.0,61.0,74.0
34.9,21.7,287.0,7.6,8.9,72.0,75.0
36.1,21.8,269.0,5.6,8.2,88.0,75.0
33.3,20.2,234.0,3.6,7.2,106.0,75.0
30.7,18.7,211.0,2.2,6.3,118.0,75.0
31.4,18.7,211.0,1.8,5.6,119.0,75.0
27.6,16.3,222.0,2.0,5.1,114.0,75.0
30.4,17.6,237.0,2.8,4.7,108.0,75.0
24.3,14.6,256.0,4.1,4.4,102.0,75.0
23.3,14.4,278.0,5.9,4.3,95.0,75.0
24.4,14.8,297.0,6.1,4.7,102.0,75.0
25.4,16.8,307.0,11.4,5.8,88.0,75.0
29.3,20.4,314.0,18.7,7.3,68.0,75.0
34.2,24.6,324.0,24.3,8.5,52.0,75.0
38.9,28.6,345.0,26.9,9.1,43.0,75.0
40.5,29.3,369.0,27.8,9.4,39.0,75.0
40.2,28.5,380.0,27.2,9.4,37.0,74.0
38.8,27.1,366.0,24.5,9.1,39.0,74.0
37.3,25.0,337.0,20.2,8.6,44.0,74.0
35.2,23.2,313.0,16.6,8.3,49.0,74.0
33.3,21.6,296.0,14.4,8.4,51.0,73.0
32.0,20.5,283.0,12.7,8.6,52.0,73.0
29.9,20.2,279.0,15.4,9.0,47.0,73.0
29.9,20.1,297.0,13.8,9.1,55.0,73.0
30.0,21.5,324.0,11.4,9.3,68.0,73.0
33.4,23.2,334.0,9.1,9.3,81.0,73.0
36.8,24.5,307.0,6.8,9.1,96.0,73.0
37.5,24.5,261.0,4.4,8.7,113.0,73.0
35.9,23.6,228.0,2.8,8.3,125.0,74.0
35.0,23.2,218.0,2.1,7.9,131.0,74.0
34.7,23.0,219.0,2.0,7.4,134.0,75.0
34.6,22.8,228.0,2.6,7.1,132.0,75.0
33.1,22.5,247.0,3.9,6.8,126.0,76.0
29.6,21.1,274.0,5.8,6.6,116.0,76.0
28.8,20.4,292.0,6.8,6.5,107.0,77.0
28.8,21.3,290.0,9.2,7.1,98.0,77.0
29.8,22.6,279.0,12.6,7.9,84.0,77.0
31.7,24.4,283.0,15.7,8.8,73.0,77.0
33.9,26.1,322.0,18.5,9.7,65.0,77.0
35.7,27.2,375.0,21.1,10.7,59.0,77.0
36.0,27.0,403.0,21.8,11.1,56.0,77.0
34.5,24.5,380.0,19.3,10.6,57.0,77.0
33.4,23.2,332.0,15.1,9.7,62.0,76.0
32.6,22.1,292.0,11.6,8.9,65.0,76.0
31.5,21.1,269.0,9.9,8.6,65.0,76.0
30.9,20.8,255.0,8.9,8.4,65.0,76.0
32.5,22.1,255.0,11.4,9.2,60.0,76.0
32.6,22.6,283.0,10.5,9.4,66.0,77.0
33.3,24.2,326.0,9.3,9.6,75.0,77.0
37.5,25.0,346.0,7.8,9.5,85.0,77.0
41.8,26.0,320.0,6.0,8.9,99.0,77.0
43.5,26.2,271.0,3.9,8.1,114.0,77.0
42.6,25.7,236.0,2.5,7.3,125.0,77.0
40.7,24.8,228.0,2.0,6.6,130.0,78.0
39.2,24.3,233.0,2.0,6.0,130.0,78.0
37.7,23.6,249.0,2.6,5.6,128.0,78.0
36.1,22.9,281.0,3.9,5.4,122.0,78.0
34.1,22.4,322.0,5.7,5.5,113.0,78.0
37.6,25.3,355.0,9.5,5.9,97.0,78.0
36.8,25.8,368.0,11.6,6.5,89.0,79.0
38.3,27.5,371.0,14.5,7.4,78.0,79.0
39.0,28.6,378.0,17.0,8.2,69.0,79.0
39.3,29.2,398.0,18.7,9.0,64.0,80.0
40.6,30.0,420.0,19.9,9.8,61.0,80.0
42.1,30.9,428.0,20.1,10.1,59.0,80.0
42.3,30.4,409.0,18.8,9.7,58.0,81.0
40.0,28.6,376.0,16.6,8.9,58.0,81.0
39.2,27.6,343.0,14.4,8.3,59.0,81.0
37.8,26.4,306.0,12.4,8.1,61.0,82.0
36.7,25.2,269.0,10.4,8.1,63.0,82.0
42.7,32.5,263.0,19.6,8.5,38.0,83.0
40.5,31.1,326.0,17.7,7.9,48.0,84.0
36.9,27.5,420.0,14.9,7.2,63.0,84.0
30.9,22.9,465.0,12.1,6.6,76.0,84.0
27.0,19.7,410.0,9.2,6.5,87.0,83.0
24.0,17.6,306.0,6.3,6.5,96.0,83.0
21.9,15.9,228.0,4.2,6.6,104.0,82.0
19.4,14.4,202.0,3.3,6.6,110.0,81.0
19.5,14.6,202.0,3.3,6.6,114.0,80.0
20.7,15.4,219.0,4.1,6.6,114.0,80.0
21.9,16.2,256.0,5.0,6.4,111.0,79.0
23.1,17.1,310.0,6.7,6.1,104.0,79.0
39.2,27.6,367.0,12.6,7.1,93.0,79.0
39.7,30.6,433.0,21.2,8.5,75.0,79.0
44.5,34.7,502.0,33.0,10.5,51.0,80.0
48.5,38.8,534.0,40.4,11.9,35.0,81.0
49.6,40.6,503.0,39.9,12.3,34.0,81.0
46.1,38.6,437.0,35.2,12.1,40.0,82.0
41.0,34.7,373.0,29.7,11.5,47.0,82.0
38.2,32.4,323.0,23.7,10.4,54.0,83.0
37.1,31.1,277.0,16.9,8.8,62.0,83.0
35.4,29.3,243.0,12.2,7.7,67.0,83.0
32.2,26.0,217.0,11.2,7.3,64.0,83.0
29.3,24.3,204.0,12.3,7.2,57.0,83.0
33.3,26.5,229.0,14.9,6.5,47.0,82.0
35.6,28.6,334.0,13.4,7.0,59.0,82.0
36.6,29.6,478.0,11.2,7.7,75.0,82.0
36.2,28.6,564.0,9.0,8.1,89.0,83.0
35.0,27.1,534.0,6.9,7.9,99.0,83.0
32.0,24.5,447.0,4.8,7.3,107.0,84.0
28.1,21.4,379.0,3.3,6.6,112.0,84.0
24.5,18.3,362.0,2.5,5.7,114.0,85.0
22.1,16.4,364.0,2.3,4.8,112.0,85.0
20.5,15.2,366.0,2.7,4.1,108.0,85.0
20.1,14.7,341.0,3.5,3.7,101.0,85.0
18.9,13.8,316.0,4.9,3.6,92.0,84.0
23.5,17.7,352.0,7.4,4.2,85.0,84.0
27.5,22.0,520.0,17.7,7.1,70.0,83.0
36.2,30.2,748.0,31.6,10.9,50.0,83.0
44.6,38.3,881.0,40.0,13.5,37.0,83.0
43.0,37.1,833.0,37.8,13.5,37.0,82.0
37.8,32.9,691.0,30.0,12.1,45.0,82.0
32.9,29.2,557.0,22.7,10.9,53.0,81.0
30.7,27.4,461.0,17.5,10.3,60.0,81.0
31.0,27.8,373.0,12.8,9.8,68.0,81.0
29.2,26.0,309.0,9.1,9.3,74.0,80.0
25.8,22.6,259.0,6.9,8.7,76.0,80.0
22.8,20.2,233.0,5.7,8.0,77.0,80.0
28.8,24.9,269.0,13.0,7.2,50.0,80.0
28.6,25.0,436.0,12.8,7.8,49.0,79.0
26.3,22.8,667.0,12.5,8.6,49.0,79.0
24.7,19.9,795.0,11.4,9.1,55.0,78.0
24.7,18.9,722.0,8.8,8.9,72.0,78.0
25.1,18.2,547.0,5.6,8.3,95.0,77.0
25.6,17.8,402.0,3.1,7.6,112.0,77.0
25.0,17.0,334.0,2.1,6.6,118.0,77.0
24.0,16.1,297.0,2.0,5.5,118.0,77.0
22.5,15.1,283.0,2.4,4.7,116.0,77.0
21.4,14.4,276.0,1.5,4.0,116.0,77.0
20.4,13.8,293.0,1.3,3.7,114.0,77.0
23.6,15.7,374.0,8.7,4.0,78.0,77.0
29.3,21.7,602.0,23.5,7.9,57.0,76.0
39.5,31.4,895.0,43.3,13.1,29.0,77.0
51.5,43.3,1046.0,54.6,16.4,14.0,77.0
49.2,42.0,925.0,49.3,15.8,23.0,77.0
37.7,33.3,663.0,35.3,13.2,45.0,77.0
31.8,28.3,446.0,23.2,10.8,63.0,77.0
27.5,25.2,347.0,16.4,9.3,70.0,77.0
24.9,22.9,293.0,11.4,7.9,72.0,77.0
22.1,20.3,256.0,8.1,6.8,72.0,76.0
20.3,18.5,222.0,7.0,6.0,68.0,76.0
18.8,16.8,205.0,7.5,5.6,60.0,76.0
21.0,18.2,212.0,10.3,6.0,50.0,75.0
22.4,19.6,266.0,9.6,6.4,57.0,75.0
21.8,18.5,345.0,8.5,6.8,67.0,74.0
21.8,18.2,390.0,7.2,7.2,79.0,74.0
22.7,18.0,368.0,5.6,7.4,94.0,74.0
23.7,18.2,314.0,3.8,7.4,110.0,74.0
24.3,18.1,269.0,2.5,7.3,122.0,74.0
24.3,17.9,246.0,1.9,6.8,129.0,74.0
23.5,17.1,234.0,1.9,6.1,132.0,74.0
22.4,16.0,241.0,2.5,5.5,132.0,74.0
21.2,15.0,259.0,2.5,4.8,130.0,75.0
20.6,14.5,297.0,3.2,4.1,126.0,75.0
31.1,21.2,391.0,9.2,4.7,102.0,76.0
36.6,27.0,574.0,22.2,8.2,83.0,75.0
47.6,37.7,813.0,39.9,13.1,57.0,76.0
56.2,46.3,1043.0,52.2,16.4,38.0,76.0
58.0,48.3,1262.0,54.7,16.8,34.0,77.0
52.6,44.4,1472.0,51.8,15.6,37.0,78.0
46.7,39.6,1609.0,46.4,14.2,43.0,78.0
42.5,36.0,1662.0,37.7,12.8,53.0,79.0
39.6,33.5,1643.0,26.6,11.2,65.0,80.0
38.2,32.0,1525.0,18.0,9.9,74.0,81.0
37.7,31.3,1235.0,14.7,9.1,74.0,82.0
37.8,31.3,847.0,13.9,8.6,71.0,83.0
58.1,49.2,554.0,11.0,7.4,66.0,86.0
54.5,47.3,455.0,10.0,7.3,72.0,88.0
49.6,43.9,450.0,8.5,7.2,81.0,90.0
46.6,40.3,437.0,7.0,7.1,92.0,92.0
46.0,38.4,370.0,5.3,7.2,106.0,93.0
46.0,37.5,296.0,3.5,7.3,121.0,95.0
44.4,35.7,244.0,2.3,7.4,133.0,96.0
41.4,32.9,232.0,1.8,7.5,141.0,97.0
39.6,31.4,244.0,1.9,7.5,145.0,98.0
38.5,30.7,262.0,2.5,7.5,146.0,99.0
37.6,30.2,279.0,2.7,7.2,144.0,101.0
37.0,29.9,302.0,3.5,6.9,139.0,103.0
17.3,16.0,335.0,7.9,7.1,125.0,102.0
22.6,21.5,372.0,22.2,10.7,101.0,101.0
33.3,32.2,420.0,42.1,15.8,67.0,101.0
47.6,46.4,495.0,58.1,19.7,41.0,101.0
55.6,54.4,631.0,67.7,21.7,28.0,101.0
60.3,58.7,795.0,73.5,22.6,21.0,103.0
58.8,57.2,909.0,73.8,22.4,21.0,105.0
53.4,51.8,948.0,65.9,20.7,29.0,106.0
47.0,45.3,936.0,52.5,17.8,42.0,108.0
41.3,39.5,871.0,40.3,15.2,54.0,108.0
37.1,35.0,710.0,31.4,13.2,59.0,109.0
32.5,30.3,495.0,23.8,11.3,63.0,109.0
28.5,26.5,350.0,18.4,9.5,62.0,106.0
26.5,24.7,352.0,15.6,9.1,69.0,104.0
24.5,23.0,423.0,11.7,8.5,80.0,102.0
21.2,19.6,458.0,8.3,8.1,92.0,100.0
16.2,14.8,400.0,5.8,8.0,108.0,98.0
13.4,12.4,305.0,3.8,8.0,125.0,96.0
12.4,11.6,234.0,2.5,8.0,138.0,94.0
12.2,11.4,212.0,1.9,7.8,144.0,92.0
12.5,11.7,214.0,2.0,7.5,144.0,91.0
12.1,11.3,232.0,2.6,7.2,143.0,89.0
11.8,11.1,249.0,2.0,6.5,141.0,88.0
11.6,10.9,281.0,1.9,5.8,137.0,96.0
13.7,12.3,371.0,7.7,4.9,104.0,95.0
18.6,17.4,598.0,16.5,6.4,87.0,87.0
24.9,23.5,884.0,28.6,8.5,62.0,85.0
28.1,26.4,1032.0,37.7,10.2,44.0,83.0
31.8,29.7,920.0,41.8,11.3,36.0,81.0
38.0,35.3,670.0,42.9,11.9,35.0,80.0
33.1,30.4,459.0,41.0,11.8,36.0,78.0
22.0,20.4,349.0,34.3,10.3,41.0,75.0
17.1,15.9,277.0,24.7,8.0,50.0,73.0
16.6,15.3,230.0,17.7,6.6,55.0,71.0
16.0,14.6,202.0,16.4,6.9,52.0,69.0
16.6,15.3,200.0,17.8,8.0,47.0,68.0
21.1,20.0,224.0,20.3,9.3,42.0,68.0
19.5,18.8,302.0,17.8,9.3,55.0,67.0
14.9,14.3,408.0,14.3,9.2,73.0,66.0
12.6,12.0,463.0,10.9,8.6,89.0,66.0
11.6,11.0,418.0,7.8,7.1,101.0,65.0
9.3,8.8,323.0,4.7,5.0,111.0,65.0
7.9,7.5,252.0,2.6,3.5,118.0,65.0
7.5,7.2,234.0,1.7,3.0,121.0,65.0
7.3,7.0,241.0,1.7,3.0,121.0,64.0
7.5,7.2,261.0,2.3,3.1,119.0,64.0
7.2,6.9,300.0,3.3,3.0,115.0,64.0
7.3,7.0,353.0,4.9,2.9,109.0,63.0
11.1,10.7,388.0,7.3,3.3,98.0,63.0
12.5,12.2,384.0,10.4,4.2,90.0,63.0
14.8,14.6,363.0,14.9,5.5,78.0,62.0
17.2,17.0,360.0,19.6,7.0,68.0,61.0
19.9,19.7,397.0,24.5,8.8,60.0,60.0
23.9,23.7,453.0,29.5,10.8,53.0,60.0
25.6,25.4,494.0,33.5,12.4,47.0,59.0
25.1,25.0,514.0,35.9,13.4,42.0,60.0
27.2,27.1,520.0,37.1,14.0,38.0,60.0
29.3,29.1,502.0,37.4,14.2,34.0,61.0
31.5,31.3,437.0,37.2,13.9,28.0,63.0
32.0,31.8,349.0,36.1,13.2,24.0,64.0
27.2,27.2,296.0,30.1,11.7,29.0,65.0
25.6,25.5,319.0,23.8,10.3,46.0,65.0
18.8,18.7,377.0,15.1,8.4,69.0,66.0
12.0,11.5,406.0,8.2,7.0,90.0,65.0
11.5,10.2,370.0,4.9,6.6,107.0,65.0
12.6,10.7,305.0,3.3,6.6,121.0,66.0
13.3,11.3,257.0,2.5,6.7,132.0,66.0
14.0,11.9,241.0,1.9,6.6,139.0,66.0
14.6,12.5,243.0,2.1,6.5,143.0,67.0
15.1,13.1,260.0,3.2,6.3,141.0,67.0
15.5,13.6,296.0,5.4,5.8,131.0,80.0
14.3,12.9,348.0,8.5,5.3,114.0,85.0
14.1,13.4,408.0,12.5,5.5,100.0,84.0
17.3,16.7,495.0,16.2,6.4,88.0,77.0
19.8,19.1,590.0,21.5,7.7,72.0,69.0
22.1,21.4,625.0,25.9,8.9,58.0,69.0
24.3,23.5,552.0,29.1,9.9,48.0,70.0
25.6,24.8,419.0,31.4,10.8,41.0,70.0
26.1,25.3,309.0,32.1,11.2,37.0,70.0
26.3,25.5,250.0,30.2,10.8,37.0,70.0
23.4,22.6,213.0,26.5,10.0,39.0,69.0
21.5,20.7,196.0,22.9,9.1,43.0,69.0
18.2,17.5,201.0,19.7,8.1,46.0,68.0
15.8,15.1,226.0,16.6,7.1,51.0,66.0
16.4,15.8,260.0,13.2,7.7,56.0,66.0
18.0,17.4,314.0,12.1,8.4,62.0,65.0
16.8,16.3,378.0,10.6,9.3,71.0,65.0
15.4,15.0,407.0,8.8,9.9,83.0,65.0
15.6,15.3,369.0,6.5,10.0,102.0,65.0
15.9,15.6,297.0,4.0,9.8,126.0,66.0
15.6,15.3,245.0,2.3,9.4,143.0,66.0
15.8,15.4,226.0,1.7,8.9,152.0,66.0
16.5,16.1,227.0,1.8,8.3,155.0,67.0
17.1,16.5,260.0,2.5,7.7,152.0,76.0
18.8,18.2,332.0,3.7,6.9,142.0,91.0
17.0,16.5,435.0,5.4,6.0,127.0,100.0
26.9,26.1,566.0,7.4,6.7,118.0,104.0
28.3,27.6,779.0,10.2,8.0,108.0,100.0
30.9,30.3,1019.0,14.0,9.8,94.0,89.0
33.9,33.2,1112.0,17.7,11.4,81.0,74.0
38.6,38.0,926.0,20.7,12.6,70.0,72.0
41.6,40.7,592.0,23.4,13.6,59.0,74.0
43.2,42.5,333.0,25.8,14.4,50.0,75.0
43.5,42.8,241.0,28.5,15.3,43.0,76.0
44.8,44.1,222.0,30.8,16.0,37.0,78.0
47.8,47.1,220.0,30.6,16.0,36.0,80.0
47.7,47.0,211.0,26.0,14.5,41.0,82.0
41.0,40.4,219.0,19.0,12.3,51.0,84.0
54.5,53.7,253.0,35.3,16.6,28.0,87.0
59.1,58.4,346.0,28.4,16.9,51.0,91.0
49.7,49.0,466.0,18.8,17.1,84.0,93.0
32.9,32.4,529.0,11.0,16.6,113.0,95.0
26.2,25.7,473.0,6.7,14.5,134.0,95.0
23.3,22.8,359.0,4.1,11.6,150.0,96.0
21.8,21.3,287.0,2.5,9.2,159.0,96.0
20.8,20.3,307.0,1.7,7.7,159.0,97.0
20.1,19.6,368.0,1.9,6.6,151.0,97.0
19.7,19.2,425.0,3.0,5.9,141.0,99.0
19.6,19.2,459.0,4.7,5.5,130.0,108.0
18.6,18.3,488.0,7.3,5.5,116.0,109.0
29.5,28.9,518.0,11.2,5.8,108.0,103.0
33.9,33.3,559.0,20.0,7.6,90.0,98.0
40.6,40.2,602.0,32.1,10.0,66.0,99.0
44.9,44.4,623.0,40.5,11.9,48.0,100.0
48.7,48.1,613.0,42.4,12.9,41.0,101.0
51.0,50.4,582.0,40.6,13.3,40.0,102.0
48.4,47.8,535.0,36.8,13.1,42.0,102.0
44.5,43.9,461.0,30.5,12.0,47.0,102.0
40.5,40.0,371.0,22.2,10.2,56.0,102.0
36.6,36.1,306.0,15.6,8.8,62.0,101.0
33.5,33.2,283.0,12.1,8.0,64.0,100.0
30.6,30.3,286.0,10.3,7.5,64.0,99.0
24.2,23.9,305.0,8.4,6.2,73.0,96.0
24.9,24.6,354.0,9.0,6.8,77.0,94.0
26.1,25.8,420.0,9.8,7.5,83.0,92.0
27.9,27.5,456.0,9.7,8.2,93.0,92.0
31.0,30.6,433.0,7.8,8.6,110.0,92.0
30.4,30.0,380.0,4.9,9.0,131.0,93.0
31.1,30.7,340.0,2.8,9.0,146.0,93.0
31.7,31.3,319.0,1.9,8.6,154.0,94.0
32.2,31.9,312.0,1.8,8.0,156.0,95.0
32.7,32.4,339.0,2.7,7.4,153.0,96.0
32.8,32.6,436.0,5.2,6.9,140.0,97.0
32.7,32.5,567.0,8.7,6.5,122.0,103.0
41.9,41.6,653.0,10.6,6.1,107.0,102.0
44.4,44.1,654.0,13.7,6.9,96.0,100.0
46.7,46.4,609.0,17.8,8.0,81.0,101.0
46.2,46.0,552.0,20.0,8.7,72.0,101.0
43.0,42.7,486.0,18.8,8.8,73.0,100.0
40.2,39.9,409.0,15.7,8.5,79.0,100.0
36.8,36.7,346.0,12.6,7.9,85.0,99.0
29.4,29.3,307.0,9.9,6.9,91.0,97.0
22.2,22.1,281.0,7.1,5.6,97.0,96.0
19.6,19.5,266.0,5.2,4.8,101.0,95.0
17.6,17.5,255.0,4.3,4.7,102.0,94.0
14.2,14.1,253.0,4.2,5.1,101.0,92.0
19.6,19.6,275.0,6.4,7.2,88.0,92.0
20.3,20.2,346.0,7.9,7.8,84.0,92.0
21.2,21.2,440.0,9.9,8.5,79.0,91.0
21.0,20.8,493.0,10.6,9.0,81.0,91.0
20.5,20.4,467.0,8.6,8.9,95.0,90.0
20.1,19.8,400.0,5.2,8.4,116.0,89.0
21.0,20.7,347.0,2.7,7.9,131.0,88.0
21.4,21.2,319.0,2.0,7.3,135.0,88.0
21.0,20.7,305.0,2.2,6.5,134.0,87.0
20.7,20.5,323.0,2.9,5.8,129.0,86.0
20.1,19.8,404.0,4.3,5.0,119.0,85.0
18.6,18.3,516.0,6.2,4.3,105.0,84.0
26.3,26.0,586.0,13.5,5.9,94.0,82.0
27.5,27.1,575.0,12.7,6.4,92.0,81.0
28.3,27.8,521.0,11.5,7.2,89.0,80.0
28.9,28.1,468.0,10.4,7.6,88.0,78.0
27.5,26.8,430.0,9.5,7.5,88.0,77.0
27.6,26.7,392.0,8.6,7.1,90.0,76.0
27.1,26.0,359.0,7.8,6.8,92.0,75.0
27.9,26.7,329.0,6.9,6.6,95.0,75.0
27.4,26.1,302.0,6.0,6.6,98.0,75.0
27.2,25.9,287.0,5.4,6.7,101.0,76.0
29.2,27.6,282.0,5.0,7.2,103.0,76.0
31.8,29.9,288.0,4.7,7.9,104.0,78.0
28.9,27.5,315.0,5.8,8.9,100.0,78.0
28.6,27.3,386.0,7.1,9.3,98.0,79.0
27.5,26.5,477.0,8.9,9.9,95.0,79.0
25.4,24.7,531.0,9.8,10.0,95.0,80.0
22.7,22.2,509.0,8.9,9.3,99.0,80.0
21.5,21.2,450.0,7.0,8.3,105.0,80.0
20.5,20.2,410.0,5.7,7.5,110.0,80.0
21.1,20.9,410.0,5.4,7.3,113.0,80.0
20.9,20.6,430.0,5.7,7.3,115.0,80.0
21.8,21.5,463.0,6.4,7.4,116.0,80.0
23.2,22.8,526.0,7.8,7.5,116.0,80.0
22.9,22.5,601.0,9.6,7.7,115.0,80.0
35.3,34.3,635.0,10.5,7.0,105.0,81.0
33.4,32.7,591.0,10.1,7.1,103.0,81.0
30.7,30.0,504.0,9.4,7.2,100.0,82.0
26.8,26.3,429.0,9.1,7.3,96.0,82.0
23.9,23.3,385.0,9.3,7.2,90.0,81.0
22.5,21.9,352.0,9.8,7.1,82.0,81.0
22.4,21.7,323.0,10.0,7.2,77.0,81.0
23.7,22.6,295.0,9.5,7.7,77.0,80.0
26.2,24.6,271.0,8.7,8.5,79.0,80.0
28.8,26.8,254.0,7.8,9.0,82.0,80.0
30.3,28.2,240.0,6.8,9.0,86.0,80.0
30.5,28.3,233.0,5.7,8.9,91.0,80.0
31.7,28.6,247.0,5.5,8.9,94.0,80.0
32.7,29.3,304.0,7.1,9.4,92.0,80.0
34.5,30.4,382.0,9.1,10.2,89.0,81.0
35.2,31.2,428.0,9.9,10.7,92.0,81.0
36.6,31.8,410.0,8.1,10.9,105.0,82.0
36.1,31.0,360.0,5.1,11.0,123.0,83.0
33.5,28.7,318.0,2.8,10.7,137.0,83.0
31.3,26.5,291.0,2.1,9.9,143.0,84.0
31.2,25.9,271.0,2.2,8.9,144.0,84.0
31.5,26.0,281.0,3.0,8.0,141.0,85.0
30.5,25.8,349.0,4.9,7.6,133.0,85.0
29.1,25.1,447.0,7.4,7.3,121.0,89.0
47.5,41.6,504.0,8.0,7.0,116.0,92.0
47.0,41.6,483.0,8.3,7.3,112.0,89.0
46.7,41.4,421.0,8.6,7.8,107.0,87.0
47.0,41.4,365.0,8.6,8.1,103.0,88.0
47.6,41.3,329.0,8.1,8.1,101.0,90.0
45.3,38.5,298.0,7.3,8.0,101.0,91.0
39.1,32.9,271.0,6.5,7.9,101.0,92.0
33.6,28.3,245.0,5.8,8.0,103.0,92.0
31.0,26.2,222.0,5.1,8.2,105.0,93.0
29.6,25.2,208.0,4.7,8.3,104.0,92.0
28.2,24.2,200.0,4.8,8.2,98.0,92.0
26.5,22.8,200.0,5.2,8.0,88.0,92.0
22.5,18.9,218.0,5.2,8.8,92.0,91.0
22.2,18.9,276.0,5.7,8.7,88.0,90.0
22.3,19.0,352.0,6.2,8.4,82.0,89.0
22.1,18.6,392.0,6.2,8.1,82.0,88.0
21.7,18.0,361.0,5.0,7.6,92.0,87.0
21.3,17.6,295.0,3.3,6.9,106.0,86.0
20.8,17.1,246.0,2.0,6.3,118.0,85.0
20.6,16.3,228.0,1.6,5.8,124.0,84.0
20.8,15.7,228.0,1.6,5.3,128.0,84.0
21.0,15.1,254.0,2.1,4.9,128.0,83.0
21.2,14.8,312.0,2.9,4.7,125.0,82.0
19.6,14.2,397.0,4.2,4.6,119.0,81.0
28.6,22.8,500.0,9.2,4.6,99.0,79.0
31.4,26.0,657.0,14.0,5.7,88.0,78.0
35.5,29.3,834.0,20.6,7.2,73.0,77.0
37.4,30.9,917.0,24.5,8.1,62.0,76.0
37.3,30.7,831.0,23.6,8.0,59.0,76.0
35.6,29.3,652.0,20.0,7.3,60.0,75.0
33.3,26.8,494.0,16.6,6.8,62.0,74.0
31.4,24.6,395.0,13.9,6.7,64.0,74.0
30.6,23.3,318.0,11.2,6.7,66.0,74.0
29.9,22.8,268.0,9.5,6.7,66.0,74.0
28.2,21.9,249.0,9.4,6.6,60.0,74.0
26.2,21.0,257.0,10.2,6.5,52.0,73.0
28.1,22.8,281.0,10.6,7.2,52.0,74.0
28.1,23.5,335.0,9.7,7.8,62.0,74.0
28.5,24.5,404.0,8.3,8.6,76.0,74.0
30.5,24.3,434.0,6.8,8.9,90.0,75.0
33.8,24.3,386.0,5.0,8.3,105.0,75.0
36.8,24.2,298.0,3.1,7.1,120.0,76.0
38.8,23.7,230.0,1.7,6.1,130.0,76.0
39.1,22.7,202.0,1.1,5.4,133.0,77.0
39.2,21.6,195.0,1.1,4.7,130.0,77.0
38.9,20.9,207.0,1.6,4.3,125.0,78.0
38.0,20.2,238.0,2.3,3.9,118.0,78.0
36.7,19.8,288.0,3.6,3.8,108.0,79.0
25.7,15.4,359.0,6.0,4.5,103.0,78.0
29.4,19.3,467.0,11.7,6.3,90.0,78.0
34.6,24.9,596.0,19.7,8.8,73.0,77.0
38.4,29.2,696.0,26.3,11.2,59.0,77.0
40.9,32.0,742.0,30.1,13.2,52.0,77.0
42.1,33.6,758.0,32.6,15.1,48.0,78.0
41.9,33.9,768.0,34.4,16.6,45.0,78.0
41.8,33.9,786.0,35.9,17.6,41.0,79.0
43.3,35.6,797.0,36.8,18.2,38.0,80.0
44.6,36.8,787.0,36.2,18.1,36.0,81.0
43.4,35.6,728.0,33.7,17.2,34.0,82.0
41.8,33.9,646.0,29.7,15.7,34.0,83.0
47.0,40.4,609.0,38.6,21.5,34.0,84.0
50.8,44.0,680.0,30.4,19.1,55.0,86.0
45.4,39.8,795.0,19.1,15.7,84.0,87.0
24.0,18.3,829.0,10.0,12.7,108.0,87.0
20.7,13.8,698.0,5.6,10.3,123.0,86.0
20.0,12.5,486.0,3.4,8.3,132.0,85.0
19.4,12.3,323.0,2.2,6.8,140.0,84.0
19.3,12.4,261.0,1.4,6.2,147.0,83.0
19.7,12.8,248.0,1.5,6.3,152.0,83.0
20.2,13.3,250.0,2.4,6.3,151.0,87.0
21.1,14.0,253.0,3.8,6.0,142.0,99.0
21.4,14.3,273.0,5.9,5.6,128.0,104.0
32.5,22.7,320.0,9.1,6.3,123.0,104.0
35.6,25.7,417.0,13.8,7.5,109.0,99.0
38.8,29.6,543.0,20.2,9.2,89.0,88.0
39.8,31.0,643.0,25.3,10.6,72.0,83.0
40.2,31.7,692.0,27.7,11.5,62.0,83.0
41.0,32.8,715.0,28.8,12.2,55.0,83.0
41.4,33.2,739.0,29.1,12.9,51.0,83.0
41.6,32.9,785.0,28.4,13.8,51.0,82.0
42.3,33.2,832.0,27.0,14.7,53.0,82.0
45.3,35.9,835.0,25.8,15.8,56.0,82.0
48.4,38.5,759.0,25.9,17.2,56.0,82.0
51.3,40.9,639.0,26.2,18.7,57.0,83.0
50.4,39.2,545.0,20.5,21.5,72.0,83.0
58.1,46.2,513.0,18.2,24.5,89.0,83.0
53.7,43.7,506.0,14.9,28.3,112.0,83.0
48.3,35.5,480.0,11.6,29.6,133.0,85.0
44.4,30.4,404.0,8.2,25.8,148.0,86.0
39.2,25.3,309.0,4.9,19.4,160.0,87.0
37.1,23.1,240.0,2.5,14.3,168.0,88.0
36.9,22.2,218.0,1.6,12.2,172.0,91.0
37.5,22.1,222.0,1.7,11.4,173.0,112.0
38.4,22.4,233.0,2.5,10.8,169.0,129.0
39.7,22.6,244.0,3.9,10.0,158.0,139.0
41.1,22.9,262.0,5.9,9.3,143.0,141.0
45.5,27.8,291.0,8.8,9.3,126.0,136.0
49.5,29.5,332.0,12.4,10.3,113.0,126.0
52.9,32.6,383.0,17.6,11.7,94.0,111.0
58.3,35.9,443.0,23.0,13.5,79.0,93.0
64.7,40.2,511.0,28.7,15.7,69.0,93.0
71.7,44.9,588.0,34.6,18.2,63.0,94.0
77.1,48.7,668.0,39.1,20.5,58.0,96.0
80.6,51.1,753.0,41.3,22.4,55.0,97.0
85.0,54.4,842.0,42.1,24.1,55.0,99.0
89.4,57.6,923.0,42.3,25.4,55.0,101.0
94.1,61.5,1006.0,42.9,26.2,52.0,103.0
97.6,64.5,1082.0,42.9,26.7,50.0,105.0
100.1,62.6,1111.0,32.8,28.2,70.0,108.0
108.3,69.4,1081.0,27.5,28.8,92.0,110.0
106.4,69.4,1005.0,20.0,29.4,122.0,113.0
93.8,43.5,882.0,13.4,28.5,147.0,114.0
114.8,43.0,671.0,8.7,24.6,160.0,115.0
132.2,45.5,412.0,5.0,19.1,167.0,117.0
131.8,44.8,226.0,2.5,14.7,172.0,119.0
125.7,43.5,174.0,1.4,12.5,176.0,122.0
118.7,42.0,195.0,1.6,11.4,176.0,124.0
112.2,40.6,225.0,2.5,10.5,172.0,141.0
105.2,38.9,240.0,4.1,9.4,160.0,149.0
97.3,37.1,263.0,6.6,8.4,142.0,148.0
100.1,39.8,300.0,9.7,7.7,125.0,141.0
100.4,41.4,354.0,13.2,8.6,111.0,131.0
96.4,42.6,423.0,18.0,10.0,92.0,132.0
97.8,45.3,505.0,21.9,11.3,77.0,133.0
102.2,48.1,628.0,24.1,12.5,69.0,134.0
107.1,50.9,764.0,25.4,13.7,65.0,135.0
111.8,52.7,825.0,25.8,14.9,63.0,135.0
116.4,54.1,743.0,24.6,16.2,65.0,136.0
122.5,56.0,585.0,22.5,17.5,69.0,136.0
129.0,58.2,465.0,21.3,19.1,73.0,136.0
134.6,60.8,428.0,22.5,21.2,72.0,136.0
140.6,63.1,429.0,24.6,23.7,70.0,136.0
148.5,65.9,442.0,19.7,25.6,82.0,136.0
157.9,72.6,477.0,18.1,28.4,98.0,136.0
146.7,72.6,524.0,15.7,31.9,120.0,137.0
136.9,61.9,529.0,12.9,32.2,137.0,138.0
109.2,51.6,449.0,9.3,26.3,145.0,139.0
94.1,45.6,326.0,5.3,17.3,149.0,139.0
85.0,41.6,235.0,2.4,10.3,150.0,139.0
77.3,38.5,206.0,1.4,7.6,151.0,139.0
72.2,36.8,207.0,1.5,6.9,149.0,138.0
66.4,34.6,221.0,2.3,6.6,145.0,137.0
62.2,33.3,246.0,3.5,6.0,137.0,137.0
58.3,33.1,282.0,5.3,5.8,125.0,136.0
62.2,37.8,313.0,7.6,6.4,114.0,136.0
59.3,38.4,326.0,9.4,7.4,108.0,136.0
57.7,38.9,334.0,12.0,8.9,99.0,135.0
58.2,40.5,353.0,14.2,10.3,91.0,135.0
60.5,41.7,400.0,15.7,11.5,86.0,134.0
62.9,42.6,458.0,16.9,12.7,83.0,133.0
66.1,43.1,494.0,17.6,13.9,81.0,132.0
69.8,43.7,489.0,17.5,15.2,81.0,131.0
72.9,44.1,462.0,16.9,16.4,83.0,130.0
76.1,44.9,432.0,16.6,17.7,83.0,129.0
79.2,45.8,398.0,17.3,19.1,80.0,127.0
82.4,46.9,361.0,18.3,20.5,76.0,125.0
86.1,50.1,348.0,24.6,20.2,62.0,124.0
91.7,52.9,389.0,20.8,20.2,74.0,122.0
84.5,51.6,454.0,15.5,19.9,90.0,120.0
80.1,45.8,477.0,10.8,18.6,106.0,118.0
75.2,41.9,416.0,7.2,15.1,119.0,117.0
69.6,38.3,313.0,4.2,10.6,132.0,116.0
62.9,34.6,235.0,2.1,7.1,140.0,115.0
56.7,31.5,206.0,1.3,5.8,143.0,115.0
52.3,29.7,202.0,1.5,5.6,143.0,114.0
49.8,29.0,210.0,2.2,5.6,140.0,113.0
48.2,28.8,230.0,3.4,5.4,135.0,113.0
46.7,28.9,263.0,5.2,5.5,127.0,112.0
47.0,31.5,296.0,7.5,6.3,120.0,112.0
47.7,33.6,324.0,9.7,7.4,113.0,111.0
49.4,36.0,353.0,12.8,9.0,103.0,111.0
52.6,39.1,384.0,15.3,10.3,95.0,111.0
56.3,41.8,426.0,16.7,11.2,90.0,111.0
59.1,43.4,471.0,17.4,12.0,85.0,111.0
61.7,44.0,497.0,17.4,12.4,83.0,111.0
64.0,44.4,485.0,16.2,12.3,83.0,111.0
66.4,44.7,455.0,14.2,11.9,84.0,111.0
68.7,45.3,442.0,12.9,11.8,85.0,111.0
71.7,46.6,467.0,13.3,12.2,83.0,111.0
75.2,48.8,510.0,14.4,12.9,81.0,111.0
79.2,52.7,544.0,18.7,13.9,72.0,112.0
86.6,59.0,571.0,16.2,14.9,87.0,112.0
82.0,58.0,590.0,12.8,16.1,108.0,113.0
79.2,51.8,573.0,9.5,16.4,126.0,114.0
76.4,48.8,487.0,6.7,14.8,137.0,114.0
73.1,46.3,365.0,4.1,12.2,144.0,115.0
70.3,44.2,274.0,2.3,10.0,150.0,116.0
70.3,44.0,245.0,1.6,8.9,155.0,118.0
65.4,41.2,248.0,1.8,8.2,158.0,119.0
62.9,39.8,261.0,2.6,7.7,156.0,120.0
61.7,39.3,280.0,4.1,7.3,147.0,121.0
59.0,38.4,309.0,6.3,7.0,134.0,122.0
54.6,38.0,336.0,8.8,7.0,120.0,123.0
55.5,39.2,356.0,9.5,7.3,111.0,123.0
55.8,40.2,374.0,10.6,7.8,99.0,124.0
60.1,43.7,394.0,11.8,8.3,89.0,124.0
59.6,44.2,420.0,13.4,8.9,82.0,124.0
60.5,45.4,448.0,15.0,9.5,77.0,125.0
86.4,57.3,811.0,37.6,27.7,57.0,137.0
75.0,52.6,693.0,30.5,24.4,63.0,135.0
63.3,48.5,596.0,24.5,21.5,70.0,133.0
49.9,42.7,533.0,20.2,18.9,77.0,131.0
42.4,38.9,491.0,17.0,16.6,84.0,128.0
26.5,26.5,497.0,17.3,15.3,85.0,125.0
25.6,25.6,603.0,19.3,17.1,83.0,123.0
25.1,24.5,757.0,21.9,19.8,81.0,122.0
23.4,21.8,832.0,23.2,22.5,86.0,121.0
23.9,22.0,747.0,22.0,25.5,100.0,120.0
24.7,22.9,582.0,19.3,28.5,121.0,118.0
25.6,23.8,455.0,16.6,30.3,143.0,117.0
27.0,25.4,409.0,13.6,29.8,168.0,116.0
28.2,26.8,400.0,10.6,28.1,195.0,116.0
31.3,29.4,413.0,9.0,27.2,215.0,115.0
33.2,31.5,427.0,8.0,27.5,230.0,134.0
34.6,33.1,463.0,8.5,28.6,239.0,162.0
42.4,33.1,569.0,13.0,22.8,201.0,179.0
46.7,37.7,812.0,30.5,26.4,160.0,185.0
60.1,52.0,1124.0,54.6,31.4,104.0,179.0
69.4,61.7,1349.0,72.5,35.2,59.0,161.0
71.9,63.8,1429.0,78.3,36.8,39.0,132.0
74.7,66.1,1423.0,77.9,37.3,30.0,109.0
75.9,67.5,1349.0,76.1,36.8,25.0,109.0
74.7,67.1,1183.0,73.9,35.0,21.0,110.0
73.6,66.1,950.0,70.4,32.3,20.0,111.0
72.9,65.2,738.0,67.2,30.2,19.0,113.0
71.9,64.3,554.0,65.6,29.1,14.0,115.0
72.9,65.0,392.0,64.5,28.6,10.0,118.0
77.8,49.0,326.0,37.3,24.3,34.0,120.0
74.3,49.0,443.0,37.9,23.8,37.0,123.0
68.0,41.2,656.0,38.4,23.3,42.0,124.0
70.8,43.2,784.0,37.3,24.2,56.0,127.0
75.0,45.5,728.0,33.3,27.8,84.0,129.0
72.9,45.4,588.0,27.5,32.9,121.0,131.0
63.6,42.5,476.0,22.2,36.7,157.0,133.0
57.9,41.9,427.0,17.5,38.2,190.0,135.0
57.2,43.7,408.0,13.1,38.6,222.0,137.0
58.9,46.6,428.0,10.7,38.6,244.0,139.0
59.5,48.7,498.0,9.3,37.8,255.0,149.0
56.8,47.8,608.0,9.8,36.7,255.0,181.0
92.0,46.9,742.0,35.4,33.0,101.0,184.0
60.3,41.3,936.0,38.3,31.0,88.0,179.0
52.2,41.1,1155.0,42.6,28.3,70.0,165.0
49.5,43.5,1276.0,47.6,27.2,53.0,141.0
52.4,50.4,1229.0,55.0,29.5,39.0,139.0
58.6,58.4,1084.0,63.1,33.3,27.0,138.0
60.1,60.1,925.0,66.8,35.3,21.0,138.0
60.8,58.8,762.0,63.0,33.8,22.0,137.0
62.4,57.2,585.0,54.8,30.6,29.0,136.0
62.4,52.5,452.0,46.0,26.8,38.0,135.0
62.6,48.3,383.0,36.8,22.4,49.0,133.0
43.0,39.5,356.0,27.1,17.5,62.0,130.0
49.6,49.4,367.0,35.4,29.7,48.0,130.0
46.3,46.1,440.0,36.9,26.7,49.0,130.0
46.8,46.6,550.0,38.9,22.5,51.0,131.0
39.5,39.2,613.0,39.3,19.7,55.0,130.0
35.0,34.8,578.0,37.1,19.4,59.0,129.0
27.9,27.6,498.0,33.2,20.3,64.0,127.0
26.2,25.9,443.0,28.8,21.5,77.0,125.0
25.6,25.3,446.0,23.0,22.9,105.0,124.0
27.1,26.5,475.0,16.5,24.5,141.0,122.0
30.0,29.3,508.0,12.7,25.2,163.0,120.0
31.2,30.3,530.0,12.6,24.1,163.0,118.0
30.5,29.5,556.0,15.1,22.1,151.0,116.0
42.4,41.7,603.0,39.9,21.8,71.0,116.0
40.0,39.3,705.0,40.5,20.3,64.0,116.0
39.1,38.5,828.0,41.2,18.1,53.0,115.0
39.0,38.4,890.0,40.4,15.9,47.0,115.0
36.7,36.3,843.0,37.0,13.8,47.0,113.0
32.2,32.0,735.0,32.2,11.8,51.0,111.0
25.1,25.0,624.0,27.7,10.1,56.0,107.0
21.1,21.0,517.0,23.9,9.0,60.0,103.0
19.7,19.6,407.0,20.4,8.3,65.0,99.0
18.0,18.0,329.0,17.7,7.6,69.0,97.0
16.7,16.6,300.0,15.6,6.6,72.0,94.0
16.0,16.0,302.0,14.2,5.6,75.0,92.0
26.5,25.8,322.0,26.9,14.5,45.0,90.0
24.0,23.2,361.0,26.9,15.6,51.0,89.0
24.3,23.1,417.0,26.8,17.0,60.0,87.0
27.5,26.3,469.0,25.6,18.1,71.0,86.0
27.5,26.3,515.0,22.5,18.5,83.0,85.0
41.1,29.3,558.0,18.4,18.5,97.0,85.0
56.0,29.2,580.0,14.7,17.9,109.0,85.0
84.3,32.1,563.0,11.4,16.2,121.0,86.0
74.3,27.4,526.0,8.5,13.8,132.0,86.0
60.1,26.2,508.0,7.7,12.4,137.0,86.0
41.3,24.1,524.0,8.7,12.4,134.0,85.0
47.8,23.0,559.0,11.6,13.2,126.0,85.0
49.9,35.9,607.0,23.8,18.3,95.0,84.0
55.2,40.5,679.0,38.6,22.7,72.0,84.0
64.7,54.4,763.0,59.0,28.9,41.0,86.0
75.4,68.5,825.0,74.2,34.1,17.0,88.0
77.1,72.2,850.0,79.4,37.5,7.0,91.0
82.0,78.5,851.0,79.4,39.9,4.0,95.0
83.1,80.3,834.0,78.4,40.9,3.0,99.0
85.2,83.4,794.0,77.5,39.7,1.0,105.0
85.9,82.0,736.0,75.5,37.1,1.0,111.0
87.1,78.2,674.0,73.7,35.2,1.0,118.0
85.7,77.8,601.0,73.0,34.6,0.0,124.0
89.2,81.3,525.0,72.4,34.6,0.0,131.0
62.2,48.1,485.0,26.2,18.9,36.0,133.0
63.8,47.7,518.0,24.9,19.6,46.0,136.0
63.6,41.8,586.0,23.0,20.6,61.0,138.0
86.6,39.3,620.0,20.4,21.1,79.0,139.0
112.0,45.6,580.0,16.7,20.9,103.0,141.0
141.6,52.2,505.0,12.4,20.4,130.0,144.0
156.5,57.6,443.0,9.0,19.7,153.0,146.0
204.9,63.3,403.0,6.9,18.7,170.0,150.0
242.1,69.8,376.0,5.8,17.5,183.0,151.0
266.4,73.1,380.0,6.3,17.0,189.0,153.0
292.4,77.1,377.0,7.7,17.4,189.0,154.0
318.5,81.5,405.0,10.7,18.4,183.0,156.0
694.8,119.2,601.0,18.7,15.6,150.0,158.0
612.8,122.9,1138.0,37.8,20.1,119.0,161.0
556.9,128.1,1844.0,63.8,26.4,76.0,163.0
465.7,124.8,2335.0,81.0,30.8,44.0,165.0
332.5,105.9,2467.0,80.6,31.5,34.0,166.0
243.1,88.9,2384.0,71.3,30.5,35.0,166.0
203.5,82.9,2141.0,64.2,29.6,35.0,166.0
191.4,84.8,1643.0,63.4,29.6,30.0,166.0
161.1,80.8,985.0,64.7,29.8,25.0,166.0
139.7,73.6,501.0,66.1,30.3,20.0,166.0
133.2,72.9,345.0,68.2,31.3,11.0,166.0
151.8,79.6,362.0,70.5,32.7,2.0,166.0
238.0,98.5,426.0,55.3,26.9,19.0,167.0
233.3,96.2,542.0,49.3,27.6,33.0,169.0
261.7,100.1,703.0,40.7,28.4,54.0,170.0
373.5,111.5,767.0,31.9,27.6,76.0,173.0
508.5,125.7,630.0,22.7,23.5,100.0,175.0
612.8,137.4,396.0,13.2,17.8,125.0,181.0
739.5,149.5,224.0,6.5,13.4,143.0,193.0
905.2,165.8,180.0,3.6,11.5,149.0,221.0
1050.5,181.1,199.0,3.4,11.0,147.0,269.0
1084.1,184.9,251.0,5.4,10.9,141.0,316.0
1043.1,180.7,255.0,9.1,10.9,133.0,355.0
925.7,168.6,292.0,15.1,11.4,122.0,387.0
661.2,141.6,576.0,16.5,15.8,127.0,385.0
506.6,150.4,1437.0,43.6,24.4,92.0,379.0
506.6,173.7,2545.0,80.7,36.3,45.0,377.0
530.9,197.4,3120.0,106.4,45.9,10.0,380.0
508.5,208.6,2665.0,109.7,51.3,1.0,389.0
482.4,206.8,1678.0,101.7,54.3,5.0,401.0
446.1,193.2,873.0,94.0,54.5,8.0,411.0
402.3,177.9,528.0,91.1,50.5,6.0,420.0
359.5,163.0,366.0,88.6,43.7,4.0,429.0
339.9,150.4,270.0,84.9,37.6,3.0,437.0
341.8,142.0,223.0,80.1,33.5,2.0,446.0
362.3,137.8,242.0,74.1,30.2,2.0,454.0
592.3,132.2,265.0,29.1,12.0,30.0,469.0
715.3,151.3,278.0,24.5,12.0,40.0,489.0
741.3,170.0,295.0,18.1,12.0,54.0,509.0
933.2,189.5,297.0,12.6,12.0,70.0,532.0
1005.8,195.6,271.0,9.0,11.9,90.0,553.0
1169.7,212.8,230.0,6.4,11.9,111.0,576.0
1333.7,230.0,200.0,4.6,11.6,126.0,601.0
1397.0,233.3,187.0,3.4,11.0,130.0,622.0
1307.6,220.3,186.0,3.0,10.1,127.0,632.0
1192.1,203.5,201.0,4.1,9.8,122.0,637.0
1061.7,185.8,229.0,6.5,9.9,117.0,638.0
851.2,167.6,275.0,10.4,10.5,110.0,635.0
810.3,185.3,357.0,16.6,15.2,117.0,641.0
687.3,187.7,530.0,33.8,20.4,93.0,648.0
709.7,200.7,739.0,57.4,27.7,61.0,657.0
732.0,213.3,838.0,74.0,33.6,36.0,665.0
735.7,219.3,728.0,77.4,37.5,28.0,675.0
746.9,223.1,509.0,73.8,40.1,28.0,686.0
707.8,220.7,333.0,69.0,39.8,28.0,697.0
663.1,207.7,260.0,64.6,34.8,26.0,707.0
622.1,195.1,231.0,59.0,27.1,24.0,718.0
577.4,175.6,217.0,52.3,20.4,24.0,728.0
534.6,152.7,208.0,43.8,16.2,25.0,736.0
519.7,137.8,215.0,34.2,13.1,27.0,743.0
516.0,140.6,242.0,21.1,10.3,47.0,740.0
510.4,142.5,314.0,20.9,11.7,55.0,731.0
488.0,144.4,406.0,20.6,13.5,67.0,721.0
555.1,138.8,453.0,18.9,14.6,81.0,705.0
564.4,127.1,409.0,14.7,14.3,99.0,686.0
590.5,122.0,319.0,9.3,13.2,119.0,662.0
599.8,117.3,252.0,5.4,12.4,134.0,632.0
579.3,112.9,230.0,3.8,12.1,143.0,598.0
519.7,104.5,230.0,3.8,11.9,146.0,565.0
510.4,105.0,255.0,5.2,12.0,146.0,536.0
489.9,103.8,265.0,6.8,11.9,142.0,513.0
448.0,98.0,300.0,10.0,12.0,134.0,496.0
444.2,104.3,475.0,21.8,13.1,110.0,481.0
393.0,111.1,975.0,41.5,18.7,84.0,468.0
417.2,124.3,1616.0,68.6,26.7,49.0,456.0
442.4,140.6,1962.0,89.1,34.0,21.0,444.0
455.4,158.3,1741.0,97.3,40.6,9.0,432.0
446.1,171.8,1226.0,98.8,46.5,4.0,420.0
386.5,157.4,801.0,96.5,48.8,3.0,406.0
327.8,132.2,622.0,90.3,45.2,3.0,391.0
333.4,123.9,534.0,80.1,38.0,7.0,375.0
345.5,122.0,451.0,69.0,31.1,11.0,363.0
383.7,121.1,311.0,56.6,25.5,16.0,356.0
493.6,131.8,177.0,43.3,20.2,21.0,354.0
164.8,68.0,153.0,24.7,12.1,42.0,336.0
148.5,63.1,360.0,24.5,13.4,48.0,317.0
152.3,63.3,677.0,23.9,15.3,57.0,299.0
207.2,71.2,852.0,22.0,16.5,71.0,279.0
307.3,86.6,731.0,17.4,16.6,97.0,263.0
427.5,104.5,468.0,11.5,16.1,128.0,254.0
555.1,121.1,269.0,7.0,15.4,150.0,251.0
655.7,133.6,210.0,4.9,14.4,156.0,256.0
704.1,140.2,214.0,4.2,13.2,152.0,267.0
720.8,142.5,259.0,5.2,12.4,145.0,279.0
689.2,138.8,353.0,7.8,12.0,136.0,291.0
691.0,140.6,487.0,12.1,11.9,124.0,305.0
465.7,125.7,617.0,17.8,15.4,124.0,306.0
327.8,111.8,742.0,26.2,16.8,103.0,303.0
260.8,101.7,863.0,37.7,18.7,74.0,294.0
212.8,94.8,931.0,45.5,20.1,51.0,280.0
163.0,81.3,918.0,46.0,20.3,41.0,263.0
129.9,70.5,853.0,42.8,19.9,39.0,244.0
121.5,68.9,771.0,39.4,19.6,38.0,228.0
122.5,66.6,673.0,36.9,19.6,39.0,216.0
118.3,61.9,559.0,34.3,19.7,43.0,203.0
115.5,58.8,463.0,32.0,19.5,45.0,196.0
121.1,58.4,377.0,30.1,18.9,43.0,191.0
127.1,58.9,309.0,28.6,18.1,40.0,183.0
76.6,51.5,321.0,40.3,19.4,20.0,181.0
99.0,53.6,505.0,39.8,19.7,26.0,180.0
115.9,61.2,769.0,38.6,20.1,35.0,179.0
149.9,68.7,900.0,35.0,19.8,51.0,178.0
220.7,82.0,759.0,26.4,18.3,82.0,176.0
321.3,97.3,485.0,15.3,16.2,121.0,176.0
424.7,110.6,279.0,7.1,14.5,148.0,175.0
523.4,122.0,224.0,4.0,13.4,155.0,175.0
599.8,129.9,236.0,3.7,12.7,150.0,175.0
651.9,136.0,267.0,5.1,12.3,142.0,174.0
709.7,142.5,265.0,6.4,11.6,135.0,175.0
733.9,149.5,281.0,9.3,11.2,124.0,175.0
523.4,127.1,423.0,16.4,13.8,107.0,175.0
471.2,130.9,833.0,33.8,19.1,82.0,175.0
441.4,142.5,1368.0,57.7,26.5,48.0,177.0
415.4,153.2,1707.0,74.4,31.9,23.0,179.0
365.1,149.5,1693.0,77.4,33.8,15.0,183.0
353.0,138.3,1483.0,73.3,33.7,16.0,188.0
326.0,128.1,1232.0,68.5,32.7,17.0,192.0
284.1,116.4,949.0,64.9,30.8,16.0,195.0
244.0,106.9,623.0,60.5,27.9,16.0,198.0
210.9,98.5,380.0,56.3,25.1,16.0,200.0
182.1,90.1,276.0,52.7,22.5,13.0,203.0
172.3,84.8,254.0,49.2,19.9,9.0,206.0
379.0,115.9,268.0,30.1,13.5,30.0,224.0
371.6,118.5,331.0,29.1,14.8,43.0,240.0
345.5,121.1,430.0,27.4,16.5,62.0,254.0
383.7,116.9,481.0,24.3,17.5,82.0,268.0
372.5,102.9,431.0,18.4,17.0,106.0,277.0
451.7,105.7,332.0,11.1,15.6,132.0,284.0
573.7,116.9,255.0,5.7,14.4,149.0,293.0
685.5,127.6,228.0,3.7,13.6,153.0,302.0
692.9,127.6,223.0,3.5,12.8,149.0,307.0
666.8,124.3,229.0,4.5,12.2,142.0,308.0
614.7,117.6,218.0,5.3,11.4,136.0,303.0
573.7,115.9,218.0,7.1,10.8,127.0,294.0
782.3,145.3,306.0,13.1,11.6,113.0,308.0
765.5,158.3,582.0,29.7,15.4,89.0,324.0
819.6,178.8,946.0,52.7,20.8,56.0,343.0
907.1,200.7,1172.0,71.3,26.4,29.0,369.0
979.8,221.7,1141.0,81.0,32.4,15.0,401.0
1009.6,237.5,973.0,86.3,38.5,7.0,428.0
1024.5,247.7,796.0,89.7,43.2,2.0,457.0
1054.3,255.2,638.0,91.7,45.3,0.0,489.0
1087.8,261.7,471.0,91.8,45.9,0.0,524.0
1113.9,267.3,345.0,90.9,46.5,0.0,562.0
1113.9,271.0,279.0,90.0,48.4,0.0,601.0
1039.4,267.3,255.0,88.0,50.3,0.0,637.0
489.9,162.1,264.0,69.6,32.9,1.0,642.0
407.0,145.3,334.0,58.9,29.8,20.0,643.0
358.6,126.2,437.0,44.0,25.5,48.0,644.0
367.9,110.4,488.0,30.5,21.5,76.0,643.0
436.8,110.6,430.0,20.2,18.3,104.0,646.0
534.6,119.7,319.0,11.4,15.5,133.0,649.0
553.2,118.5,235.0,5.3,13.3,152.0,648.0
556.9,116.4,210.0,2.9,11.9,155.0,643.0
597.9,119.2,213.0,3.3,11.1,149.0,639.0
638.9,123.4,224.0,4.7,10.6,141.0,638.0
696.6,129.9,211.0,6.2,10.2,134.0,641.0
711.5,133.6,208.0,8.8,10.2,126.0,647.0
920.1,165.8,295.0,15.1,10.4,101.0,653.0
858.7,168.6,576.0,24.7,12.9,84.0,657.0
830.7,176.0,949.0,38.2,16.6,61.0,657.0
782.3,178.8,1186.0,51.3,20.4,40.0,652.0
800.9,187.2,1170.0,63.6,24.6,25.0,644.0
830.7,194.6,1018.0,75.4,28.9,12.0,637.0
793.5,200.2,856.0,83.0,32.0,3.0,627.0
722.7,197.9,714.0,84.2,33.1,0.0,614.0
646.3,191.4,561.0,81.2,32.9,0.0,595.0
538.3,176.0,435.0,76.6,31.9,1.0,571.0
434.0,155.1,341.0,70.9,30.0,3.0,543.0
349.2,131.3,273.0,63.6,27.2,7.0,514.0
372.5,141.6,253.0,70.4,35.5,4.0,509.0
290.6,112.0,321.0,58.9,30.0,20.0,504.0
282.2,98.3,436.0,42.8,22.4,43.0,501.0
335.3,92.2,496.0,28.7,16.3,66.0,500.0
459.1,98.0,438.0,18.8,13.2,89.0,501.0
661.2,120.1,324.0,11.0,11.7,112.0,506.0
938.8,156.5,239.0,5.6,10.7,129.0,522.0
1158.6,186.3,219.0,3.2,10.2,136.0,547.0
1251.7,200.7,228.0,3.2,10.2,137.0,574.0
1292.7,206.3,247.0,4.6,10.3,134.0,602.0
1277.8,206.3,256.0,6.7,10.1,130.0,626.0
1214.4,204.9,275.0,10.2,10.0,122.0,647.0
789.8,147.6,343.0,22.4,17.2,83.0,641.0
672.4,148.5,522.0,39.8,20.9,62.0,634.0
648.2,157.9,751.0,63.8,26.1,32.0,626.0
694.8,170.9,887.0,81.2,30.4,10.0,622.0
579.3,169.0,854.0,86.0,33.0,2.0,613.0
510.4,152.7,729.0,84.3,34.7,2.0,600.0
437.7,139.2,600.0,80.6,35.1,4.0,585.0
376.3,126.7,481.0,75.9,33.7,6.0,570.0
323.2,116.2,358.0,69.3,31.0,10.0,557.0
275.7,106.6,272.0,62.9,28.4,14.0,546.0
252.4,99.0,243.0,57.6,26.1,15.0,539.0
252.4,94.8,253.0,52.5,23.9,16.0,534.0
209.1,110.8,286.0,71.9,33.6,3.0,528.0
181.1,105.7,365.0,65.1,33.8,18.0,523.0
161.6,100.4,467.0,55.3,33.8,39.0,518.0
146.2,81.5,513.0,44.5,32.2,64.0,510.0
176.5,70.5,447.0,31.9,27.7,96.0,498.0
285.9,75.7,324.0,18.4,21.6,131.0,483.0
429.3,90.1,231.0,8.4,16.7,155.0,462.0
499.2,97.6,201.0,4.1,13.9,160.0,434.0
603.5,111.8,201.0,3.3,12.1,154.0,407.0
666.8,118.7,212.0,4.3,11.2,144.0,376.0
717.1,126.7,221.0,5.9,10.8,133.0,347.0
752.5,131.3,241.0,9.1,11.2,118.0,323.0
536.4,127.1,293.0,22.2,26.1,114.0,310.0
445.2,121.5,412.0,27.0,28.8,101.0,298.0
374.4,116.2,561.0,33.7,32.6,84.0,281.0
305.5,108.7,655.0,38.7,35.4,69.0,258.0
268.2,103.6,648.0,40.6,36.6,59.0,240.0
238.4,98.3,586.0,40.8,36.8,52.0,223.0
210.0,91.5,513.0,40.4,36.4,47.0,210.0
210.0,89.6,433.0,39.7,35.4,43.0,200.0
241.2,90.8,344.0,38.4,33.7,40.0,198.0
269.2,92.4,279.0,36.7,31.3,39.0,198.0
291.5,95.2,249.0,34.1,27.3,39.0,199.0
275.7,92.9,244.0,31.2,22.5,39.0,199.0
71.7,32.9,273.0,19.4,12.3,57.0,197.0
58.0,31.3,358.0,24.0,14.7,54.0,194.0
54.5,30.6,477.0,30.1,17.8,50.0,192.0
53.8,33.5,567.0,32.8,19.7,50.0,190.0
62.2,34.7,608.0,28.8,18.9,59.0,188.0
90.8,36.8,620.0,21.3,16.7,72.0,183.0
110.6,39.5,601.0,15.6,15.1,83.0,177.0
126.2,42.3,526.0,13.3,14.5,88.0,170.0
199.3,51.9,419.0,12.8,14.4,91.0,168.0
265.4,61.0,354.0,13.8,15.4,92.0,166.0
297.1,67.5,340.0,16.0,17.8,94.0,165.0
320.4,73.6,368.0,19.7,21.2,94.0,163.0
75.2,35.4,480.0,33.5,21.7,86.0,160.0
76.1,41.2,764.0,47.4,26.8,64.0,158.0
83.6,54.4,1133.0,66.3,33.7,35.0,156.0
86.4,63.6,1368.0,78.4,38.3,15.0,155.0
82.2,62.4,1364.0,77.7,38.4,14.0,153.0
77.8,59.5,1225.0,70.1,36.1,22.0,152.0
64.0,51.1,1047.0,61.7,33.5,31.0,151.0
51.3,42.3,824.0,53.7,31.1,38.0,148.0
41.4,34.9,561.0,44.8,28.5,46.0,143.0
36.2,31.4,367.0,37.6,26.4,51.0,136.0
33.9,30.6,289.0,33.4,25.2,51.0,130.0
29.3,27.8,280.0,30.8,24.5,48.0,123.0
20.7,18.7,311.0,25.4,19.3,49.0,121.0
21.3,20.3,407.0,25.0,21.3,54.0,120.0
21.9,21.2,543.0,24.4,24.0,62.0,119.0
22.8,22.3,620.0,22.9,25.3,71.0,118.0
16.1,15.5,577.0,19.7,23.7,83.0,116.0
13.5,13.0,474.0,15.5,20.8,96.0,113.0
12.4,12.0,394.0,12.6,18.6,107.0,111.0
12.0,11.7,362.0,11.8,18.2,115.0,107.0
12.4,12.1,353.0,12.1,18.6,121.0,103.0
13.8,13.6,366.0,12.9,19.2,126.0,99.0
13.7,13.5,406.0,13.5,19.7,132.0,95.0
15.3,15.1,468.0,14.6,20.3,136.0,90.0
31.3,30.2,542.0,21.8,20.1,115.0,89.0
37.1,36.4,648.0,26.4,20.5,101.0,89.0
40.4,39.9,765.0,32.6,21.0,82.0,88.0
35.4,35.2,822.0,36.0,21.1,68.0,86.0
32.8,32.7,769.0,33.9,20.4,66.0,83.0
32.4,32.2,655.0,29.0,19.2,70.0,81.0
31.4,31.3,558.0,24.6,18.2,73.0,80.0
30.3,30.3,506.0,22.0,17.5,73.0,79.0
30.2,30.0,472.0,20.0,16.9,73.0,78.0
29.3,29.3,443.0,18.5,16.6,72.0,78.0
29.6,29.5,410.0,17.5,16.8,69.0,78.0
29.8,29.6,384.0,17.0,17.3,65.0,78.0
36.4,36.1,386.0,22.9,20.7,53.0,80.0
35.6,35.2,446.0,22.6,20.1,58.0,81.0
35.7,35.3,534.0,22.0,19.4,66.0,82.0
37.1,36.7,584.0,20.3,18.9,81.0,83.0
38.1,37.4,558.0,16.4,19.0,109.0,85.0
34.5,33.8,495.0,11.5,19.5,143.0,86.0
104.8,41.2,442.0,7.8,19.8,170.0,89.0
125.3,42.3,413.0,5.8,19.7,184.0,91.0
85.9,37.4,394.0,5.1,19.4,190.0,93.0
95.5,39.5,396.0,7.0,19.4,187.0,107.0
98.7,40.3,413.0,13.0,19.8,171.0,129.0
71.9,35.3,451.0,21.7,20.6,146.0,143.0
16.4,14.7,539.0,14.7,18.3,145.0,151.0
18.2,17.3,742.0,24.3,20.7,121.0,146.0
24.3,23.9,994.0,37.3,23.9,88.0,129.0
25.6,25.4,1128.0,45.1,25.8,65.0,103.0
23.7,23.3,1040.0,42.9,25.3,62.0,93.0
21.2,21.0,833.0,35.6,23.6,68.0,92.0
17.9,17.6,651.0,29.1,22.0,73.0,91.0
15.1,14.9,543.0,25.2,20.9,73.0,90.0
73.1,21.2,459.0,22.1,20.0,71.0,89.0
88.7,24.9,397.0,20.0,19.4,68.0,89.0
98.5,28.7,352.0,19.3,19.2,63.0,89.0
127.1,34.2,328.0,19.7,19.3,58.0,89.0
75.9,30.7,339.0,21.4,19.2,55.0,89.0
88.2,33.5,418.0,20.4,20.3,63.0,89.0
116.6,38.6,533.0,18.9,21.7,76.0,89.0
43.4,28.3,595.0,16.8,22.3,92.0,88.0
26.5,23.1,551.0,13.3,21.2,116.0,87.0
22.1,21.5,455.0,9.2,19.2,144.0,86.0
20.7,20.5,382.0,6.4,17.6,164.0,85.0
20.7,20.4,356.0,5.6,16.5,170.0,83.0
128.1,33.3,354.0,6.2,15.7,168.0,83.0
74.7,28.2,381.0,7.6,15.7,163.0,99.0
79.2,28.9,447.0,10.0,17.1,157.0,116.0
73.8,31.0,541.0,13.3,19.3,148.0,128.0
22.6,22.5,637.0,16.5,15.5,132.0,132.0
27.7,27.6,748.0,21.0,17.4,119.0,126.0
28.9,28.8,861.0,27.0,20.0,100.0,113.0
28.8,28.8,908.0,30.6,21.8,87.0,95.0
29.5,29.5,841.0,29.3,22.0,84.0,83.0
30.2,30.0,708.0,25.5,21.3,86.0,84.0
30.0,30.0,582.0,22.4,20.6,87.0,85.0
30.6,30.5,480.0,21.1,20.1,83.0,86.0
31.8,31.7,385.0,20.4,19.6,78.0,87.0
33.6,33.5,318.0,19.9,19.2,74.0,88.0
35.2,35.0,287.0,19.4,18.9,71.0,88.0
35.6,35.6,284.0,19.0,18.8,68.0,88.0
37.7,37.7,306.0,18.0,20.5,73.0,89.0
37.7,37.7,377.0,17.8,20.3,77.0,89.0
34.5,34.3,473.0,17.4,20.1,83.0,89.0
31.5,31.5,525.0,16.3,19.8,94.0,89.0
26.4,26.4,488.0,13.6,19.5,113.0,89.0
24.2,24.1,407.0,10.2,19.2,136.0,89.0
22.9,22.9,345.0,7.9,18.9,152.0,90.0
21.4,21.4,320.0,7.4,18.5,153.0,90.0
20.4,20.4,315.0,8.1,18.1,147.0,89.0
17.7,17.7,336.0,9.4,18.1,140.0,88.0
16.2,16.1,389.0,10.9,19.0,137.0,95.0
16.6,16.5,468.0,13.2,20.3,133.0,103.0
23.5,23.3,568.0,17.3,18.3,119.0,104.0
29.6,29.5,732.0,26.2,19.7,98.0,96.0
34.6,34.3,918.0,38.2,21.5,70.0,86.0
34.7,34.3,988.0,45.1,22.5,50.0,87.0
33.4,32.8,841.0,42.2,21.9,47.0,87.0
33.2,31.9,578.0,34.3,20.5,52.0,87.0
33.1,30.5,375.0,27.6,19.5,57.0,87.0
31.8,28.0,304.0,24.1,19.6,58.0,87.0
31.4,26.5,293.0,21.8,20.1,59.0,87.0
31.5,26.3,290.0,20.4,20.6,58.0,86.0
31.1,26.5,276.0,20.4,21.0,54.0,85.0
30.5,27.1,270.0,21.3,21.3,50.0,85.0
33.9,29.7,288.0,22.5,22.4,46.0,84.0
32.8,29.8,353.0,21.9,22.5,52.0,83.0
30.6,28.5,441.0,20.9,22.6,60.0,83.0
31.1,29.0,493.0,19.0,22.1,72.0,83.0
34.2,29.5,472.0,15.4,20.6,91.0,83.0
32.8,26.8,414.0,11.0,18.6,113.0,83.0
29.0,24.3,369.0,7.8,17.1,130.0,83.0
29.6,25.8,350.0,6.4,16.5,140.0,84.0
66.1,32.2,344.0,6.3,16.3,144.0,85.0
39.3,26.4,361.0,7.7,16.4,143.0,85.0
33.4,25.1,413.0,10.7,16.5,135.0,86.0
32.1,24.9,488.0,15.2,16.8,120.0,87.0
41.8,38.3,565.0,23.0,12.4,97.0,88.0
46.1,44.2,648.0,29.1,13.7,80.0,89.0
52.7,51.8,733.0,37.3,15.6,58.0,90.0
50.9,50.3,781.0,42.5,17.3,42.0,92.0
45.4,45.1,772.0,42.0,18.7,40.0,93.0
47.0,46.8,727.0,38.4,19.9,45.0,94.0
48.3,48.1,670.0,34.6,20.6,50.0,95.0
48.7,48.5,597.0,31.2,20.3,53.0,97.0
47.1,47.0,511.0,27.7,19.5,55.0,98.0
45.6,45.4,446.0,25.2,18.9,56.0,100.0
44.9,44.7,415.0,24.9,18.8,52.0,102.0
46.3,44.9,405.0,25.7,19.0,47.0,104.0
26.8,26.0,408.0,23.0,17.2,56.0,103.0
28.6,27.8,432.0,22.2,19.6,64.0,103.0
27.9,26.9,470.0,21.0,23.0,76.0,103.0
31.4,28.9,487.0,19.1,26.1,94.0,103.0
36.4,32.1,463.0,16.0,28.7,124.0,103.0
41.6,34.7,418.0,12.2,30.9,160.0,104.0
46.4,36.7,382.0,9.2,32.1,189.0,105.0
49.0,36.8,363.0,7.3,31.3,207.0,106.0
51.2,39.0,352.0,6.1,29.5,219.0,108.0
51.3,39.3,354.0,6.1,28.4,224.0,142.0
51.8,40.4,335.0,5.7,28.3,226.0,168.0
54.1,40.2,329.0,6.5,28.8,221.0,188.0
56.9,44.2,445.0,12.4,25.0,184.0,197.0
61.0,51.0,831.0,33.2,30.9,148.0,195.0
78.7,70.1,1340.0,61.6,38.9,98.0,181.0
94.5,86.1,1633.0,81.2,44.5,59.0,157.0
99.0,91.3,1507.0,83.0,45.3,43.0,123.0
96.2,89.4,1165.0,76.1,43.7,38.0,128.0
91.5,85.2,885.0,70.5,42.2,33.0,132.0
92.9,86.4,764.0,70.7,41.7,25.0,136.0
95.9,89.6,703.0,72.4,41.4,17.0,140.0
97.8,91.0,690.0,72.6,40.5,12.0,145.0
98.7,92.2,743.0,70.5,38.3,8.0,150.0
96.9,90.8,843.0,67.1,35.7,5.0,151.0
86.6,82.7,914.0,58.3,33.4,22.0,153.0
87.8,84.1,933.0,54.3,38.7,38.0,155.0
84.8,79.2,923.0,48.4,45.8,62.0,156.0
73.6,65.2,875.0,41.4,49.8,93.0,157.0
72.2,55.9,760.0,32.1,47.9,136.0,158.0
66.4,50.3,606.0,21.7,42.9,187.0,158.0
59.8,46.3,493.0,13.9,38.6,228.0,159.0
60.3,47.5,448.0,10.6,36.3,256.0,159.0
61.2,48.8,443.0,9.9,34.6,275.0,159.0
62.6,50.6,475.0,10.4,33.2,283.0,180.0
63.8,49.8,541.0,11.0,31.9,280.0,206.0
63.3,47.7,644.0,12.7,31.0,267.0,218.0
81.3,50.2,792.0,23.7,28.1,185.0,221.0
87.3,58.7,1067.0,33.3,31.3,156.0,219.0
96.2,66.6,1388.0,46.2,35.6,117.0,212.0
87.5,68.7,1519.0,53.7,37.9,86.0,200.0
96.4,66.6,1289.0,50.8,36.5,74.0,168.0
120.1,64.5,869.0,42.5,33.0,72.0,159.0
135.0,61.2,543.0,35.3,29.5,70.0,158.0
116.9,56.5,432.0,31.2,26.3,68.0,157.0
90.1,51.6,414.0,28.1,23.1,66.0,156.0
75.7,49.8,404.0,26.1,20.6,64.0,155.0
68.0,49.4,366.0,25.4,19.1,58.0,153.0
62.2,48.4,336.0,25.7,18.2,50.0,152.0
113.6,55.8,342.0,32.3,22.6,39.0,151.0
101.7,54.0,420.0,32.2,24.3,43.0,150.0
83.4,48.4,534.0,31.8,26.7,51.0,148.0
78.2,44.6,606.0,30.1,28.6,68.0,146.0
100.4,47.5,594.0,25.9,29.4,101.0,145.0
108.7,48.9,540.0,20.4,29.6,144.0,145.0
90.3,44.1,495.0,15.8,29.9,182.0,145.0
76.6,42.0,472.0,12.5,30.6,213.0,144.0
70.3,43.3,458.0,10.1,31.4,239.0,143.0
64.5,43.4,465.0,10.1,31.7,250.0,143.0
61.0,43.5,468.0,12.7,30.5,241.0,167.0
59.0,44.0,492.0,17.6,28.7,218.0,191.0
47.7,34.7,618.0,49.5,34.5,86.0,188.0
42.3,32.4,969.0,57.7,36.7,70.0,176.0
46.7,39.8,1422.0,69.0,39.9,47.0,155.0
54.5,47.6,1692.0,77.7,43.0,29.0,132.0
59.5,52.7,1616.0,81.5,46.4,19.0,131.0
56.8,51.3,1358.0,82.8,49.7,13.0,129.0
51.5,47.4,1120.0,82.9,51.0,9.0,128.0
47.1,43.8,974.0,82.6,48.6,6.0,127.0
45.4,42.1,849.0,81.2,44.2,5.0,126.0
47.8,44.8,738.0,78.1,40.9,6.0,125.0
51.2,47.8,626.0,72.3,39.7,10.0,125.0
49.8,46.6,527.0,64.8,39.6,16.0,125.0
51.3,47.8,477.0,57.6,43.8,24.0,124.0
53.7,51.1,510.0,52.5,42.1,33.0,124.0
47.3,43.9,592.0,45.4,39.9,46.0,123.0
42.3,38.2,651.0,39.6,39.5,62.0,123.0
39.8,35.5,652.0,36.7,42.5,80.0,121.0
36.8,32.0,629.0,35.0,47.2,101.0,120.0
36.6,31.5,618.0,33.3,51.0,122.0,118.0
39.3,34.0,626.0,30.3,52.6,145.0,117.0
43.1,36.8,645.0,27.3,53.2,168.0,117.0
46.4,39.8,682.0,26.3,54.2,184.0,116.0
52.4,43.5,702.0,26.5,55.9,194.0,116.0
53.6,45.9,739.0,28.8,58.0,198.0,120.0
70.3,59.6,903.0,20.4,43.4,226.0,151.0
75.9,68.0,1328.0,32.9,46.3,195.0,166.0
85.2,80.1,1880.0,49.9,50.1,151.0,170.0
79.6,75.4,2271.0,61.6,51.9,114.0,165.0
83.1,80.3,2384.0,63.2,50.1,91.0,153.0
83.8,81.5,2337.0,59.5,46.2,74.0,136.0
82.7,80.8,2192.0,54.6,42.0,62.0,139.0
79.4,77.8,1918.0,49.2,37.6,54.0,143.0
75.9,74.7,1547.0,42.6,32.8,50.0,146.0
72.9,71.7,1241.0,37.6,29.1,47.0,149.0
70.1,69.2,1064.0,35.4,26.7,41.0,150.0
68.2,67.5,952.0,34.7,25.3,36.0,151.0
70.8,70.5,871.0,38.8,25.6,44.0,152.0
73.8,73.3,829.0,37.8,29.4,56.0,152.0
68.7,68.2,818.0,36.3,34.6,75.0,153.0
52.9,52.4,776.0,33.0,38.1,100.0,154.0
47.5,47.0,656.0,26.6,38.3,138.0,154.0
45.1,43.2,504.0,18.5,36.8,183.0,154.0
42.8,41.8,401.0,12.3,35.2,219.0,154.0
43.9,41.1,381.0,9.3,33.7,240.0,155.0
52.2,41.9,410.0,8.2,32.1,252.0,155.0
55.9,42.1,461.0,8.6,30.8,254.0,170.0
55.2,41.2,546.0,10.6,30.1,244.0,197.0
53.1,40.6,655.0,14.2,29.7,224.0,207.0
42.7,40.9,727.0,20.0,23.4,164.0,209.0
45.2,43.8,728.0,28.6,24.7,135.0,206.0
47.5,46.4,693.0,40.3,26.5,96.0,194.0
46.7,46.1,669.0,47.9,27.3,66.0,166.0
45.9,45.5,684.0,47.7,26.3,54.0,151.0
46.3,45.8,709.0,43.3,24.2,52.0,148.0
46.6,45.4,707.0,38.4,22.2,52.0,144.0
45.2,43.3,652.0,33.6,20.4,53.0,141.0
41.2,39.3,570.0,28.3,18.6,57.0,137.0
34.7,33.8,493.0,24.1,17.5,60.0,133.0
29.5,29.0,425.0,21.7,17.5,60.0,129.0
136.9,38.3,363.0,20.5,18.3,58.0,126.0
146.2,37.7,334.0,19.9,18.9,59.0,123.0
89.4,32.6,368.0,19.5,19.6,63.0,118.0
47.5,27.4,434.0,18.8,20.6,69.0,114.0
25.4,21.6,472.0,17.3,20.9,81.0,111.0
21.8,20.5,446.0,14.3,20.1,103.0,108.0
22.1,21.3,392.0,10.6,18.7,131.0,106.0
23.3,22.8,353.0,7.9,17.4,150.0,104.0
22.6,22.2,342.0,6.7,16.1,154.0,102.0
28.2,20.8,347.0,6.6,14.8,149.0,100.0
30.4,21.7,372.0,7.3,14.4,144.0,98.0
23.7,20.7,431.0,8.9,15.5,142.0,97.0
21.4,20.2,511.0,11.3,17.5,139.0,103.0
32.0,31.5,571.0,19.2,19.1,125.0,108.0
35.5,35.2,599.0,24.9,20.5,107.0,103.0
37.0,36.7,609.0,32.5,22.4,83.0,93.0
36.8,36.3,600.0,37.1,23.4,65.0,92.0
35.6,34.9,566.0,36.0,22.9,58.0,91.0
34.3,33.4,514.0,31.8,21.6,58.0,90.0
32.1,31.2,461.0,27.7,20.3,58.0,89.0
29.5,28.6,410.0,24.4,19.2,59.0,88.0
157.9,41.2,358.0,21.2,18.2,61.0,88.0
225.8,49.4,321.0,18.9,17.7,62.0,89.0
252.4,52.9,299.0,18.2,17.9,59.0,91.0
243.1,52.4,292.0,18.4,18.6,56.0,92.0
26.5,25.5,308.0,18.9,19.4,55.0,91.0
27.8,26.8,372.0,18.5,19.7,62.0,91.0
28.6,27.5,460.0,17.8,20.0,73.0,91.0
27.4,26.4,511.0,16.4,20.4,88.0,91.0
26.0,25.3,487.0,13.7,20.8,112.0,92.0
117.8,34.8,424.0,10.2,21.1,140.0,93.0
44.8,27.6,375.0,7.8,21.4,162.0,93.0
61.0,30.2,348.0,7.0,21.4,172.0,94.0
38.1,30.5,334.0,7.2,21.4,175.0,94.0
33.6,30.0,353.0,8.1,21.4,173.0,99.0
31.3,29.5,424.0,9.5,21.6,168.0,120.0
29.8,28.8,529.0,11.6,22.0,157.0,134.0
55.9,36.6,631.0,14.6,21.9,159.0,144.0
53.3,41.2,738.0,20.8,22.7,137.0,144.0
51.5,44.9,843.0,29.2,23.8,107.0,132.0
48.1,44.9,886.0,34.8,24.2,84.0,113.0
44.4,43.2,825.0,35.2,23.5,75.0,99.0
41.2,40.7,703.0,32.8,22.2,74.0,100.0
40.4,40.3,590.0,29.7,20.9,75.0,101.0
37.6,37.4,505.0,25.8,19.7,78.0,102.0
35.5,35.0,429.0,21.1,18.6,83.0,101.0
35.4,34.6,374.0,17.8,17.9,86.0,100.0
36.6,35.3,344.0,17.0,17.8,82.0,98.0
37.5,35.9,336.0,17.6,18.3,76.0,97.0
45.3,44.2,354.0,22.8,22.8,62.0,98.0
46.4,45.2,424.0,22.0,25.0,71.0,100.0
44.9,43.0,519.0,20.7,27.9,85.0,101.0
69.8,39.3,565.0,18.5,29.7,105.0,103.0
79.6,39.9,513.0,14.7,29.5,135.0,104.0
61.9,38.1,412.0,9.9,28.3,171.0,105.0
53.8,37.7,333.0,6.5,26.7,197.0,106.0
47.4,36.3,304.0,5.0,24.7,205.0,106.0
42.0,34.5,298.0,4.9,22.3,203.0,116.0
40.6,35.3,305.0,5.8,20.9,197.0,143.0
40.5,36.9,311.0,7.7,21.0,189.0,161.0
38.2,35.6,331.0,10.7,22.0,177.0,173.0
30.6,29.8,393.0,16.0,21.2,139.0,173.0
34.7,33.8,545.0,21.0,21.9,120.0,165.0
38.4,37.7,740.0,27.9,22.9,94.0,148.0
37.4,36.8,867.0,32.4,23.3,73.0,120.0
37.7,37.0,874.0,32.4,22.7,64.0,105.0
39.3,38.4,813.0,30.0,21.6,61.0,105.0
38.5,37.4,734.0,27.4,20.5,60.0,104.0
37.3,35.6,637.0,25.0,19.6,61.0,104.0
36.6,34.5,520.0,22.4,18.7,64.0,104.0
35.0,32.6,430.0,20.6,18.1,66.0,104.0
31.5,28.8,377.0,20.0,17.7,64.0,103.0
29.7,27.0,350.0,20.2,17.6,60.0,102.0
27.9,25.8,363.0,21.2,18.8,52.0,101.0
31.5,28.9,454.0,22.7,22.1,54.0,99.0
34.3,31.3,585.0,24.5,26.6,58.0,98.0
33.8,31.1,661.0,24.5,29.7,70.0,98.0
32.9,30.9,626.0,20.8,30.3,97.0,97.0
31.8,29.9,535.0,15.4,29.4,132.0,96.0
33.5,31.7,461.0,11.3,28.2,158.0,96.0
32.8,31.3,420.0,9.6,26.6,169.0,95.0
32.0,30.7,395.0,9.4,24.6,171.0,95.0
33.4,32.2,405.0,11.0,23.0,167.0,95.0
32.8,31.9,456.0,14.6,21.7,155.0,105.0
32.0,31.3,541.0,20.0,20.8,136.0,119.0
45.8,44.6,660.0,22.0,20.1,140.0,128.0
49.0,48.3,856.0,34.1,24.4,116.0,124.0
57.4,57.0,1086.0,50.9,30.4,82.0,108.0
65.9,65.7,1221.0,63.9,35.3,55.0,100.0
71.0,70.8,1191.0,70.5,38.2,39.0,104.0
78.7,78.5,1066.0,73.2,40.0,29.0,108.0
76.6,76.4,928.0,71.6,40.3,25.0,112.0
75.4,75.2,790.0,63.2,38.4,29.0,116.0
63.8,63.6,640.0,50.4,35.1,39.0,119.0
55.3,54.9,520.0,39.7,31.7,47.0,121.0
45.6,45.4,438.0,33.2,28.5,51.0,123.0
38.4,38.3,386.0,28.7,25.3,54.0,124.0
36.4,36.2,385.0,23.9,22.1,61.0,125.0
36.2,35.9,475.0,25.6,24.7,63.0,126.0
32.0,31.5,616.0,27.8,28.3,66.0,126.0
27.8,27.3,704.0,28.3,31.2,75.0,126.0
27.0,26.3,665.0,25.7,32.9,96.0,125.0
28.5,27.6,574.0,21.6,33.8,123.0,125.0
29.3,28.4,545.0,18.1,34.0,143.0,125.0
28.6,27.7,652.0,15.7,32.7,152.0,124.0
28.1,27.1,822.0,14.0,30.7,155.0,124.0
28.1,27.1,953.0,14.3,29.7,154.0,123.0
28.8,27.8,981.0,16.8,30.9,152.0,123.0
38.3,36.9,969.0,21.3,33.2,147.0,124.0
33.8,33.1,1012.0,46.4,46.8,101.0,122.0
38.4,37.8,1199.0,55.5,49.3,85.0,121.0
52.4,51.9,1441.0,68.0,52.6,62.0,121.0
62.4,62.2,1556.0,77.2,54.5,43.0,120.0
68.7,68.5,1426.0,80.4,54.0,31.0,120.0
76.6,76.1,1169.0,80.3,52.1,23.0,120.0
75.4,75.2,965.0,78.2,49.8,19.0,120.0
66.1,65.9,886.0,73.7,47.1,20.0,119.0
60.3,60.1,860.0,67.2,43.9,24.0,118.0
58.0,57.7,848.0,61.5,40.9,27.0,119.0
56.8,56.6,835.0,57.8,37.9,24.0,120.0
56.1,55.9,836.0,54.9,35.1,19.0,122.0
72.4,71.9,858.0,59.6,41.7,18.0,125.0
68.7,68.2,933.0,53.9,41.0,31.0,129.0
58.3,57.9,1029.0,45.8,40.1,51.0,132.0
48.1,47.6,1052.0,37.8,39.4,76.0,134.0
38.4,37.6,935.0,30.4,39.8,113.0,135.0
36.7,35.7,745.0,23.2,40.5,155.0,136.0
38.8,37.6,595.0,17.4,39.7,188.0,137.0
41.4,40.0,523.0,13.5,36.2,205.0,138.0
44.4,43.0,490.0,11.1,31.3,212.0,140.0
80.8,49.7,496.0,10.1,27.1,211.0,142.0
52.5,42.8,537.0,9.3,24.0,204.0,155.0
45.8,39.3,615.0,9.8,21.6,190.0,173.0
54.0,46.1,740.0,18.9,21.2,160.0,181.0
59.3,54.0,948.0,33.4,23.6,130.0,177.0
67.8,64.5,1202.0,53.4,27.1,89.0,161.0
68.0,65.2,1399.0,68.4,30.3,56.0,148.0
69.2,65.7,1514.0,74.3,33.5,40.0,148.0
74.3,70.1,1571.0,75.2,36.3,32.0,148.0
79.6,74.7,1539.0,72.5,37.1,29.0,147.0
74.7,70.5,1363.0,64.9,33.8,33.0,148.0
64.5,61.2,1097.0,53.7,28.3,42.0,148.0
64.7,62.4,873.0,44.4,24.6,50.0,149.0
62.9,60.5,725.0,38.5,24.1,55.0,149.0
60.5,57.7,620.0,34.5,25.3,58.0,149.0
71.7,68.7,585.0,47.3,44.8,47.0,149.0
72.6,70.3,669.0,49.3,46.4,48.0,149.0
76.4,75.0,825.0,51.7,48.6,50.0,150.0
71.2,70.1,937.0,51.5,49.4,58.0,151.0
55.3,54.6,960.0,45.9,47.6,78.0,151.0
46.4,45.3,941.0,37.7,44.5,104.0,152.0
46.7,44.6,901.0,31.8,42.2,123.0,152.0
48.8,44.9,831.0,30.0,42.3,131.0,152.0
52.7,47.4,741.0,30.5,43.2,133.0,152.0
68.2,51.9,686.0,33.0,42.9,129.0,152.0
62.2,50.9,681.0,38.8,40.0,116.0,152.0
67.1,57.6,712.0,46.6,35.9,98.0,153.0
33.3,31.8,785.0,51.4,24.6,62.0,153.0
33.6,32.7,950.0,53.5,25.1,53.0,152.0
35.6,34.8,1159.0,56.4,25.9,41.0,151.0
38.0,37.0,1271.0,57.7,26.0,32.0,150.0
38.5,37.6,1203.0,56.7,25.3,27.0,148.0
40.0,39.1,1039.0,54.1,24.1,24.0,145.0
41.0,39.9,889.0,50.3,22.4,24.0,141.0
37.7,36.6,794.0,44.6,19.8,28.0,138.0
35.9,34.7,712.0,37.6,16.8,34.0,135.0
32.2,31.8,631.0,31.3,14.1,41.0,132.0
28.7,28.5,523.0,25.6,11.9,48.0,128.0
25.7,25.6,415.0,20.7,10.1,56.0,125.0
35.2,35.0,374.0,23.4,16.3,50.0,121.0
37.1,36.9,466.0,25.4,18.0,57.0,118.0
38.6,38.4,625.0,28.0,20.3,67.0,114.0
43.5,43.3,724.0,28.4,21.6,78.0,111.0
49.1,49.0,694.0,24.4,21.0,91.0,111.0
32.7,32.5,603.0,18.2,19.5,105.0,109.0
27.0,26.7,527.0,14.1,18.2,116.0,108.0
26.9,26.7,473.0,13.6,17.5,122.0,106.0
26.0,25.8,434.0,15.2,16.9,124.0,103.0
28.3,28.1,463.0,18.6,16.8,120.0,101.0
29.4,29.2,639.0,24.3,17.0,107.0,99.0
29.3,29.0,883.0,31.7,17.6,88.0,97.0
35.2,34.6,1018.0,31.1,15.9,86.0,97.0
36.2,35.6,928.0,32.0,15.4,80.0,97.0
36.4,36.0,728.0,33.1,14.8,73.0,97.0
35.2,34.7,584.0,33.7,14.6,66.0,97.0
35.5,35.2,581.0,33.2,15.3,62.0,97.0
36.6,36.3,634.0,32.2,16.3,59.0,97.0
38.0,37.7,660.0,30.8,17.1,57.0,97.0
38.5,38.3,616.0,28.9,17.1,56.0,97.0
39.7,39.6,545.0,26.7,16.9,55.0,97.0
41.6,41.4,486.0,25.2,16.9,54.0,98.0
42.1,41.9,437.0,25.4,17.4,49.0,99.0
44.0,43.9,400.0,26.3,18.1,43.0,100.0
45.5,44.9,423.0,23.6,20.5,50.0,101.0
48.1,47.4,576.0,23.3,21.5,58.0,103.0
48.7,47.5,787.0,22.8,22.9,70.0,103.0
45.9,44.2,893.0,21.1,23.4,87.0,104.0
41.4,39.0,784.0,16.9,22.2,113.0,103.0
38.8,35.7,568.0,11.6,20.2,143.0,103.0
41.3,37.8,409.0,8.0,18.9,165.0,104.0
38.8,36.1,366.0,7.5,19.0,172.0,105.0
45.9,43.4,380.0,8.7,19.8,171.0,107.0
41.6,39.7,430.0,10.9,20.9,168.0,108.0
38.4,37.1,507.0,12.6,22.0,167.0,119.0
37.5,36.6,621.0,15.2,23.4,163.0,135.0
49.4,36.3,784.0,21.2,20.7,145.0,142.0
49.5,42.8,1063.0,33.8,23.3,118.0,136.0
52.7,48.3,1391.0,50.9,26.7,80.0,118.0
60.8,56.5,1584.0,61.0,28.7,54.0,114.0
61.5,56.7,1537.0,57.5,28.0,51.0,116.0
56.1,49.4,1354.0,47.1,25.9,59.0,118.0
53.8,47.1,1167.0,38.3,23.8,65.0,119.0
53.3,48.4,1008.0,34.1,22.1,64.0,120.0
50.8,47.6,845.0,31.5,20.5,61.0,121.0
47.0,45.4,705.0,29.6,19.6,58.0,121.0
44.6,44.0,586.0,28.5,19.6,52.0,121.0
43.9,43.8,492.0,28.0,20.3,46.0,121.0
54.2,53.6,458.0,37.6,21.7,34.0,122.0
51.1,50.8,540.0,33.2,24.1,51.0,122.0
46.2,46.1,684.0,26.9,27.4,76.0,122.0
42.3,42.1,759.0,20.9,29.5,105.0,122.0
38.4,38.2,690.0,15.5,29.2,140.0,122.0
37.7,37.5,554.0,10.3,27.6,179.0,122.0
37.1,36.9,450.0,6.6,26.2,208.0,122.0
37.0,36.6,416.0,5.0,25.1,221.0,122.0
71.0,41.6,415.0,4.8,24.2,225.0,123.0
65.2,42.0,435.0,5.6,24.5,228.0,158.0
57.6,41.2,441.0,5.3,26.4,239.0,184.0
54.6,41.3,469.0,5.8,29.4,248.0,203.0
48.4,48.0,610.0,13.1,23.8,184.0,206.0
61.0,60.5,989.0,39.8,32.0,143.0,203.0
83.8,83.4,1481.0,76.6,43.3,86.0,188.0
108.0,107.8,1812.0,103.6,51.8,41.0,160.0
128.1,128.1,1830.0,113.6,55.8,20.0,143.0
140.6,140.6,1686.0,113.8,56.9,12.0,151.0
130.4,130.4,1558.0,106.2,55.0,12.0,153.0
100.4,100.1,1520.0,86.6,48.1,23.0,155.0
74.5,74.3,1497.0,59.2,38.0,42.0,155.0
59.3,59.1,1450.0,38.2,29.9,55.0,156.0
53.1,53.0,1354.0,30.2,25.5,55.0,156.0
50.4,50.3,1233.0,28.7,23.2,50.0,156.0
38.0,37.8,1117.0,21.6,21.6,71.0,156.0
36.2,36.0,1014.0,24.4,23.2,69.0,155.0
32.6,32.4,916.0,28.0,25.5,68.0,155.0
30.0,29.9,823.0,29.5,28.1,76.0,155.0
29.1,28.9,729.0,26.8,31.2,103.0,154.0
30.7,30.6,640.0,21.9,34.6,140.0,154.0
33.1,31.5,579.0,18.2,37.1,168.0,154.0
36.9,32.9,556.0,16.6,38.1,180.0,154.0
60.8,36.2,561.0,16.1,38.3,184.0,154.0
47.7,37.8,589.0,17.5,38.3,180.0,154.0
47.5,39.6,627.0,21.0,38.1,168.0,154.0
46.2,40.5,687.0,26.4,37.7,149.0,154.0
54.4,52.5,802.0,27.9,27.2,144.0,154.0
57.6,56.9,1052.0,34.0,27.6,120.0,154.0
59.0,58.8,1358.0,42.4,28.1,88.0,153.0
65.0,65.0,1513.0,48.6,28.8,62.0,152.0
71.0,70.8,1385.0,51.0,29.9,50.0,149.0
77.5,77.1,1106.0,51.2,31.1,45.0,143.0
77.8,77.3,864.0,49.7,31.5,43.0,137.0
77.8,77.3,728.0,45.7,30.3,43.0,135.0
77.1,76.6,630.0,40.0,28.2,46.0,135.0
75.2,74.5,555.0,34.9,26.4,49.0,137.0
72.6,71.9,494.0,31.2,25.1,49.0,139.0
65.9,65.4,455.0,28.1,24.0,49.0,140.0
52.3,51.9,448.0,24.2,24.7,57.0,142.0
47.6,47.4,493.0,26.4,25.2,57.0,143.0
50.9,50.5,570.0,29.3,26.0,58.0,145.0
45.3,44.9,623.0,30.0,27.3,70.0,146.0
40.4,40.3,625.0,26.4,29.6,101.0,148.0
37.7,37.5,604.0,20.7,32.5,143.0,148.0
38.8,38.5,591.0,16.2,34.0,174.0,149.0
40.3,39.8,597.0,13.8,33.3,187.0,150.0
39.9,39.6,611.0,12.8,31.3,189.0,150.0
38.3,38.0,634.0,14.1,29.4,184.0,150.0
36.7,36.4,613.0,18.2,27.5,171.0,150.0
37.3,37.0,600.0,24.7,25.6,151.0,149.0
45.3,45.2,754.0,35.7,26.5,121.0,149.0
47.5,47.4,1241.0,48.4,29.8,99.0,148.0
59.0,58.9,1896.0,66.0,34.5,68.0,148.0
75.0,74.7,2379.0,80.5,39.1,42.0,149.0
86.8,86.6,2558.0,89.1,43.8,27.0,150.0
102.9,102.7,2567.0,94.5,48.5,16.0,151.0
111.5,111.3,2466.0,96.9,50.8,9.0,152.0
109.2,109.0,2235.0,95.8,49.2,5.0,153.0
110.6,110.4,1894.0,91.8,45.3,4.0,154.0
117.1,116.9,1570.0,86.7,41.5,5.0,155.0
122.0,122.0,1281.0,81.1,38.2,3.0,157.0
114.6,114.6,1008.0,74.4,35.0,3.0,158.0
92.2,92.2,825.0,66.0,39.0,13.0,159.0
93.8,93.6,799.0,56.6,41.1,33.0,161.0
75.2,75.0,862.0,43.6,44.1,63.0,161.0
54.6,54.5,886.0,32.5,46.1,93.0,162.0
40.6,40.4,803.0,25.7,46.6,123.0,162.0
40.9,40.6,682.0,20.9,46.3,155.0,162.0
43.2,42.8,597.0,17.0,44.9,184.0,162.0
44.9,44.6,581.0,13.1,41.9,210.0,162.0
46.9,46.4,603.0,10.1,37.9,234.0,162.0
48.1,47.7,642.0,9.1,35.0,249.0,162.0
48.1,47.7,616.0,7.7,33.4,258.0,178.0
49.1,48.8,608.0,8.3,32.8,258.0,202.0
46.7,43.9,850.0,20.2,33.2,219.0,208.0
67.5,65.4,1685.0,38.2,34.8,178.0,210.0
85.2,82.4,2770.0,62.7,36.9,120.0,205.0
89.2,85.9,3302.0,78.6,37.7,76.0,191.0
89.4,87.3,2739.0,78.0,36.2,59.0,165.0
81.7,81.5,1622.0,68.9,33.4,54.0,164.0
77.3,77.3,777.0,60.1,30.9,52.0,163.0
66.8,66.8,563.0,54.7,29.1,48.0,162.0
61.2,61.2,621.0,49.7,27.6,46.0,160.0
55.4,55.4,695.0,44.8,26.0,45.0,159.0
47.5,47.5,704.0,39.4,23.9,45.0,156.0
41.2,41.1,729.0,34.1,21.8,46.0,154.0
51.5,51.5,762.0,44.8,23.1,27.0,153.0
50.9,50.3,818.0,40.4,22.8,47.0,152.0
48.7,47.3,882.0,34.0,22.5,76.0,151.0
47.8,44.2,894.0,27.6,23.4,108.0,150.0
73.8,46.0,809.0,21.0,26.9,147.0,151.0
53.9,44.4,672.0,14.4,31.6,188.0,151.0
48.9,42.3,560.0,9.4,34.0,219.0,151.0
46.7,41.8,496.0,6.9,31.9,232.0,151.0
42.8,39.6,458.0,6.1,27.4,234.0,150.0
39.6,37.5,455.0,6.7,23.6,228.0,166.0
74.5,37.8,474.0,5.8,20.5,217.0,188.0
110.8,41.7,528.0,6.4,18.0,198.0,201.0
47.1,37.6,667.0,17.4,20.9,167.0,202.0
52.7,46.0,945.0,33.9,23.6,132.0,197.0
61.9,54.8,1308.0,56.6,27.5,84.0,175.0
71.7,63.6,1641.0,73.2,31.0,48.0,145.0
86.6,76.8,1965.0,77.9,33.7,35.0,140.0
90.8,83.6,2259.0,76.6,36.2,34.0,140.0
78.5,74.0,2351.0,73.8,38.3,34.0,140.0
75.4,73.6,2088.0,70.6,40.4,34.0,140.0
74.0,72.6,1624.0,65.9,42.1,36.0,142.0
73.8,72.4,1242.0,62.0,43.0,36.0,143.0
73.3,71.5,1053.0,60.1,42.4,31.0,146.0
73.6,71.7,947.0,58.8,40.9,24.0,149.0
65.9,61.2,878.0,55.8,33.4,20.0,150.0
68.2,59.4,852.0,52.7,31.8,25.0,150.0
62.9,51.3,863.0,48.4,29.8,33.0,150.0
61.7,48.5,848.0,43.8,29.1,46.0,151.0
64.5,43.5,769.0,38.8,30.8,67.0,150.0
65.2,42.8,664.0,33.7,33.9,93.0,150.0
59.8,40.3,589.0,30.2,37.3,116.0,150.0
55.1,38.4,562.0,29.2,41.1,133.0,150.0
53.8,38.8,565.0,29.8,45.3,146.0,150.0
53.0,39.5,600.0,31.6,48.9,153.0,150.0
50.6,39.2,670.0,33.5,51.4,155.0,150.0
46.1,37.8,772.0,36.6,53.3,151.0,150.0
60.3,46.2,900.0,34.6,43.1,135.0,150.0
61.0,50.2,1087.0,51.2,46.3,105.0,151.0
75.0,66.4,1299.0,74.0,50.7,63.0,151.0
87.1,79.2,1435.0,90.9,54.4,31.0,151.0
96.9,89.4,1434.0,96.0,56.9,18.0,152.0
97.8,91.7,1355.0,95.2,58.6,14.0,152.0
98.7,93.6,1275.0,93.6,59.2,11.0,153.0
99.9,95.2,1224.0,92.7,58.0,8.0,153.0
97.8,93.6,1172.0,91.0,55.7,6.0,154.0
97.6,94.1,1101.0,88.8,53.3,4.0,155.0
98.0,94.5,971.0,86.7,50.6,0.0,155.0
99.0,95.7,822.0,84.2,47.9,0.0,156.0
106.9,97.1,762.0,59.1,51.3,26.0,157.0
102.7,93.4,890.0,51.6,46.9,42.0,158.0
96.4,85.2,1108.0,40.9,40.8,66.0,159.0
77.8,65.0,1222.0,31.3,35.7,95.0,159.0
65.7,52.6,1127.0,23.8,32.9,132.0,160.0
63.3,51.0,929.0,17.2,31.1,173.0,160.0
60.8,49.5,757.0,12.3,29.2,204.0,160.0
59.0,48.8,652.0,9.3,26.6,218.0,161.0
57.7,48.4,574.0,7.9,23.9,222.0,161.0
53.0,44.9,526.0,8.4,22.4,219.0,161.0
49.5,42.7,491.0,10.4,22.7,211.0,173.0
47.5,41.0,486.0,14.3,24.1,196.0,189.0
71.2,43.8,570.0,18.5,22.3,156.0,192.0
83.8,56.5,838.0,39.6,26.1,120.0,184.0
106.4,72.9,1195.0,68.7,31.5,71.0,163.0
120.6,83.1,1414.0,91.7,36.2,32.0,162.0
133.6,90.6,1380.0,103.2,40.0,13.0,162.0
152.3,103.6,1207.0,108.6,43.1,5.0,162.0
162.5,110.6,1015.0,108.9,43.9,1.0,163.0
157.4,104.3,807.0,103.0,40.9,0.0,163.0
154.6,94.1,580.0,92.1,35.7,4.0,163.0
157.4,92.7,442.0,81.3,31.5,8.0,163.0
144.4,91.5,472.0,72.1,29.5,12.0,163.0
113.6,77.3,591.0,63.1,28.5,17.0,162.0
269.2,65.4,675.0,17.6,9.4,48.0,161.0
301.7,74.5,675.0,17.4,10.2,50.0,161.0
312.0,82.4,639.0,16.9,11.3,53.0,161.0
354.8,87.3,585.0,15.5,12.3,62.0,161.0
476.8,96.2,506.0,12.4,13.1,82.0,163.0
470.3,92.9,410.0,8.4,13.8,109.0,164.0
299.9,75.7,339.0,5.4,14.2,130.0,165.0
245.9,68.7,309.0,3.9,14.1,142.0,165.0
244.9,66.1,305.0,3.5,13.7,149.0,166.0
264.5,68.2,317.0,4.3,13.8,151.0,166.0
274.7,68.5,337.0,6.1,14.2,150.0,167.0
256.1,66.6,374.0,9.1,15.1,144.0,168.0
440.5,91.3,447.0,16.1,13.0,101.0,169.0
359.5,95.2,600.0,28.3,16.5,80.0,170.0
370.7,106.4,788.0,44.9,21.3,52.0,171.0
333.4,105.7,895.0,55.4,24.5,33.0,172.0
252.4,92.0,845.0,53.8,24.5,33.0,172.0
198.4,82.4,715.0,46.2,22.9,42.0,172.0
191.9,71.9,616.0,40.2,22.1,48.0,170.0
172.3,70.1,601.0,38.6,23.0,45.0,169.0
149.9,70.3,618.0,38.7,24.6,39.0,169.0
144.4,68.7,623.0,39.7,26.4,33.0,168.0
156.9,73.3,596.0,42.8,28.7,25.0,167.0
158.3,75.2,557.0,46.9,31.1,18.0,167.0
173.7,64.3,518.0,31.9,15.7,23.0,167.0
187.2,58.8,483.0,27.5,14.7,32.0,167.0
172.8,53.4,448.0,21.4,13.3,45.0,166.0
165.3,47.6,409.0,16.0,12.3,60.0,165.0
143.9,42.7,360.0,12.0,12.1,80.0,163.0
277.5,56.7,307.0,8.7,12.2,102.0,162.0
402.3,71.7,268.0,6.3,12.4,120.0,162.0
405.1,74.3,241.0,4.8,12.4,133.0,162.0
292.4,65.0,227.0,4.2,12.4,141.0,162.0
299.9,66.6,250.0,5.0,12.7,144.0,162.0
299.9,67.5,320.0,6.3,13.1,140.0,162.0
288.7,67.1,427.0,9.0,13.8,131.0,162.0
197.0,55.5,563.0,16.4,13.8,108.0,161.0
154.1,57.4,750.0,30.9,17.0,83.0,160.0
144.8,64.5,965.0,50.9,21.6,49.0,159.0
143.9,72.6,1139.0,66.2,25.8,22.0,158.0
142.5,78.2,1271.0,72.9,29.7,10.0,157.0
133.2,82.4,1360.0,74.8,33.3,5.0,157.0
121.5,82.4,1337.0,73.4,34.3,4.0,158.0
96.6,72.2,1112.0,67.0,30.6,7.0,158.0
68.2,55.4,775.0,57.3,24.4,14.0,157.0
52.7,44.6,518.0,50.1,19.8,18.0,156.0
49.2,41.8,426.0,49.1,18.8,14.0,156.0
57.9,48.1,415.0,50.7,19.5,7.0,155.0
55.5,29.2,430.0,19.8,10.0,33.0,154.0
178.3,41.6,478.0,19.7,10.9,39.0,153.0
212.3,51.3,552.0,19.4,12.1,47.0,153.0
249.6,56.1,578.0,18.1,13.2,61.0,153.0
299.0,63.8,504.0,14.8,13.9,84.0,154.0
353.0,71.0,382.0,10.4,14.4,111.0,154.0
261.7,61.2,293.0,7.1,14.7,133.0,154.0
231.0,57.5,265.0,5.6,14.7,145.0,154.0
223.1,56.8,271.0,5.2,14.6,152.0,153.0
222.1,57.2,312.0,6.1,14.7,154.0,153.0
245.9,60.3,394.0,6.5,14.8,153.0,153.0
229.6,58.3,511.0,8.3,15.2,147.0,153.0
165.8,55.1,642.0,20.7,16.6,123.0,153.0
156.5,69.4,815.0,42.2,24.0,92.0,153.0
177.9,90.1,1002.0,71.5,34.1,50.0,154.0
176.5,103.8,1094.0,90.7,40.9,21.0,155.0
149.5,88.5,1015.0,89.8,41.1,18.0,155.0
137.4,83.1,840.0,78.9,38.0,28.0,155.0
124.3,80.6,690.0,70.2,35.5,34.0,155.0
115.5,78.9,608.0,68.6,35.0,31.0,155.0
113.4,81.0,551.0,69.3,35.2,24.0,156.0
118.3,86.4,505.0,70.3,35.5,18.0,157.0
124.3,92.2,455.0,72.1,35.9,10.0,159.0
128.5,96.4,417.0,74.1,36.4,2.0,160.0
98.5,65.0,419.0,51.1,37.9,27.0,161.0
105.7,67.8,499.0,46.7,38.7,42.0,162.0
114.6,64.7,620.0,40.3,39.7,64.0,162.0
120.6,61.5,699.0,33.3,39.0,88.0,162.0
121.5,58.0,695.0,25.2,35.1,116.0,162.0
135.0,57.3,651.0,16.4,29.6,148.0,162.0
108.0,50.5,609.0,10.0,25.4,174.0,162.0
101.7,47.8,581.0,7.2,24.0,194.0,161.0
97.6,47.5,555.0,6.8,24.1,209.0,161.0
97.1,49.5,545.0,7.4,24.3,218.0,161.0
95.7,49.8,502.0,8.2,24.4,221.0,160.0
107.6,50.4,475.0,10.1,24.8,217.0,176.0
96.4,50.6,619.0,18.9,19.6,142.0,180.0
85.2,51.5,1124.0,30.4,22.6,118.0,176.0
86.4,59.0,1799.0,46.0,26.7,85.0,161.0
80.3,60.8,2232.0,56.0,29.6,61.0,157.0
75.0,57.4,2206.0,55.0,30.3,54.0,156.0
74.0,59.6,1937.0,48.3,29.9,55.0,156.0
74.0,61.0,1658.0,42.3,29.2,56.0,155.0
72.4,58.2,1427.0,38.9,28.2,55.0,155.0
71.0,58.4,1186.0,36.1,27.0,54.0,154.0
69.8,58.2,1000.0,34.1,26.2,53.0,153.0
71.0,58.6,895.0,33.0,25.8,49.0,152.0
69.2,57.7,845.0,32.6,25.8,44.0,151.0
46.9,38.0,833.0,26.4,27.6,68.0,150.0
44.8,37.1,895.0,28.1,27.8,68.0,147.0
42.5,34.8,996.0,30.3,28.2,69.0,144.0
40.4,30.7,1016.0,30.4,28.9,79.0,141.0
43.0,31.7,867.0,26.7,30.7,108.0,138.0
48.9,34.1,637.0,20.9,32.8,146.0,136.0
58.1,36.7,464.0,15.9,33.4,176.0,134.0
67.8,38.1,408.0,12.2,30.8,190.0,133.0
65.7,37.7,410.0,9.3,26.6,197.0,132.0
59.1,36.6,433.0,8.2,23.8,199.0,131.0
56.6,37.1,452.0,7.1,23.1,203.0,143.0
56.6,38.3,493.0,7.7,23.8,204.0,164.0
78.9,51.0,597.0,41.6,40.3,131.0,168.0
95.0,57.6,793.0,51.7,40.7,108.0,162.0
95.5,67.3,1053.0,65.5,41.2,76.0,145.0
100.1,74.3,1333.0,75.5,41.6,51.0,131.0
105.5,80.6,1676.0,78.6,42.3,41.0,133.0
107.1,87.3,2040.0,77.8,42.9,38.0,136.0
102.7,85.0,2249.0,75.2,42.4,36.0,139.0
91.7,77.1,2212.0,70.0,39.5,34.0,141.0
85.4,74.7,2021.0,63.0,35.5,34.0,143.0
87.3,78.2,1779.0,58.1,33.2,32.0,145.0
89.9,80.1,1472.0,58.3,34.2,25.0,147.0
92.7,82.7,1113.0,60.6,36.8,17.0,149.0
58.9,38.5,849.0,21.7,12.5,64.0,150.0
53.4,33.9,772.0,20.5,12.5,67.0,149.0
50.9,32.8,788.0,18.8,12.6,72.0,149.0
54.1,32.0,764.0,16.6,13.1,84.0,149.0
65.9,33.4,625.0,13.4,14.4,111.0,149.0
120.1,42.1,446.0,9.7,16.2,145.0,150.0
105.7,42.4,315.0,7.0,17.5,172.0,150.0
84.3,40.9,269.0,5.5,17.9,188.0,150.0
91.3,43.5,272.0,5.0,17.7,198.0,150.0
88.0,44.0,305.0,5.8,17.6,199.0,151.0
94.3,44.6,348.0,7.6,17.4,191.0,151.0
100.4,44.7,420.0,10.7,17.2,175.0,157.0
132.7,45.9,563.0,15.4,15.1,142.0,162.0
112.5,49.4,842.0,26.3,17.2,116.0,158.0
109.4,55.5,1191.0,41.4,20.2,81.0,150.0
111.1,60.5,1452.0,53.8,23.1,52.0,150.0
114.3,64.3,1587.0,61.1,25.9,37.0,148.0
126.7,72.9,1634.0,65.6,28.7,28.0,147.0
135.5,81.7,1542.0,67.3,30.1,23.0,146.0
137.8,85.0,1211.0,65.5,29.4,20.0,147.0
133.2,83.8,741.0,60.8,27.5,21.0,148.0
117.3,76.1,388.0,55.4,25.6,25.0,148.0
92.7,61.9,260.0,49.0,23.7,32.0,146.0
83.6,53.8,248.0,41.7,21.9,42.0,143.0
66.4,34.6,283.0,21.9,11.2,54.0,142.0
66.8,33.2,380.0,22.0,11.5,54.0,142.0
74.3,37.3,525.0,22.0,12.1,55.0,143.0
112.2,41.2,598.0,20.9,13.2,68.0,144.0
140.2,46.0,526.0,17.6,15.5,102.0,145.0
176.5,53.4,384.0,13.1,18.4,146.0,146.0
216.5,63.6,277.0,9.4,20.3,181.0,149.0
224.0,68.0,245.0,7.0,20.3,198.0,150.0
238.0,71.2,248.0,5.4,19.4,206.0,151.0
256.1,73.3,274.0,5.5,18.5,205.0,152.0
266.4,73.6,301.0,7.0,17.8,196.0,153.0
271.9,74.0,350.0,10.3,17.2,180.0,163.0
230.0,69.4,481.0,22.1,17.2,139.0,169.0
183.5,68.5,784.0,35.1,19.8,112.0,163.0
162.1,76.4,1168.0,53.0,23.4,76.0,156.0
152.7,76.8,1414.0,66.6,26.9,47.0,156.0
142.0,82.7,1419.0,71.9,30.1,35.0,157.0
129.9,82.2,1287.0,72.8,33.1,32.0,157.0
122.9,86.1,1113.0,72.4,35.3,30.0,157.0
119.2,86.6,877.0,70.9,36.2,27.0,157.0
121.5,89.2,599.0,67.9,36.3,26.0,157.0
126.2,92.9,428.0,65.4,36.3,24.0,158.0
132.2,95.7,464.0,65.6,36.8,18.0,159.0
132.7,96.4,609.0,66.2,37.3,12.0,160.0
64.3,40.7,714.0,26.2,18.3,62.0,160.0
57.7,41.6,723.0,24.7,18.8,71.0,161.0
53.0,34.7,694.0,22.4,19.4,84.0,160.0
51.0,32.2,651.0,19.4,19.9,101.0,160.0
55.8,32.2,598.0,15.2,20.2,126.0,160.0
59.4,32.0,532.0,10.3,20.3,156.0,159.0
61.7,32.4,468.0,6.7,20.3,180.0,158.0
60.3,32.4,402.0,4.9,20.1,195.0,157.0
59.1,32.9,339.0,4.4,19.7,204.0,156.0
59.8,34.5,303.0,4.9,19.5,207.0,155.0
61.5,35.6,279.0,6.5,19.5,203.0,156.0
62.9,36.1,282.0,9.2,19.7,191.0,171.0
122.9,51.2,388.0,14.8,16.4,130.0,171.0
112.5,57.5,714.0,33.8,23.1,103.0,163.0
132.2,72.6,1143.0,59.9,32.3,65.0,152.0
155.5,93.4,1393.0,78.1,38.9,38.0,152.0
173.2,111.1,1297.0,81.2,40.8,31.0,153.0
177.0,116.4,1023.0,76.3,40.2,34.0,154.0
139.7,88.9,789.0,70.4,38.3,35.0,154.0
122.5,73.6,672.0,64.6,34.6,31.0,154.0
115.0,72.9,597.0,57.7,29.7,25.0,153.0
121.5,80.1,550.0,52.6,26.8,21.0,153.0
127.1,85.0,527.0,51.2,27.6,17.0,153.0
125.3,83.8,533.0,51.5,30.3,14.0,152.0
112.5,67.1,576.0,41.8,25.7,35.0,153.0
113.9,71.7,698.0,39.5,27.0,47.0,154.0
115.9,68.7,856.0,36.3,28.8,66.0,155.0
119.2,66.4,935.0,32.7,30.6,87.0,156.0
114.8,62.4,862.0,28.9,32.6,113.0,157.0
106.2,59.8,710.0,24.8,34.5,141.0,158.0
99.2,56.8,578.0,21.0,35.5,168.0,158.0
97.1,56.6,486.0,17.0,34.8,194.0,159.0
98.5,57.9,414.0,13.3,33.0,217.0,160.0
97.8,58.2,403.0,11.6,31.4,230.0,160.0
95.9,57.7,411.0,12.1,29.8,227.0,161.0
93.4,57.3,480.0,14.6,28.3,214.0,177.0
82.7,51.3,774.0,31.9,27.1,122.0,179.0
73.1,52.4,1581.0,35.1,28.0,112.0,174.0
70.1,51.5,2614.0,40.0,29.4,97.0,163.0
70.8,55.8,3174.0,46.6,32.0,81.0,160.0
76.6,63.8,2821.0,56.8,36.9,61.0,158.0
83.6,73.1,1995.0,68.6,42.9,38.0,157.0
91.5,83.6,1314.0,76.5,47.0,23.0,157.0
98.0,89.2,1014.0,77.8,47.7,19.0,157.0
99.2,89.4,859.0,75.2,46.4,22.0,158.0
87.1,78.9,766.0,70.4,44.3,26.0,158.0
74.3,66.1,710.0,62.7,40.7,30.0,157.0
52.6,46.3,717.0,52.9,36.2,36.0,156.0
74.5,61.5,775.0,37.1,31.3,53.0,156.0
76.8,64.5,929.0,39.8,34.7,54.0,156.0
79.9,65.2,1136.0,43.3,39.5,57.0,156.0
84.1,67.1,1254.0,43.5,43.5,74.0,156.0
84.8,62.6,1203.0,37.5,46.4,115.0,156.0
84.1,57.9,1064.0,28.3,48.6,169.0,156.0
93.1,60.5,933.0,20.6,49.2,214.0,156.0
94.1,62.6,832.0,15.7,47.4,244.0,156.0
95.9,65.2,740.0,12.3,44.0,264.0,156.0
102.0,69.4,690.0,11.2,41.0,274.0,162.0
103.6,71.0,640.0,9.4,38.1,274.0,197.0
105.9,72.2,634.0,9.8,35.6,262.0,211.0
60.8,50.8,832.0,29.9,38.6,166.0,215.0
60.1,52.4,1471.0,35.6,40.2,143.0,213.0
63.3,57.4,2316.0,43.7,42.5,112.0,206.0
71.9,67.3,2819.0,51.4,45.5,84.0,189.0
81.5,78.0,2684.0,58.2,49.6,65.0,158.0
91.3,88.0,2208.0,64.6,54.4,49.0,159.0
100.4,97.3,1736.0,69.5,58.3,37.0,159.0
106.4,103.6,1350.0,72.0,60.5,29.0,160.0
112.0,109.4,968.0,72.9,61.8,23.0,160.0
117.8,115.3,690.0,73.8,62.9,19.0,161.0
122.5,120.1,564.0,76.4,63.7,10.0,163.0
128.5,125.3,541.0,78.9,64.4,1.0,165.0
97.1,95.9,574.0,52.5,63.1,36.0,166.0
106.4,105.2,691.0,49.8,66.4,57.0,167.0
100.1,98.5,864.0,45.7,70.8,88.0,168.0
86.6,82.9,964.0,40.2,72.7,124.0,169.0
72.6,66.1,912.0,32.0,70.0,169.0,169.0
72.2,62.9,786.0,22.4,64.8,220.0,169.0
77.8,65.9,698.0,14.9,59.5,261.0,169.0
85.9,71.5,694.0,10.8,54.8,289.0,170.0
93.6,77.3,727.0,8.9,49.9,307.0,179.0
96.2,78.5,764.0,9.2,45.5,311.0,208.0
97.3,78.9,736.0,10.4,40.7,297.0,222.0
102.7,78.7,712.0,13.7,36.2,268.0,232.0
134.1,90.8,860.0,36.8,43.9,186.0,233.0
118.0,94.8,1389.0,54.1,46.2,146.0,228.0
129.5,111.1,2090.0,77.6,49.2,90.0,217.0
135.5,119.0,2509.0,92.3,50.8,49.0,201.0
147.1,117.1,2391.0,89.9,49.8,36.0,177.0
176.0,112.5,1991.0,78.7,47.4,37.0,178.0
185.3,106.2,1620.0,68.1,44.2,39.0,178.0
176.5,98.7,1374.0,61.0,39.9,37.0,178.0
156.9,91.7,1157.0,54.5,34.9,36.0,178.0
147.1,85.0,989.0,49.5,31.1,34.0,177.0
140.6,82.2,877.0,46.7,29.0,30.0,176.0
122.5,81.0,815.0,45.4,28.2,25.0,174.0
98.7,72.4,800.0,39.4,28.2,33.0,174.0
96.2,77.3,866.0,39.9,31.6,39.0,173.0
103.8,74.7,980.0,40.4,36.4,48.0,172.0
94.3,69.2,1038.0,39.2,40.4,67.0,172.0
86.1,61.9,975.0,34.9,43.2,102.0,172.0
85.2,60.1,855.0,28.9,45.3,147.0,172.0
85.9,61.2,774.0,23.7,46.0,185.0,171.0
84.3,60.5,781.0,19.5,44.9,213.0,171.0
88.2,64.0,825.0,16.0,42.5,233.0,171.0
97.6,65.7,852.0,15.0,39.8,244.0,170.0
94.3,66.4,759.0,15.7,36.2,243.0,170.0
87.8,63.1,648.0,18.9,32.3,232.0,192.0
79.6,60.8,771.0,28.3,31.1,209.0,204.0
84.5,70.8,1386.0,50.1,34.9,166.0,205.0
98.7,86.6,2234.0,78.1,41.5,112.0,200.0
110.1,95.9,2792.0,97.7,46.8,70.0,178.0
111.5,97.6,2811.0,101.1,49.6,52.0,166.0
111.5,102.2,2539.0,96.0,51.2,46.0,166.0
115.3,106.4,2194.0,90.7,51.8,42.0,166.0
119.7,108.7,1800.0,88.2,51.5,35.0,166.0
126.2,112.7,1332.0,85.3,50.3,29.0,167.0
132.7,114.8,933.0,81.2,47.9,24.0,167.0
140.2,114.6,632.0,75.5,44.0,17.0,168.0
149.9,112.7,400.0,68.4,39.0,11.0,169.0
116.6,54.6,290.0,31.1,26.1,47.0,169.0
109.9,51.3,393.0,29.1,23.1,52.0,168.0
105.9,51.9,618.0,26.1,19.0,60.0,167.0
136.0,53.9,740.0,22.3,15.8,73.0,167.0
246.8,66.1,632.0,17.0,14.5,97.0,167.0
330.6,79.6,421.0,11.0,14.1,126.0,168.0
408.9,93.1,262.0,6.6,13.9,148.0,169.0
489.9,104.5,215.0,4.4,13.7,157.0,170.0
514.1,108.5,221.0,3.8,13.7,157.0,171.0
609.1,119.0,255.0,5.4,13.8,153.0,173.0
666.8,126.2,277.0,8.9,13.7,144.0,175.0
687.3,130.4,327.0,14.5,13.7,130.0,177.0
577.4,118.5,509.0,21.5,14.3,106.0,178.0
517.8,124.8,982.0,39.3,20.6,82.0,180.0
564.4,141.6,1585.0,63.9,29.5,48.0,181.0
588.6,160.7,1942.0,83.1,37.2,21.0,183.0
573.7,170.9,1846.0,92.3,43.1,9.0,192.0
556.9,177.9,1503.0,96.1,47.8,4.0,204.0
517.8,177.4,1156.0,96.2,49.3,1.0,228.0
458.2,165.3,858.0,92.5,46.0,0.0,248.0
383.7,146.7,556.0,85.2,39.4,1.0,263.0
303.6,124.8,336.0,75.7,32.7,4.0,273.0
263.6,102.7,247.0,63.3,26.1,9.0,281.0
266.4,85.0,240.0,48.8,19.4,16.0,288.0
380.9,81.5,259.0,21.7,10.0,38.0,303.0
424.7,85.4,305.0,20.4,10.4,45.0,319.0
489.9,95.2,376.0,18.4,11.1,55.0,339.0
542.0,103.8,412.0,15.9,11.7,70.0,361.0
599.8,111.5,374.0,12.5,12.3,92.0,379.0
642.6,118.7,300.0,8.5,12.8,119.0,395.0
663.1,122.9,244.0,5.7,13.4,139.0,407.0
648.2,122.0,225.0,4.1,13.9,150.0,413.0
629.6,120.1,224.0,3.5,14.5,154.0,418.0
612.8,118.5,241.0,5.3,14.9,152.0,418.0
603.5,117.1,257.0,9.5,14.8,142.0,416.0
577.4,114.6,291.0,16.0,14.7,124.0,411.0
419.1,91.0,398.0,20.0,13.4,106.0,405.0
352.0,95.7,674.0,36.1,18.3,82.0,397.0
364.1,108.7,1022.0,58.3,25.0,50.0,387.0
372.5,120.1,1213.0,75.7,30.9,24.0,375.0
366.9,128.1,1105.0,84.2,35.5,12.0,365.0
357.6,136.0,839.0,87.9,39.1,6.0,354.0
341.8,136.9,605.0,87.6,39.9,4.0,345.0
320.4,130.4,467.0,83.0,36.0,4.0,338.0
297.1,117.6,361.0,74.3,29.2,7.0,333.0
295.2,98.7,285.0,63.7,22.9,12.0,333.0
303.6,82.7,245.0,49.7,17.9,19.0,335.0
299.0,72.2,235.0,33.7,13.4,28.0,337.0
421.0,80.8,239.0,16.7,8.7,46.0,339.0
440.5,84.3,262.0,15.5,9.6,53.0,340.0
476.8,95.2,299.0,13.7,10.8,63.0,339.0
530.9,101.5,315.0,11.7,11.8,76.0,338.0
571.8,108.0,289.0,9.2,12.3,94.0,337.0
603.5,114.6,242.0,6.5,12.6,115.0,335.0
625.8,119.0,206.0,4.5,12.9,131.0,333.0
478.7,100.8,193.0,3.5,13.1,140.0,324.0
422.8,93.1,192.0,3.3,13.3,145.0,313.0
393.9,88.7,197.0,4.2,13.5,144.0,302.0
373.5,85.0,193.0,5.3,13.2,138.0,288.0
347.4,82.7,197.0,7.6,12.8,127.0,275.0
276.6,75.4,251.0,15.0,16.2,118.0,266.0
228.2,84.3,421.0,34.9,23.0,91.0,259.0
241.2,97.8,641.0,62.2,32.4,54.0,252.0
241.2,109.9,762.0,81.4,39.2,26.0,244.0
225.4,113.2,691.0,85.2,41.3,15.0,235.0
201.2,109.9,521.0,80.9,40.9,13.0,226.0
175.1,101.7,378.0,75.3,39.2,12.0,216.0
165.8,94.5,310.0,70.4,36.2,11.0,207.0
170.4,89.9,270.0,64.2,31.9,13.0,200.0
207.7,89.9,241.0,57.1,27.7,15.0,198.0
266.4,90.3,213.0,48.4,23.8,18.0,197.0
323.2,88.2,196.0,38.9,20.1,22.0,198.0
540.2,102.2,200.0,14.4,9.5,46.0,200.0
534.6,104.5,248.0,14.9,10.4,48.0,206.0
534.6,108.0,317.0,15.5,11.7,52.0,210.0
556.9,108.0,356.0,15.0,12.9,62.0,211.0
594.2,111.8,333.0,12.6,13.8,84.0,212.0
631.4,120.1,279.0,9.1,14.6,112.0,214.0
665.0,128.5,238.0,6.5,15.1,134.0,216.0
640.7,127.1,226.0,5.2,15.3,146.0,226.0
571.8,116.9,226.0,4.8,15.3,152.0,235.0
512.2,107.1,233.0,5.6,15.2,153.0,242.0
488.0,103.4,221.0,6.1,14.6,148.0,249.0
444.2,98.5,216.0,7.9,14.0,138.0,255.0
372.5,84.3,289.0,12.9,12.5,109.0,260.0
332.5,86.6,476.0,29.2,16.5,84.0,266.0
315.7,95.7,741.0,51.9,22.3,49.0,271.0
327.8,107.1,1042.0,70.3,28.4,22.0,276.0
348.3,119.7,1472.0,80.7,35.2,9.0,283.0
369.7,135.0,1939.0,86.9,42.4,3.0,293.0
381.8,146.2,2126.0,89.4,47.0,0.0,305.0
366.9,147.1,1794.0,86.9,47.4,0.0,315.0
341.8,142.0,1182.0,80.7,45.3,1.0,324.0
320.4,136.4,687.0,74.9,42.8,3.0,330.0
297.1,129.9,460.0,71.8,40.7,2.0,332.0
285.9,122.5,348.0,69.2,38.2,1.0,330.0
385.6,78.0,296.0,15.0,9.0,44.0,322.0
373.5,80.8,314.0,15.5,10.2,47.0,313.0
357.6,84.3,390.0,16.0,11.9,53.0,304.0
393.9,81.0,432.0,15.5,13.2,64.0,295.0
375.3,76.8,390.0,12.8,13.9,85.0,282.0
363.2,75.4,313.0,9.1,14.2,112.0,266.0
300.8,67.1,259.0,6.3,14.5,134.0,244.0
247.7,60.3,244.0,5.1,14.8,148.0,221.0
231.9,58.1,252.0,4.8,15.0,157.0,201.0
228.6,58.7,290.0,5.8,15.5,161.0,194.0
242.1,61.2,366.0,8.3,16.0,159.0,189.0
231.9,61.2,471.0,12.2,16.9,151.0,185.0
177.4,57.6,589.0,18.3,23.0,152.0,181.0
150.9,61.9,729.0,24.1,26.4,135.0,177.0
116.6,61.0,881.0,32.0,31.0,111.0,176.0
99.4,58.2,1000.0,38.1,34.6,90.0,175.0
88.9,56.9,1082.0,40.5,36.4,76.0,173.0
80.3,55.2,1131.0,41.0,37.2,64.0,170.0
72.4,52.5,1118.0,40.6,36.8,55.0,168.0
65.7,48.8,999.0,38.9,34.4,47.0,165.0
60.1,46.9,817.0,36.2,30.8,42.0,162.0
55.3,45.3,672.0,34.8,28.1,36.0,159.0
51.9,44.1,593.0,36.2,26.6,27.0,157.0
50.5,44.2,550.0,38.8,25.9,18.0,154.0
63.8,47.0,559.0,35.3,35.1,39.0,153.0
65.9,50.9,669.0,34.9,37.1,47.0,152.0
72.6,46.4,831.0,34.1,39.7,59.0,151.0
81.0,43.4,909.0,31.5,40.5,79.0,150.0
99.4,45.8,822.0,25.3,38.3,117.0,148.0
112.5,49.0,652.0,17.2,34.5,163.0,145.0
117.1,49.9,509.0,11.0,30.3,195.0,143.0
114.6,48.4,427.0,7.8,25.7,201.0,142.0
116.6,46.6,371.0,6.5,20.9,192.0,141.0
147.1,57.9,356.0,7.6,17.7,177.0,140.0
91.5,39.3,395.0,12.0,17.1,158.0,139.0
72.4,35.2,473.0,18.8,18.3,133.0,151.0
72.9,35.4,559.0,17.1,17.9,111.0,149.0
60.5,37.8,658.0,31.0,21.4,86.0,133.0
66.6,49.2,764.0,49.9,26.2,52.0,129.0
63.3,51.8,827.0,62.0,29.5,28.0,129.0
56.1,48.4,814.0,61.2,29.8,23.0,128.0
48.4,43.7,758.0,53.7,28.4,28.0,127.0
43.0,40.2,706.0,46.0,27.0,34.0,125.0
37.4,35.6,671.0,39.7,25.8,40.0,124.0
32.9,31.8,639.0,33.3,24.5,47.0,122.0
29.9,29.2,617.0,28.5,23.4,52.0,121.0
28.9,28.5,604.0,26.3,22.6,52.0,119.0
28.3,28.1,601.0,25.6,22.1,50.0,117.0
12.0,12.0,609.0,19.1,17.3,64.0,114.0
12.5,12.4,647.0,20.6,19.0,65.0,110.0
12.9,12.8,697.0,22.6,21.3,67.0,106.0
13.2,13.1,706.0,23.1,23.4,74.0,103.0
15.3,15.1,635.0,20.9,25.0,89.0,100.0
23.9,16.9,523.0,17.3,26.4,107.0,97.0
28.5,17.6,433.0,14.4,26.9,122.0,95.0
22.9,17.2,379.0,12.7,25.7,128.0,92.0
21.7,18.1,347.0,11.7,23.7,131.0,90.0
21.5,19.0,357.0,12.0,22.8,132.0,87.0
26.1,21.0,434.0,11.6,23.5,138.0,86.0
25.7,22.5,552.0,12.4,25.4,142.0,85.0
25.5,25.3,660.0,33.5,30.2,85.0,84.0
30.5,30.3,730.0,47.0,35.2,66.0,83.0
41.7,41.4,790.0,65.5,42.1,39.0,83.0
52.3,52.0,865.0,79.0,46.7,19.0,83.0
66.6,66.4,985.0,83.1,47.2,11.0,84.0
68.0,67.8,1122.0,82.3,45.4,9.0,86.0
64.7,64.3,1215.0,79.2,43.1,9.0,88.0
61.9,61.7,1235.0,74.1,40.5,11.0,90.0
59.6,59.3,1211.0,66.8,37.4,15.0,92.0
58.7,58.2,1174.0,59.9,34.8,19.0,94.0
57.3,56.9,1139.0,54.3,32.8,19.0,97.0
55.2,54.7,1092.0,49.1,31.2,19.0,99.0
52.2,51.8,1019.0,48.8,31.6,23.0,102.0
48.3,48.0,902.0,47.7,31.1,24.0,106.0
45.4,44.9,760.0,45.9,30.4,28.0,110.0
47.4,46.9,637.0,42.6,30.0,39.0,113.0
41.7,41.3,544.0,36.4,30.2,67.0,116.0
38.8,38.4,471.0,28.8,30.7,102.0,118.0
33.8,33.4,427.0,23.1,31.0,129.0,120.0
32.4,31.9,415.0,20.7,30.7,139.0,121.0
31.5,31.1,432.0,20.3,30.3,139.0,123.0
31.2,30.9,482.0,21.2,30.0,136.0,124.0
31.3,30.9,588.0,22.6,30.0,133.0,125.0
31.4,31.0,725.0,25.3,30.2,126.0,126.0
67.1,48.9,828.0,28.4,25.8,99.0,128.0
57.9,51.9,865.0,35.7,25.6,82.0,130.0
55.8,54.6,866.0,45.5,25.4,59.0,132.0
52.3,52.2,856.0,50.9,24.6,43.0,132.0
46.1,45.9,843.0,48.0,23.1,41.0,130.0
39.5,39.2,817.0,40.6,21.1,46.0,127.0
34.7,34.6,777.0,33.5,19.1,51.0,124.0
28.1,27.9,714.0,27.9,16.9,55.0,120.0
23.2,23.1,636.0,22.6,14.7,59.0,116.0
18.3,18.2,564.0,18.8,13.1,62.0,112.0
15.1,15.0,490.0,16.9,12.2,62.0,108.0
13.8,13.7,422.0,16.4,11.9,59.0,104.0
18.2,18.0,405.0,19.7,13.6,50.0,100.0
20.5,20.4,488.0,24.3,15.3,44.0,98.0
25.0,24.9,623.0,30.4,17.8,38.0,96.0
25.8,25.7,706.0,33.7,20.1,38.0,95.0
24.4,24.2,677.0,31.8,22.3,51.0,93.0
22.9,22.8,597.0,27.1,24.3,72.0,92.0
22.6,22.4,547.0,22.8,25.5,91.0,91.0
24.0,23.7,566.0,19.6,25.2,109.0,91.0
24.5,24.2,614.0,16.8,24.0,126.0,90.0
25.3,24.7,655.0,15.8,22.8,136.0,89.0
26.7,26.1,613.0,15.8,21.3,135.0,89.0
28.8,28.2,564.0,17.7,19.7,127.0,89.0
39.6,38.3,700.0,28.1,20.2,74.0,88.0
44.8,44.0,1229.0,34.9,21.1,62.0,87.0
48.9,48.2,1943.0,44.1,22.3,45.0,87.0
50.1,49.5,2408.0,49.8,22.8,33.0,87.0
48.9,48.3,2405.0,48.9,22.1,31.0,87.0
47.5,47.0,2153.0,44.4,20.6,34.0,88.0
47.6,47.1,1872.0,40.2,19.3,37.0,88.0
46.9,46.4,1614.0,37.2,18.2,38.0,90.0
45.3,44.9,1326.0,34.3,17.1,38.0,92.0
46.1,45.8,1071.0,32.2,16.4,38.0,94.0
47.5,47.0,862.0,31.4,16.0,35.0,96.0
46.7,46.3,686.0,31.3,16.0,32.0,99.0
45.9,45.5,561.0,31.4,20.8,35.0,101.0
50.3,50.1,508.0,28.8,22.4,46.0,105.0
44.1,43.8,505.0,25.2,24.5,63.0,106.0
34.9,34.6,509.0,21.3,25.8,81.0,107.0
30.5,30.2,510.0,17.1,25.7,102.0,108.0
27.1,26.9,517.0,12.7,24.8,125.0,108.0
25.3,25.1,511.0,9.5,23.9,143.0,109.0
23.3,23.1,467.0,7.8,23.0,153.0,109.0
23.5,23.3,410.0,7.3,22.0,157.0,109.0
23.6,23.5,393.0,7.9,21.5,157.0,108.0
23.1,22.7,404.0,7.8,21.1,154.0,108.0
22.8,22.4,455.0,8.9,21.2,146.0,108.0
23.7,23.6,630.0,16.5,17.0,93.0,106.0
29.9,29.4,1056.0,29.7,22.7,73.0,104.0
40.5,40.3,1607.0,48.0,30.7,45.0,104.0
50.5,50.4,1991.0,62.8,38.2,24.0,104.0
53.6,53.6,2065.0,70.1,44.2,15.0,104.0
59.8,59.8,1971.0,73.9,49.6,13.0,106.0
69.4,69.4,1846.0,76.8,54.0,11.0,108.0
75.4,75.4,1710.0,79.6,56.9,9.0,111.0
77.1,77.1,1542.0,81.5,58.8,7.0,114.0
79.6,79.6,1416.0,83.0,60.2,6.0,118.0
81.5,81.5,1378.0,85.6,61.4,1.0,121.0
84.8,84.5,1382.0,87.8,62.1,0.0,125.0
78.2,78.2,1364.0,69.7,46.3,2.0,129.0
83.1,83.1,1306.0,60.4,44.6,20.0,132.0
73.8,73.3,1226.0,47.3,42.4,46.0,135.0
53.3,51.1,1112.0,35.5,40.8,78.0,137.0
53.3,41.6,936.0,26.6,41.1,122.0,138.0
64.7,46.8,727.0,19.0,42.1,172.0,140.0
76.8,54.7,560.0,13.2,41.8,212.0,143.0
78.9,59.6,455.0,9.1,38.9,237.0,147.0
79.2,61.0,394.0,6.7,34.8,251.0,150.0
76.6,59.6,393.0,7.0,31.2,252.0,156.0
75.7,58.0,419.0,9.3,28.1,236.0,186.0
72.6,54.0,506.0,14.2,25.5,206.0,203.0
87.8,68.2,778.0,28.0,25.1,158.0,205.0
97.8,82.2,1465.0,48.0,30.1,125.0,202.0
115.0,99.7,2337.0,75.2,36.9,79.0,184.0
118.5,105.2,2824.0,93.8,42.5,46.0,160.0
111.1,99.9,2567.0,95.7,45.3,37.0,161.0
110.8,100.1,1925.0,88.9,46.9,40.0,162.0
110.6,99.7,1412.0,81.1,47.9,44.0,163.0
109.4,98.7,1251.0,74.6,49.1,44.0,164.0
109.0,98.3,1217.0,67.2,49.8,45.0,164.0
108.0,96.6,1155.0,60.1,49.1,45.0,165.0
104.5,92.7,974.0,53.3,46.5,44.0,165.0
100.1,87.5,763.0,46.8,42.5,42.0,165.0
133.2,116.2,635.0,73.6,55.6,43.0,167.0
113.4,99.0,683.0,63.4,50.6,62.0,167.0
99.9,88.9,813.0,49.0,43.5,88.0,167.0
75.4,61.9,855.0,35.6,36.8,117.0,168.0
68.2,47.0,701.0,24.4,31.2,150.0,168.0
63.8,39.9,458.0,14.3,26.0,185.0,168.0
62.2,37.3,277.0,7.2,21.7,208.0,167.0
55.1,35.0,217.0,4.0,18.6,211.0,167.0
58.1,34.8,219.0,3.9,16.5,201.0,166.0
59.6,34.6,259.0,5.6,15.2,187.0,165.0
62.4,34.7,335.0,8.9,14.5,171.0,165.0
107.8,40.7,449.0,14.2,14.5,152.0,171.0
114.3,44.4,581.0,21.6,15.5,122.0,167.0
104.3,49.4,746.0,31.3,18.4,102.0,162.0
101.7,53.2,929.0,44.7,22.4,74.0,161.0
109.0,56.8,1067.0,55.0,25.9,52.0,159.0
122.5,62.2,1152.0,59.2,28.6,42.0,158.0
136.4,68.2,1192.0,60.2,30.8,37.0,157.0
145.8,73.1,1146.0,60.2,31.7,34.0,157.0
147.6,74.5,951.0,59.9,30.4,30.0,156.0
145.3,73.8,669.0,58.5,27.8,27.0,155.0
140.2,72.4,447.0,56.2,25.2,25.0,154.0
139.7,70.1,340.0,52.8,23.2,21.0,154.0
143.0,67.1,294.0,48.5,21.3,17.0,153.0
169.0,54.0,286.0,23.4,13.7,38.0,151.0
136.9,49.0,339.0,23.3,13.4,40.0,149.0
143.4,48.7,432.0,22.8,13.0,45.0,145.0
165.3,52.3,479.0,21.1,12.9,57.0,144.0
232.4,59.1,431.0,16.7,13.2,84.0,145.0
267.3,65.9,338.0,11.0,13.8,118.0,148.0
299.0,72.6,266.0,6.7,14.1,143.0,150.0
309.2,74.7,228.0,4.6,13.7,153.0,152.0
309.2,74.0,211.0,4.0,13.1,154.0,153.0
317.6,74.5,243.0,5.5,12.7,150.0,154.0
330.6,75.7,332.0,9.3,12.5,140.0,155.0
333.4,77.5,469.0,15.3,12.5,124.0,156.0
273.8,70.8,664.0,22.3,13.6,104.0,157.0
248.7,76.1,993.0,34.0,17.2,83.0,158.0
244.9,83.6,1378.0,50.2,22.4,55.0,159.0
256.1,92.0,1595.0,62.1,27.9,33.0,160.0
276.6,100.4,1513.0,65.4,34.0,26.0,161.0
296.2,109.2,1264.0,64.6,40.3,25.0,162.0
305.5,116.4,1012.0,64.2,44.3,24.0,163.0
306.4,121.5,795.0,66.4,44.6,19.0,165.0
295.2,123.9,575.0,69.0,42.6,14.0,166.0
268.2,117.8,411.0,70.5,39.9,9.0,168.0
234.2,107.1,319.0,70.5,36.4,4.0,169.0
202.1,96.4,282.0,69.4,32.2,0.0,170.0
131.3,61.5,308.0,36.8,17.3,35.0,170.0
128.1,61.0,456.0,35.5,17.6,43.0,170.0
124.3,61.2,667.0,33.5,18.0,55.0,171.0
131.3,58.2,771.0,29.7,18.2,73.0,171.0
148.5,56.8,658.0,22.6,18.1,102.0,171.0
171.4,56.9,439.0,13.7,17.8,137.0,170.0
183.5,56.8,273.0,7.2,17.4,162.0,170.0
161.6,52.4,219.0,4.4,16.8,170.0,169.0
183.9,54.8,217.0,3.9,16.1,167.0,169.0
197.0,55.8,254.0,5.7,15.7,160.0,168.0
212.8,57.7,307.0,9.9,15.5,149.0,168.0
213.7,59.3,399.0,16.5,15.6,133.0,167.0
245.9,60.5,574.0,19.5,14.2,111.0,167.0
242.1,65.4,918.0,27.2,17.0,94.0,167.0
236.6,71.2,1347.0,38.1,20.9,71.0,166.0
244.9,77.1,1653.0,47.8,24.5,51.0,166.0
255.2,83.6,1734.0,55.5,27.8,38.0,165.0
265.4,90.3,1693.0,62.0,30.8,29.0,165.0
255.2,95.0,1629.0,65.4,32.5,23.0,164.0
222.6,93.6,1581.0,64.1,31.7,20.0,163.0
182.5,87.3,1511.0,59.8,29.5,19.0,162.0
151.3,80.3,1401.0,55.7,28.0,20.0,161.0
128.5,74.7,1199.0,53.1,27.8,19.0,160.0
114.1,72.9,957.0,50.8,28.3,19.0,159.0
158.3,86.1,817.0,54.9,26.9,12.0,160.0
154.1,90.6,896.0,51.3,29.9,32.0,161.0
136.0,88.7,1077.0,45.9,34.1,61.0,162.0
139.2,78.7,1152.0,39.0,36.7,95.0,162.0
140.2,70.8,996.0,29.0,36.6,141.0,163.0
122.9,65.0,733.0,17.5,35.0,193.0,163.0
104.3,62.6,535.0,9.9,32.9,223.0,163.0
93.4,61.5,457.0,9.1,29.9,215.0,163.0
65.2,50.1,444.0,12.1,26.3,185.0,163.0
43.1,39.2,493.0,15.5,24.0,158.0,163.0
31.7,30.7,638.0,18.3,24.0,142.0,162.0
26.5,26.2,846.0,21.6,25.2,129.0,161.0
17.1,17.1,1016.0,18.0,20.9,123.0,160.0
21.3,21.3,1120.0,21.7,21.6,108.0,158.0
21.0,21.0,1186.0,26.8,22.6,88.0,157.0
20.0,20.0,1196.0,30.5,23.4,71.0,155.0
19.6,19.6,1124.0,31.6,23.8,62.0,153.0
20.2,20.2,996.0,31.3,23.9,56.0,151.0
20.4,20.3,870.0,30.5,23.8,51.0,147.0
19.8,19.6,760.0,29.2,23.2,47.0,139.0
19.4,19.1,652.0,27.4,22.4,44.0,132.0
19.3,18.9,568.0,26.1,21.8,42.0,125.0
19.6,19.1,503.0,25.5,21.7,39.0,120.0
19.3,18.8,463.0,25.4,21.8,37.0,114.0
17.7,17.2,482.0,23.6,22.3,42.0,107.0
18.1,17.4,627.0,26.7,23.2,43.0,99.0
19.4,18.7,831.0,30.8,24.4,44.0,94.0
20.4,19.8,937.0,32.7,25.5,50.0,89.0
20.4,20.1,845.0,30.6,26.7,63.0,85.0
19.4,19.3,654.0,26.2,27.9,80.0,82.0
18.7,18.6,500.0,21.8,28.1,99.0,78.0
20.1,20.0,424.0,16.9,26.7,123.0,75.0
25.8,21.2,386.0,12.0,24.4,149.0,73.0
22.7,21.3,401.0,10.1,22.4,163.0,71.0
25.1,21.6,502.0,13.3,21.0,158.0,70.0
23.5,21.4,658.0,19.7,19.9,141.0,74.0
20.7,20.3,786.0,19.1,17.6,126.0,88.0
28.2,28.1,864.0,32.6,20.9,100.0,92.0
37.7,37.6,915.0,50.9,25.3,65.0,85.0
42.0,41.9,928.0,62.8,28.1,39.0,74.0
44.2,44.1,888.0,62.8,27.9,33.0,76.0
42.7,42.6,810.0,56.4,26.1,36.0,78.0
39.5,39.3,724.0,49.1,24.3,41.0,79.0
36.6,36.4,630.0,41.7,22.9,44.0,80.0
34.0,34.0,528.0,33.3,21.5,48.0,82.0
31.7,31.7,447.0,26.9,20.3,51.0,83.0
29.6,29.6,397.0,24.0,19.4,48.0,83.0
28.1,28.0,368.0,23.0,18.7,44.0,84.0
24.3,24.3,359.0,23.0,13.8,37.0,85.0
25.5,25.4,386.0,21.4,15.9,51.0,85.0
28.5,28.5,433.0,19.1,18.8,71.0,86.0
25.7,25.6,452.0,16.4,20.9,94.0,87.0
24.3,23.8,413.0,12.8,21.6,123.0,87.0
26.3,25.1,347.0,8.7,21.5,155.0,87.0
40.0,27.1,297.0,5.8,21.0,177.0,88.0
31.8,27.0,276.0,4.6,19.8,184.0,89.0
29.6,26.4,272.0,4.4,18.1,181.0,89.0
27.6,25.5,286.0,5.3,17.0,174.0,113.0
26.0,24.7,329.0,7.2,16.7,164.0,133.0
25.0,24.1,391.0,10.1,16.9,150.0,145.0
25.8,24.6,443.0,13.4,17.6,124.0,145.0
30.3,28.9,477.0,16.7,18.4,110.0,135.0
31.2,30.5,501.0,21.2,19.5,91.0,117.0
31.2,30.2,507.0,24.1,20.3,77.0,94.0
31.2,29.6,486.0,24.0,20.6,73.0,87.0
29.7,28.2,446.0,22.3,20.5,74.0,86.0
30.6,25.7,405.0,20.5,20.1,74.0,85.0
31.1,23.1,363.0,18.9,19.1,73.0,84.0
29.9,21.0,320.0,17.2,17.7,71.0,83.0
29.2,19.2,288.0,16.0,16.7,68.0,82.0
30.0,18.2,268.0,15.7,16.3,62.0,81.0
31.4,18.0,260.0,15.9,16.3,56.0,81.0
26.3,17.8,278.0,16.9,18.6,53.0,80.0
27.7,19.7,348.0,17.8,20.4,57.0,80.0
28.2,20.9,445.0,18.8,23.0,65.0,79.0
24.8,21.4,501.0,18.4,24.8,80.0,79.0
23.6,21.4,478.0,15.3,25.4,110.0,78.0
23.4,21.8,415.0,10.8,25.3,148.0,78.0
25.0,23.8,366.0,7.4,24.5,176.0,78.0
26.5,25.5,342.0,5.6,22.5,188.0,78.0
28.2,27.3,331.0,4.9,19.7,189.0,82.0
30.7,26.1,352.0,5.9,18.0,185.0,109.0
32.7,27.9,427.0,9.2,18.1,174.0,132.0
29.3,27.4,534.0,14.2,19.3,157.0,149.0
45.6,43.7,629.0,16.6,22.3,146.0,155.0
47.5,46.1,707.0,24.7,24.3,123.0,151.0
53.9,52.7,773.0,35.8,27.1,91.0,133.0
56.3,55.3,792.0,42.9,29.1,67.0,107.0
57.2,56.1,734.0,42.5,29.5,60.0,87.0
56.9,55.9,628.0,38.2,29.2,62.0,89.0
55.5,54.6,532.0,33.8,28.5,64.0,92.0
54.4,53.6,460.0,30.4,27.5,63.0,94.0
53.4,52.6,397.0,27.1,26.1,63.0,96.0
51.9,51.2,356.0,24.6,25.2,62.0,99.0
50.1,49.4,337.0,23.6,24.7,60.0,102.0
48.4,47.7,341.0,23.5,24.5,57.0,105.0
52.9,52.0,378.0,26.2,24.9,48.0,109.0
56.9,56.1,489.0,27.3,28.2,57.0,112.0
56.6,55.8,634.0,28.7,32.8,71.0,116.0
47.7,46.7,704.0,27.8,35.8,92.0,119.0
42.6,41.4,626.0,22.6,36.0,126.0,121.0
38.6,37.6,472.0,15.3,34.8,166.0,122.0
39.3,38.3,356.0,9.6,32.9,197.0,124.0
41.0,39.8,319.0,7.1,30.3,213.0,125.0
41.9,40.7,320.0,6.2,27.1,219.0,127.0
42.5,41.3,342.0,6.8,24.9,219.0,144.0
42.4,41.2,372.0,8.5,24.2,212.0,168.0
41.2,40.0,424.0,11.5,24.4,199.0,185.0
57.4,54.8,521.0,16.1,25.0,173.0,192.0
62.9,60.8,723.0,18.8,26.6,156.0,191.0
66.1,64.5,970.0,22.9,28.8,132.0,180.0
63.3,61.7,1104.0,27.9,30.8,108.0,164.0
66.4,65.0,1025.0,35.0,32.2,84.0,139.0
72.2,70.8,834.0,43.1,33.4,61.0,138.0
74.7,73.6,672.0,48.4,34.1,43.0,140.0
74.5,73.3,591.0,48.3,33.9,35.0,142.0
74.3,73.1,540.0,45.6,33.3,33.0,144.0
76.8,75.7,506.0,44.5,33.3,30.0,147.0
79.2,78.0,479.0,47.9,33.9,20.0,150.0
81.7,80.6,469.0,53.0,35.1,9.0,151.0
77.3,76.4,498.0,53.3,35.4,17.0,152.0
87.8,86.8,613.0,52.3,38.8,32.0,153.0
87.5,86.8,767.0,50.4,43.3,55.0,153.0
76.1,75.2,838.0,45.5,45.5,87.0,154.0
59.8,58.7,744.0,34.5,43.4,137.0,155.0
56.8,55.3,568.0,20.5,39.0,196.0,155.0
56.6,54.8,436.0,10.1,34.7,240.0,156.0
57.7,55.8,399.0,6.3,31.2,259.0,156.0
59.0,56.3,405.0,6.2,27.9,263.0,157.0
60.1,56.8,426.0,7.4,25.1,257.0,176.0
58.9,54.9,411.0,9.3,22.9,241.0,202.0
55.5,51.8,412.0,12.6,21.3,215.0,211.0
51.9,46.3,554.0,17.8,21.7,181.0,214.0
56.3,51.2,992.0,24.1,24.5,157.0,211.0
62.6,57.6,1571.0,33.1,28.5,124.0,203.0
71.0,65.9,1958.0,42.0,32.5,95.0,182.0
80.6,75.0,2010.0,50.9,36.5,74.0,158.0
90.3,84.5,1869.0,59.6,40.5,58.0,158.0
100.1,93.8,1630.0,65.3,43.0,46.0,159.0
104.1,97.1,1243.0,65.7,42.8,40.0,159.0
105.7,98.5,759.0,63.1,41.0,38.0,160.0
107.1,99.9,420.0,60.9,39.5,36.0,161.0
109.0,102.0,352.0,61.2,38.6,28.0,162.0
109.4,103.1,429.0,62.0,37.9,19.0,162.0
43.4,40.5,523.0,16.4,20.6,104.0,161.0
42.8,40.2,616.0,18.9,21.6,103.0,160.0
42.3,39.6,724.0,22.1,23.0,102.0,158.0
42.5,38.5,771.0,23.0,24.1,111.0,157.0
43.0,38.2,697.0,19.4,24.8,138.0,157.0
42.7,37.5,561.0,13.5,25.2,175.0,156.0
44.6,38.4,460.0,9.0,25.4,207.0,156.0
47.5,40.7,432.0,7.2,25.6,230.0,155.0
50.2,43.0,438.0,6.7,25.6,248.0,155.0
52.7,44.8,460.0,7.3,25.0,253.0,171.0
54.5,45.6,501.0,8.8,23.1,239.0,193.0
54.4,44.7,558.0,11.4,20.5,213.0,204.0
56.0,43.0,603.0,22.5,18.4,131.0,203.0
60.5,48.3,627.0,26.1,19.5,118.0,199.0
64.3,52.3,639.0,30.9,21.0,101.0,182.0
63.3,51.6,636.0,33.5,21.7,88.0,159.0
64.0,50.9,610.0,32.0,20.9,85.0,153.0
57.7,47.5,570.0,28.4,19.2,87.0,151.0
52.5,41.7,541.0,25.0,17.7,88.0,150.0
48.8,37.7,536.0,22.6,16.5,86.0,143.0
48.1,35.7,542.0,20.4,15.4,84.0,137.0
47.8,35.0,545.0,19.0,14.9,81.0,130.0
46.6,34.8,530.0,18.8,15.1,76.0,123.0
45.1,35.0,513.0,19.3,15.8,71.0,116.0
44.5,33.6,522.0,15.9,15.1,86.0,115.0
46.8,34.7,598.0,16.8,16.2,92.0,115.0
48.4,36.3,701.0,18.0,17.8,101.0,114.0
48.3,33.5,741.0,17.7,18.8,114.0,114.0
46.1,32.1,654.0,14.6,18.8,136.0,113.0
45.9,31.7,503.0,10.0,18.2,163.0,113.0
41.2,30.5,393.0,6.6,17.4,183.0,112.0
39.9,29.6,359.0,5.1,16.4,191.0,111.0
40.5,29.3,365.0,4.7,15.2,193.0,116.0
49.0,32.2,407.0,5.5,14.5,189.0,137.0
46.8,30.6,470.0,7.8,14.6,180.0,153.0
50.9,32.1,568.0,11.2,15.2,167.0,161.0
45.4,24.0,739.0,15.3,17.1,147.0,163.0
51.7,31.8,1047.0,27.4,20.4,121.0,156.0
60.3,39.5,1427.0,44.0,24.9,85.0,137.0
66.8,45.6,1726.0,55.3,27.8,58.0,109.0
69.6,48.3,1888.0,56.5,27.9,48.0,99.0
70.5,48.3,1969.0,52.4,26.4,47.0,99.0
70.5,46.3,1981.0,47.7,24.8,47.0,100.0
69.6,44.1,1897.0,43.1,23.1,46.0,100.0
69.2,43.2,1744.0,38.0,21.2,47.0,101.0
70.8,43.7,1616.0,35.2,20.1,46.0,102.0
75.4,46.7,1558.0,37.1,20.4,39.0,103.0
80.3,50.3,1525.0,41.2,21.6,31.0,105.0
102.9,55.6,1470.0,50.0,32.4,34.0,107.0
112.2,64.5,1379.0,45.7,34.0,51.0,110.0
102.0,66.1,1267.0,39.5,36.1,77.0,113.0
90.3,49.0,1129.0,32.7,37.0,104.0,115.0
75.9,39.6,937.0,24.8,35.7,135.0,116.0
71.9,38.2,719.0,16.3,33.2,167.0,116.0
72.6,39.2,561.0,10.0,30.5,192.0,117.0
73.6,40.5,493.0,6.8,27.7,206.0,118.0
75.4,41.3,485.0,5.8,24.8,212.0,120.0
75.4,41.3,527.0,6.7,22.8,211.0,144.0
74.5,41.3,641.0,8.3,21.9,203.0,165.0
73.6,41.4,806.0,11.9,22.0,188.0,179.0
87.8,51.8,950.0,21.1,22.0,148.0,181.0
92.7,62.9,1027.0,41.6,26.4,115.0,173.0
102.7,75.2,1083.0,70.0,32.5,68.0,153.0
110.8,84.8,1181.0,92.0,38.0,32.0,137.0
120.6,94.8,1377.0,101.4,42.4,16.0,141.0
131.8,105.2,1614.0,104.4,46.1,10.0,147.0
143.4,115.0,1787.0,105.4,48.0,6.0,151.0
149.5,120.6,1840.0,105.7,46.9,2.0,154.0
151.8,123.4,1828.0,103.9,43.9,1.0,156.0
147.6,122.0,1816.0,100.4,41.3,1.0,158.0
142.5,118.7,1839.0,94.9,39.6,0.0,160.0
138.8,117.1,1862.0,87.8,38.3,0.0,162.0
98.3,85.0,1841.0,56.7,29.3,18.0,163.0
102.2,88.2,1767.0,50.8,31.5,39.0,164.0
101.5,89.2,1649.0,42.4,34.4,68.0,165.0
100.1,79.4,1474.0,33.7,35.9,100.0,166.0
98.7,65.4,1187.0,24.4,34.9,135.0,166.0
97.6,55.3,843.0,14.7,32.6,172.0,167.0
93.6,52.2,587.0,7.7,30.4,200.0,167.0
90.1,52.0,499.0,4.8,28.5,216.0,168.0
88.9,52.3,499.0,4.5,26.7,224.0,168.0
87.5,52.9,502.0,5.5,25.6,225.0,168.0
87.1,53.4,461.0,7.5,25.6,218.0,175.0
82.7,54.4,422.0,10.8,26.3,204.0,192.0
91.7,60.3,434.0,15.6,28.5,183.0,199.0
89.2,61.0,511.0,19.5,29.3,158.0,197.0
87.8,62.4,639.0,25.2,30.5,123.0,185.0
88.0,66.4,820.0,31.7,31.9,92.0,168.0
91.5,71.9,1102.0,39.4,33.7,70.0,168.0
97.8,78.9,1436.0,47.8,35.6,52.0,167.0
105.2,85.9,1682.0,54.7,36.8,38.0,166.0
109.9,89.4,1787.0,58.8,36.7,29.0,165.0
112.9,92.0,1803.0,61.4,35.8,23.0,164.0
115.9,94.5,1742.0,63.5,35.2,19.0,163.0
119.7,97.6,1550.0,66.4,35.2,11.0,163.0
123.4,101.0,1280.0,68.9,35.5,3.0,162.0
84.1,67.8,1105.0,43.4,26.5,26.0,162.0
89.2,72.9,1151.0,43.5,27.9,44.0,161.0
91.0,79.2,1291.0,43.3,30.0,69.0,161.0
81.7,65.4,1316.0,40.1,31.7,99.0,160.0
75.9,51.8,1090.0,31.1,33.2,136.0,160.0
78.0,49.9,749.0,19.1,34.4,178.0,160.0
83.4,51.6,497.0,10.0,34.5,210.0,160.0
86.8,52.9,425.0,6.2,32.6,227.0,160.0
88.7,53.8,441.0,5.3,29.5,233.0,160.0
91.0,54.8,470.0,6.2,27.1,232.0,160.0
94.3,55.9,470.0,8.6,26.0,222.0,183.0
95.0,57.2,483.0,12.8,25.7,203.0,199.0
90.8,60.1,563.0,19.5,27.9,184.0,203.0
93.6,66.8,771.0,27.9,29.9,156.0,201.0
99.2,71.5,1046.0,39.7,32.8,116.0,188.0
105.5,75.0,1261.0,51.1,35.6,82.0,165.0
115.0,80.8,1375.0,61.3,38.3,60.0,161.0
129.5,89.6,1428.0,71.0,40.8,44.0,161.0
141.1,95.0,1419.0,78.0,42.1,31.0,162.0
150.9,97.8,1316.0,80.8,41.1,22.0,162.0
159.3,100.4,1150.0,80.9,38.8,17.0,162.0
166.2,102.4,1008.0,80.9,37.1,13.0,162.0
172.3,103.1,907.0,83.0,36.7,5.0,163.0
178.8,103.8,829.0,84.9,36.9,0.0,163.0
163.9,107.8,815.0,83.9,37.9,2.0,164.0
161.6,102.7,933.0,72.2,36.3,31.0,165.0
146.2,95.0,1113.0,55.8,34.1,74.0,165.0
152.3,69.8,1188.0,40.7,33.2,115.0,165.0
153.2,58.0,1050.0,28.4,35.2,155.0,166.0
133.2,52.0,806.0,17.5,38.5,194.0,166.0
115.9,50.3,609.0,9.7,39.6,223.0,166.0
104.1,49.2,520.0,6.0,36.4,237.0,166.0
95.9,48.0,479.0,5.3,31.0,242.0,165.0
90.8,46.0,458.0,6.2,26.7,238.0,173.0
89.4,44.4,446.0,8.6,24.5,225.0,197.0
93.4,44.0,454.0,12.5,23.3,205.0,205.0
94.8,43.2,484.0,16.1,22.3,179.0,206.0
100.4,46.2,546.0,21.9,23.9,157.0,204.0
106.4,50.1,631.0,30.0,26.1,126.0,194.0
112.2,53.7,716.0,36.7,27.8,100.0,172.0
119.0,58.0,802.0,40.5,28.5,84.0,161.0
126.2,61.2,888.0,42.8,28.8,73.0,160.0
131.8,63.3,948.0,45.0,28.9,63.0,159.0
138.8,65.7,967.0,47.3,28.9,54.0,159.0
146.7,68.9,960.0,49.3,28.9,47.0,158.0
150.9,71.2,950.0,51.3,29.0,41.0,157.0
152.3,72.6,941.0,54.4,29.3,31.0,156.0
153.7,74.3,928.0,57.5,29.8,21.0,155.0
120.1,62.9,923.0,33.8,24.8,59.0,154.0
123.9,70.3,944.0,32.7,27.0,75.0,153.0
112.7,74.3,972.0,30.9,30.1,99.0,152.0
96.2,63.1,961.0,28.1,33.0,126.0,152.0
88.5,60.8,874.0,23.4,36.0,158.0,152.0
82.7,57.7,749.0,17.6,38.7,193.0,152.0
78.2,55.5,650.0,12.9,39.4,220.0,152.0
73.8,54.0,604.0,9.8,36.3,236.0,152.0
70.5,52.9,584.0,7.9,31.1,243.0,153.0
68.9,52.2,576.0,7.8,27.0,243.0,180.0
69.4,53.1,579.0,9.9,25.0,233.0,200.0
71.2,56.0,593.0,13.9,24.2,216.0,206.0
76.4,62.9,609.0,21.5,25.7,188.0,208.0
84.8,69.6,606.0,27.5,27.5,163.0,206.0
95.2,79.4,604.0,36.0,30.1,128.0,200.0
102.9,87.5,651.0,43.8,32.3,97.0,178.0
111.8,97.8,811.0,51.3,34.3,75.0,158.0
122.0,108.0,1020.0,58.0,36.0,57.0,159.0
126.2,109.7,1134.0,59.9,36.2,47.0,160.0
122.0,102.7,1065.0,53.1,33.7,48.0,161.0
116.9,91.3,900.0,41.4,29.7,57.0,162.0
112.7,76.1,759.0,31.9,26.6,63.0,162.0
110.4,66.4,678.0,27.5,25.3,62.0,162.0
102.4,58.3,620.0,25.2,24.9,58.0,162.0
91.3,65.9,593.0,34.6,28.5,45.0,162.0
83.6,63.6,626.0,33.9,30.5,53.0,162.0
77.5,61.7,691.0,32.8,33.2,66.0,161.0
63.8,50.8,711.0,29.9,35.0,87.0,161.0
48.8,39.5,635.0,23.8,35.1,123.0,160.0
45.6,37.1,514.0,16.0,34.2,167.0,160.0
46.8,37.6,423.0,10.1,32.8,201.0,159.0
48.0,38.2,393.0,7.3,30.7,218.0,159.0
51.8,37.8,393.0,6.4,28.2,224.0,158.0
51.7,39.6,410.0,7.6,26.6,223.0,158.0
51.7,38.5,447.0,11.6,26.6,212.0,169.0
49.1,38.4,501.0,17.6,27.5,194.0,187.0
68.2,53.0,546.0,23.3,29.1,183.0,196.0
71.0,55.3,576.0,26.7,29.4,158.0,195.0
74.0,52.6,597.0,31.3,29.8,123.0,182.0
80.1,49.0,605.0,34.2,29.6,95.0,163.0
84.5,46.0,598.0,34.0,28.4,81.0,153.0
87.3,43.8,579.0,32.1,26.5,73.0,151.0
85.4,40.7,551.0,29.7,24.9,67.0,145.0
85.0,36.3,507.0,26.6,23.6,63.0,138.0
90.3,32.4,455.0,23.0,22.4,61.0,132.0
93.6,29.4,423.0,21.0,22.0,58.0,127.0
86.8,26.8,429.0,21.8,22.3,49.0,123.0
75.2,25.3,455.0,24.1,23.3,39.0,120.0
105.5,24.0,470.0,19.9,22.6,41.0,115.0
99.2,24.7,465.0,20.3,24.4,39.0,111.0
91.0,24.6,451.0,20.7,26.7,38.0,107.0
79.2,23.1,425.0,20.0,28.3,46.0,104.0
76.4,23.9,379.0,17.3,28.4,71.0,103.0
74.7,24.1,322.0,13.6,27.7,104.0,101.0
70.5,24.3,282.0,10.5,26.5,132.0,100.0
65.9,23.4,268.0,8.3,24.5,150.0,99.0
66.4,24.2,271.0,6.8,22.1,163.0,98.0
53.8,23.2,290.0,7.1,20.6,168.0,96.0
51.0,23.8,332.0,10.1,20.8,164.0,95.0
55.6,24.8,389.0,14.8,21.9,152.0,101.0
149.0,40.3,438.0,18.7,22.7,116.0,111.0
148.5,45.8,470.0,31.2,25.8,93.0,109.0
158.3,54.4,494.0,48.5,30.0,61.0,93.0
170.4,63.6,511.0,61.3,33.2,35.0,94.0
175.6,69.8,524.0,65.8,34.5,22.0,96.0
170.4,72.4,530.0,65.8,34.7,15.0,98.0
152.7,66.6,522.0,64.1,34.2,11.0,100.0
132.7,60.5,487.0,61.2,33.3,9.0,102.0
121.1,56.8,438.0,56.4,31.7,11.0,105.0
113.2,51.1,404.0,50.9,29.2,13.0,107.0
104.8,45.8,389.0,44.0,24.7,16.0,109.0
100.1,40.9,389.0,36.2,19.1,19.0,111.0
74.5,43.9,420.0,43.2,36.7,17.0,113.0
81.0,50.3,516.0,40.9,40.2,22.0,116.0
82.9,51.5,643.0,37.6,45.0,29.0,118.0
94.5,48.5,710.0,33.4,47.6,46.0,121.0
108.7,47.0,666.0,27.6,46.6,80.0,123.0
100.8,43.3,562.0,21.0,43.5,123.0,125.0
95.5,48.3,469.0,15.8,39.7,155.0,128.0
91.0,53.0,403.0,12.9,35.2,167.0,131.0
84.5,55.2,347.0,11.4,30.0,169.0,134.0
75.4,54.9,318.0,11.4,25.7,164.0,138.0
62.9,50.2,327.0,12.7,22.8,153.0,140.0
58.1,47.4,363.0,15.5,20.9,137.0,143.0
75.4,64.3,404.0,22.8,12.0,63.0,145.0
55.6,53.2,440.0,23.9,12.8,59.0,146.0
51.3,49.9,481.0,25.5,13.9,52.0,145.0
49.4,48.2,534.0,27.0,15.1,47.0,144.0
47.6,46.9,618.0,28.1,16.2,44.0,141.0
46.4,45.8,714.0,29.2,17.4,41.0,139.0
46.1,45.2,774.0,31.0,19.2,37.0,136.0
45.1,44.1,766.0,34.1,22.1,31.0,135.0
44.6,43.8,722.0,37.8,25.7,25.0,133.0
45.3,44.4,688.0,41.1,29.0,19.0,133.0
46.8,45.5,689.0,44.2,32.0,14.0,133.0
48.7,46.9,701.0,46.8,34.7,10.0,133.0
22.8,22.2,695.0,17.7,13.4,56.0,131.0
24.0,23.7,656.0,18.2,14.6,58.0,128.0
24.4,24.1,600.0,18.9,16.4,63.0,125.0
24.3,24.0,545.0,18.7,18.7,73.0,123.0
21.3,20.8,498.0,17.1,22.4,95.0,120.0
19.5,18.6,452.0,14.8,26.6,123.0,118.0
24.0,18.9,411.0,12.5,28.7,143.0,115.0
32.4,19.4,368.0,10.1,26.8,151.0,111.0
39.7,18.6,329.0,7.7,22.7,152.0,107.0
49.8,18.4,317.0,6.8,19.7,147.0,103.0
55.3,18.0,350.0,8.0,18.9,135.0,100.0
54.6,17.1,409.0,10.6,19.0,116.0,98.0
41.3,19.2,465.0,13.7,17.4,103.0,94.0
39.5,21.9,511.0,19.1,19.0,87.0,92.0
36.1,25.7,553.0,26.7,21.3,64.0,90.0
38.1,27.7,580.0,32.5,22.9,46.0,88.0
37.1,29.6,584.0,35.1,23.5,36.0,87.0
35.7,31.8,574.0,35.9,23.5,30.0,86.0
34.9,33.1,565.0,35.8,23.0,26.0,85.0
35.2,32.4,564.0,34.1,21.6,24.0,84.0
34.6,32.2,565.0,31.3,19.7,25.0,83.0
33.6,32.5,563.0,30.0,18.6,25.0,82.0
33.9,32.8,550.0,31.9,18.8,21.0,81.0
35.0,33.9,533.0,35.2,19.8,16.0,80.0
20.1,16.3,535.0,14.8,15.0,66.0,79.0
20.3,18.3,574.0,17.0,18.6,66.0,79.0
16.8,15.8,632.0,20.0,23.5,66.0,78.0
16.9,15.7,668.0,21.5,27.8,73.0,78.0
22.1,18.3,667.0,20.5,31.0,91.0,78.0
29.5,22.5,644.0,18.0,33.5,115.0,78.0
37.0,26.5,612.0,15.6,34.1,137.0,78.0
40.5,28.8,561.0,12.7,31.4,155.0,79.0
40.6,29.2,500.0,9.7,26.8,170.0,80.0
39.0,28.7,467.0,9.5,23.1,175.0,81.0
36.6,27.5,475.0,13.9,21.4,165.0,96.0
35.4,27.1,510.0,21.1,20.6,145.0,112.0
31.7,28.3,567.0,20.7,25.1,111.0,116.0
35.2,32.7,667.0,30.6,26.9,90.0,111.0
42.1,40.2,788.0,44.2,29.3,61.0,95.0
48.9,47.1,860.0,53.6,30.6,39.0,87.0
52.9,51.3,848.0,55.4,30.0,29.0,88.0
55.5,53.8,786.0,53.0,28.4,26.0,90.0
55.1,53.0,712.0,48.9,26.7,26.0,92.0
53.7,51.3,623.0,42.5,25.0,29.0,93.0
53.2,50.5,520.0,34.4,23.2,35.0,95.0
53.2,50.2,449.0,28.4,21.8,39.0,96.0
65.4,51.3,421.0,26.6,21.0,37.0,97.0
60.8,51.6,424.0,26.9,20.7,33.0,99.0
65.7,50.3,464.0,26.2,21.1,35.0,102.0
65.7,51.9,582.0,25.7,21.2,41.0,105.0
64.5,50.4,737.0,24.9,21.4,50.0,109.0
55.9,39.1,815.0,22.8,21.6,65.0,111.0
54.5,30.0,740.0,18.5,22.1,91.0,113.0
56.9,26.3,587.0,13.0,22.5,122.0,113.0
67.3,26.4,468.0,8.7,22.0,147.0,113.0
92.0,28.8,420.0,6.2,19.6,160.0,113.0
142.0,37.1,406.0,5.0,16.2,166.0,114.0
198.4,45.2,427.0,5.7,13.9,166.0,116.0
270.1,55.9,498.0,9.5,13.5,157.0,119.0
311.1,65.9,604.0,15.4,14.2,143.0,123.0
212.8,48.4,695.0,18.4,14.8,124.0,125.0
250.5,59.8,760.0,23.8,16.9,110.0,127.0
282.2,70.3,811.0,31.2,19.8,92.0,131.0
307.3,77.1,830.0,35.7,21.7,78.0,134.0
313.9,79.9,803.0,34.9,21.8,75.0,137.0
299.0,79.4,744.0,31.3,21.1,76.0,139.0
270.1,75.2,681.0,27.5,20.3,79.0,142.0
232.4,69.2,613.0,23.9,19.7,81.0,144.0
195.1,62.6,541.0,20.2,19.2,84.0,145.0
164.4,57.0,493.0,17.6,19.0,86.0,146.0
142.5,52.4,470.0,16.7,19.3,84.0,146.0
128.5,49.2,472.0,16.9,19.9,80.0,145.0
138.8,53.3,522.0,17.7,21.2,88.0,146.0
131.8,54.4,682.0,21.0,22.5,90.0,146.0
125.3,56.9,891.0,25.2,24.4,93.0,147.0
123.9,53.2,991.0,26.4,25.6,105.0,148.0
106.9,44.6,880.0,21.5,25.9,134.0,150.0
100.6,39.0,660.0,13.6,25.5,171.0,150.0
120.1,41.6,486.0,7.5,24.5,197.0,151.0
156.5,48.1,407.0,4.8,22.3,203.0,151.0
192.3,54.0,375.0,4.0,19.5,198.0,152.0
227.7,58.8,393.0,5.5,17.6,187.0,152.0
262.6,63.6,479.0,9.9,17.2,171.0,155.0
280.3,68.0,615.0,16.6,17.6,150.0,162.0
374.4,72.9,759.0,20.2,17.3,123.0,161.0
392.1,83.6,926.0,28.8,20.4,105.0,154.0
431.2,95.2,1099.0,40.7,24.7,81.0,155.0
478.7,105.7,1186.0,49.2,27.8,62.0,156.0
510.4,113.6,1122.0,51.7,28.9,54.0,157.0
512.2,117.8,972.0,51.0,28.9,51.0,158.0
486.2,115.7,835.0,48.5,28.2,51.0,159.0
438.7,109.2,741.0,43.7,26.5,53.0,160.0
384.6,102.2,660.0,37.2,24.0,58.0,161.0
326.9,95.0,603.0,32.3,22.1,60.0,162.0
275.7,88.5,556.0,30.3,21.2,57.0,163.0
235.6,83.1,532.0,29.9,20.9,53.0,164.0
183.9,68.0,582.0,21.7,20.1,72.0,165.0
166.7,68.7,800.0,25.1,21.5,75.0,166.0
158.3,71.2,1091.0,29.4,23.3,81.0,167.0
154.6,69.2,1224.0,30.2,24.3,94.0,167.0
127.6,55.8,1042.0,24.2,24.0,124.0,168.0
119.0,48.8,702.0,14.7,22.8,161.0,168.0
139.7,52.2,435.0,7.4,21.1,186.0,169.0
164.4,56.1,325.0,4.4,18.5,187.0,169.0
185.3,57.4,289.0,3.5,15.4,175.0,169.0
206.8,58.9,312.0,4.8,13.2,160.0,168.0
221.2,60.3,413.0,8.6,12.5,144.0,167.0
245.9,63.6,572.0,14.4,12.8,126.0,167.0
345.5,73.1,714.0,19.8,13.4,103.0,167.0
375.3,84.1,828.0,26.6,16.2,89.0,167.0
401.4,93.6,926.0,35.8,20.0,70.0,167.0
416.3,100.1,964.0,41.9,22.7,56.0,167.0
407.9,102.2,905.0,42.0,23.1,52.0,167.0
375.3,100.6,788.0,39.0,22.3,54.0,166.0
327.8,95.2,683.0,35.6,21.3,56.0,166.0
278.5,88.5,616.0,32.3,20.2,57.0,165.0
234.2,82.2,561.0,28.7,18.9,58.0,164.0
199.3,77.1,518.0,26.4,18.0,58.0,164.0
170.9,72.6,462.0,25.9,17.6,54.0,163.0
148.1,68.2,417.0,26.7,17.7,48.0,163.0
183.5,75.9,455.0,23.6,18.9,59.0,163.0
161.1,75.2,681.0,27.3,20.2,60.0,163.0
150.4,76.6,990.0,31.9,21.9,63.0,164.0
147.6,74.7,1137.0,32.8,23.0,76.0,164.0
143.4,67.5,960.0,26.1,23.3,110.0,164.0
140.2,61.2,621.0,15.5,23.0,153.0,164.0
143.4,57.9,358.0,7.5,22.0,183.0,165.0
151.3,53.8,263.0,4.3,19.7,187.0,165.0
162.5,50.2,245.0,3.7,16.6,177.0,164.0
179.3,49.8,269.0,5.1,14.5,164.0,164.0
199.8,51.5,336.0,8.6,13.8,151.0,164.0
212.8,53.8,445.0,14.1,14.1,134.0,164.0
297.1,62.4,561.0,20.2,14.6,109.0,163.0
329.7,73.3,685.0,27.1,17.7,95.0,163.0
366.9,84.1,815.0,36.8,21.9,75.0,163.0
396.7,93.1,913.0,45.0,25.4,58.0,162.0
421.9,100.8,970.0,50.3,27.5,48.0,162.0
437.7,107.1,995.0,54.0,28.9,42.0,163.0
431.2,109.4,973.0,55.9,29.3,38.0,163.0
401.4,107.3,875.0,55.4,28.4,35.0,164.0
365.1,104.3,731.0,53.1,26.6,34.0,164.0
320.4,99.7,615.0,50.6,25.1,34.0,165.0
280.3,94.1,534.0,48.0,24.4,33.0,165.0
243.1,88.2,481.0,45.2,24.0,32.0,166.0
206.3,79.9,512.0,32.3,24.0,50.0,166.0
191.4,78.2,721.0,34.8,24.6,54.0,166.0
181.1,79.4,1014.0,37.8,25.4,61.0,166.0
191.4,78.0,1159.0,37.0,25.5,78.0,166.0
201.6,71.2,1013.0,28.8,24.5,114.0,167.0
184.4,60.5,719.0,16.8,22.9,158.0,167.0
172.8,55.5,479.0,7.8,21.2,189.0,166.0
165.8,52.3,353.0,4.3,19.3,194.0,166.0
165.8,50.9,281.0,3.9,17.2,185.0,166.0
172.3,51.2,279.0,5.3,15.7,173.0,166.0
184.4,53.0,380.0,8.3,14.9,160.0,167.0
192.8,55.5,550.0,13.3,14.6,143.0,167.0
230.0,55.6,710.0,19.3,14.5,117.0,166.0
241.2,66.1,819.0,29.4,17.8,99.0,166.0
261.7,75.7,916.0,43.5,22.4,73.0,166.0
288.7,84.3,1041.0,54.8,26.2,52.0,166.0
319.4,92.0,1257.0,60.1,28.4,41.0,165.0
351.1,99.9,1500.0,62.6,29.9,35.0,165.0
24.2,11.6,119.0,2.7,2.2,54.0,44.0
24.0,11.2,110.0,2.2,1.9,56.0,45.0
23.1,10.5,104.0,2.0,1.7,57.0,45.0
20.9,10.0,100.0,1.9,1.8,57.0,46.0
17.5,8.9,99.0,2.1,2.0,56.0,46.0
22.6,9.4,107.0,2.4,2.0,56.0,48.0
19.2,8.5,133.0,4.2,2.7,55.0,50.0
21.7,9.8,169.0,6.5,3.6,53.0,50.0
17.4,9.5,191.0,7.9,4.2,51.0,51.0
12.6,7.7,185.0,7.3,4.1,50.0,51.0
8.8,6.0,166.0,5.6,3.8,48.0,51.0
6.0,4.2,159.0,4.5,3.5,48.0,51.0
4.7,3.4,172.0,4.5,3.5,49.0,50.0
5.9,4.3,196.0,5.0,3.6,51.0,50.0
8.9,6.4,229.0,5.7,3.8,54.0,50.0
13.9,9.7,284.0,6.7,4.1,60.0,51.0
21.7,13.7,348.0,7.9,4.5,67.0,51.0
15.7,10.1,377.0,6.8,3.2,63.0,51.0
16.8,9.2,341.0,6.3,3.2,60.0,51.0
14.3,7.9,270.0,5.7,3.2,56.0,50.0
14.3,8.0,210.0,5.1,3.2,55.0,50.0
16.4,9.4,179.0,4.8,3.2,59.0,50.0
19.8,11.0,160.0,4.6,3.2,66.0,50.0
25.1,12.6,143.0,4.3,3.1,70.0,49.0
32.2,14.9,126.0,3.8,2.9,68.0,50.0
33.9,15.3,111.0,3.2,2.7,64.0,50.0
30.4,13.9,102.0,2.8,2.5,60.0,51.0
26.4,12.1,95.0,2.5,2.4,60.0,51.0
27.1,12.4,94.0,2.2,2.3,61.0,51.0
37.5,17.5,108.0,2.6,2.3,48.0,52.0
36.8,17.1,155.0,4.1,2.9,47.0,52.0
35.9,16.9,218.0,6.3,3.7,46.0,53.0
33.3,16.1,259.0,7.6,4.3,47.0,53.0
31.3,15.6,255.0,7.4,4.4,51.0,54.0
32.5,15.9,229.0,6.5,4.4,56.0,55.0
30.6,14.9,206.0,5.8,4.4,61.0,56.0
26.6,14.0,194.0,5.8,4.7,67.0,57.0
25.3,13.5,186.0,6.1,5.0,72.0,57.0
23.6,13.0,183.0,6.6,5.2,74.0,58.0
22.6,12.5,187.0,7.5,5.1,70.0,58.0
26.5,13.6,197.0,8.7,4.9,62.0,58.0
19.0,9.5,213.0,7.3,3.1,59.0,58.0
15.7,9.1,245.0,7.6,3.5,60.0,58.0
16.4,9.9,285.0,8.1,4.2,62.0,58.0
19.3,11.7,302.0,8.1,4.5,63.0,58.0
23.4,13.5,280.0,7.5,4.4,63.0,59.0
26.1,14.3,236.0,6.4,4.0,63.0,59.0
28.5,14.6,197.0,5.4,3.6,62.0,59.0
31.4,15.1,170.0,4.4,3.2,61.0,59.0
29.8,14.5,147.0,3.4,2.8,60.0,59.0
29.2,14.1,132.0,2.7,2.5,58.0,59.0
30.3,14.6,124.0,2.4,2.4,55.0,59.0
33.6,16.8,123.0,2.4,2.5,52.0,60.0
39.2,18.1,133.0,2.6,2.5,55.0,60.0
39.8,17.3,161.0,4.3,3.0,52.0,60.0
41.1,17.9,201.0,6.6,3.7,48.0,60.0
39.3,17.6,238.0,8.1,4.3,46.0,60.0
33.9,16.8,277.0,8.0,4.8,47.0,60.0
35.4,18.1,313.0,7.1,5.3,50.0,60.0
35.5,18.1,324.0,6.4,5.6,52.0,60.0
37.4,18.4,286.0,6.2,5.6,53.0,61.0
37.8,17.8,222.0,6.3,5.5,53.0,61.0
38.6,18.0,182.0,6.8,5.4,52.0,61.0
37.6,17.6,194.0,8.2,5.3,48.0,62.0
39.5,18.2,229.0,10.0,5.1,43.0,62.0
39.6,16.8,250.0,10.2,4.7,40.0,63.0
42.5,17.3,239.0,10.3,5.2,38.0,63.0
43.3,17.6,215.0,10.3,5.8,35.0,64.0
44.0,17.8,194.0,10.2,6.2,33.0,65.0
44.7,18.4,184.0,9.8,6.1,32.0,65.0
42.3,18.0,177.0,9.1,5.6,32.0,65.0
39.9,17.2,166.0,8.2,5.1,33.0,65.0
38.4,16.5,146.0,6.8,4.5,34.0,66.0
37.8,16.2,123.0,5.1,3.8,36.0,66.0
36.7,15.7,106.0,3.9,3.3,37.0,66.0
37.4,15.6,99.0,3.4,3.0,38.0,66.0
39.9,16.0,98.0,3.3,2.8,38.0,66.0
41.3,16.0,109.0,3.3,2.9,39.0,66.0
37.0,15.5,142.0,5.2,3.9,37.0,65.0
32.7,15.3,186.0,7.7,5.2,35.0,65.0
29.0,14.7,214.0,9.2,6.2,35.0,65.0
29.9,15.0,210.0,8.6,6.7,41.0,65.0
33.6,15.8,189.0,6.9,6.8,50.0,65.0
34.8,16.7,170.0,5.7,6.8,57.0,65.0
32.8,17.2,159.0,5.4,6.6,59.0,65.0
36.6,17.1,150.0,5.6,6.2,58.0,64.0
33.4,17.1,148.0,5.9,5.9,56.0,64.0
34.5,16.4,155.0,6.4,5.7,53.0,64.0
33.6,15.9,168.0,7.2,5.5,50.0,64.0
36.4,18.2,182.0,8.4,5.9,47.0,64.0
36.2,17.7,198.0,8.9,6.2,44.0,64.0
38.1,17.5,215.0,9.6,6.5,41.0,64.0
38.4,17.6,222.0,9.7,6.6,38.0,64.0
37.4,16.7,211.0,8.9,6.2,38.0,64.0
36.1,16.1,190.0,7.7,5.5,38.0,64.0
37.7,15.7,168.0,6.5,4.9,39.0,64.0
37.7,15.3,146.0,5.6,4.5,40.0,64.0
37.7,15.0,123.0,4.8,4.2,40.0,64.0
39.6,15.3,108.0,4.3,4.0,41.0,64.0
39.6,15.3,102.0,4.0,3.9,41.0,64.0
39.5,15.5,102.0,3.9,3.8,41.0,64.0
40.2,15.0,112.0,3.8,3.6,42.0,63.0
39.5,15.0,140.0,5.0,4.3,41.0,63.0
41.3,15.8,177.0,6.5,5.2,41.0,63.0
39.1,16.5,199.0,7.4,5.9,43.0,64.0
39.3,16.9,191.0,7.0,6.3,51.0,64.0
36.9,17.1,168.0,5.9,6.6,62.0,64.0
35.4,17.7,151.0,5.0,6.6,70.0,64.0
35.4,17.3,147.0,4.6,6.4,71.0,64.0
35.2,16.9,148.0,4.5,5.9,68.0,64.0
34.6,16.4,154.0,4.7,5.6,64.0,64.0
33.4,16.1,168.0,5.6,5.5,59.0,64.0
32.4,15.3,187.0,6.9,5.4,53.0,64.0
29.5,14.6,202.0,7.9,5.4,49.0,64.0
30.3,14.6,209.0,8.3,5.6,46.0,63.0
34.0,15.3,211.0,8.8,5.8,43.0,63.0
34.8,15.5,208.0,8.9,5.8,40.0,63.0
36.3,15.9,197.0,8.3,5.6,40.0,63.0
37.3,16.2,181.0,7.2,5.2,41.0,63.0
37.4,15.9,163.0,6.1,4.7,42.0,63.0
39.7,15.7,143.0,5.0,4.1,43.0,63.0
39.0,15.3,121.0,3.8,3.4,44.0,63.0
38.9,15.1,106.0,3.1,2.9,45.0,63.0
39.1,15.1,100.0,2.9,2.8,45.0,63.0
38.2,14.8,102.0,3.1,3.0,44.0,63.0
37.1,13.8,110.0,3.5,3.2,43.0,63.0
34.3,13.1,131.0,4.7,3.8,42.0,63.0
32.6,13.1,160.0,6.4,4.6,42.0,62.0
31.8,13.3,177.0,7.3,5.2,43.0,62.0
30.7,13.2,172.0,6.7,5.4,49.0,62.0
30.0,13.3,156.0,5.3,5.5,57.0,62.0
31.3,13.9,143.0,4.2,5.4,63.0,61.0
32.2,14.3,138.0,3.8,5.2,66.0,61.0
32.9,14.8,137.0,3.8,4.9,66.0,61.0
32.6,15.0,142.0,4.0,4.6,65.0,61.0
31.5,15.0,157.0,4.7,4.4,61.0,61.0
31.3,14.6,177.0,5.7,4.2,55.0,61.0
32.5,14.7,195.0,6.8,4.4,49.0,61.0
31.1,14.3,209.0,7.2,4.7,47.0,61.0
32.0,14.4,220.0,7.8,5.0,44.0,61.0
32.0,14.3,221.0,8.0,5.2,42.0,60.0
32.2,13.8,205.0,7.5,5.0,42.0,60.0
31.9,13.6,179.0,6.6,4.7,42.0,60.0
31.5,13.0,155.0,5.7,4.3,43.0,60.0
30.0,12.1,135.0,4.8,3.9,43.0,60.0
28.4,11.4,117.0,4.0,3.4,44.0,59.0
25.9,10.5,105.0,3.4,3.1,44.0,59.0
24.7,10.0,101.0,3.2,2.9,44.0,59.0
26.4,10.3,102.0,3.2,2.9,43.0,58.0
27.8,10.5,106.0,4.3,4.0,43.0,58.0
29.0,10.9,114.0,4.8,4.5,43.0,58.0
30.2,11.6,124.0,5.4,5.3,43.0,58.0
30.5,12.4,131.0,5.6,5.8,45.0,58.0
29.3,12.4,130.0,5.0,5.9,51.0,57.0
29.2,12.9,126.0,4.0,5.9,59.0,57.0
29.4,12.9,122.0,3.2,5.8,65.0,57.0
30.2,13.1,120.0,2.9,5.7,67.0,57.0
31.3,13.4,119.0,2.9,5.5,67.0,57.0
32.5,13.6,121.0,3.1,5.4,65.0,57.0
34.0,14.1,127.0,3.7,5.3,61.0,57.0
35.6,14.6,135.0,4.6,5.3,56.0,57.0
33.5,14.1,143.0,5.3,5.4,49.0,57.0
35.3,14.9,151.0,5.8,5.6,47.0,57.0
35.9,15.5,159.0,6.4,5.8,44.0,57.0
34.5,15.4,163.0,6.7,5.9,42.0,57.0
32.1,14.8,160.0,6.4,5.7,42.0,57.0
29.7,14.1,152.0,5.8,5.4,43.0,57.0
26.7,13.3,142.0,5.2,5.1,44.0,57.0
23.7,12.3,129.0,4.8,4.8,44.0,57.0
20.8,11.3,114.0,4.4,4.4,45.0,57.0
19.0,10.7,104.0,4.2,4.2,45.0,57.0
17.9,10.2,100.0,4.1,4.1,45.0,57.0
17.5,9.8,101.0,4.1,4.1,45.0,57.0
17.2,9.3,108.0,3.9,3.9,45.0,57.0
18.8,10.0,129.0,4.9,4.7,45.0,57.0
21.3,11.2,156.0,6.2,5.8,45.0,57.0
24.0,12.6,173.0,6.9,6.6,48.0,57.0
27.0,14.1,167.0,6.3,6.8,55.0,57.0
29.2,15.3,150.0,5.0,6.8,65.0,57.0
30.5,15.9,138.0,4.0,6.7,72.0,58.0
31.2,16.2,136.0,3.7,6.6,75.0,58.0
30.7,16.5,138.0,3.7,6.4,75.0,58.0
29.6,16.2,142.0,4.0,6.3,73.0,58.0
27.6,15.4,148.0,4.9,6.3,68.0,58.0
26.2,15.0,157.0,6.1,6.2,60.0,58.0
36.9,20.4,169.0,6.1,6.6,55.0,59.0
33.6,18.9,190.0,6.7,6.7,52.0,59.0
32.6,18.2,214.0,7.4,6.7,48.0,60.0
33.3,18.3,226.0,7.8,6.6,45.0,60.0
34.8,18.9,215.0,7.5,6.2,45.0,60.0
35.3,19.0,191.0,6.8,5.6,46.0,60.0
34.9,18.8,168.0,6.0,5.1,47.0,61.0
36.1,19.0,148.0,5.3,4.6,47.0,61.0
38.8,20.1,128.0,4.5,4.1,48.0,62.0
39.2,20.1,115.0,3.9,3.7,48.0,63.0
41.9,20.9,111.0,3.5,3.4,48.0,64.0
42.4,20.5,113.0,3.4,3.3,47.0,65.0
43.4,20.7,122.0,3.6,3.5,48.0,65.0
44.8,21.0,143.0,4.5,4.3,47.0,66.0
46.4,21.7,170.0,5.7,5.4,47.0,67.0
50.1,23.0,187.0,6.4,6.4,50.0,68.0
51.3,23.9,182.0,6.2,7.2,59.0,69.0
53.3,25.0,167.0,5.5,7.9,71.0,69.0
54.1,25.8,155.0,4.9,8.3,80.0,70.0
52.2,25.2,151.0,4.6,8.2,83.0,71.0
50.8,24.4,150.0,4.4,7.7,82.0,72.0
47.0,22.5,153.0,4.6,7.3,78.0,72.0
45.3,21.4,161.0,5.4,6.9,71.0,73.0
44.1,20.5,174.0,6.5,6.5,61.0,73.0
48.1,21.1,187.0,8.3,7.4,55.0,73.0
48.1,20.5,203.0,8.6,7.2,51.0,73.0
48.2,20.0,221.0,9.0,6.9,46.0,73.0
48.3,19.9,232.0,9.1,6.5,42.0,73.0
48.4,19.6,237.0,8.5,6.1,41.0,73.0
45.6,19.0,236.0,7.6,5.7,42.0,73.0
43.1,18.3,224.0,6.8,5.3,43.0,73.0
40.7,17.8,192.0,6.1,5.0,44.0,73.0
38.3,17.0,150.0,5.5,4.6,44.0,73.0
38.8,16.9,121.0,5.0,4.4,45.0,73.0
39.8,17.5,116.0,4.7,4.1,46.0,73.0
41.3,17.6,124.0,4.5,3.8,48.0,72.0
38.4,16.5,139.0,6.4,5.7,44.0,72.0
35.4,16.4,163.0,7.3,6.1,43.0,72.0
33.2,16.1,193.0,8.4,6.7,43.0,71.0
35.0,16.5,213.0,9.0,7.2,45.0,71.0
42.8,18.7,213.0,8.4,7.8,52.0,70.0
39.5,19.2,203.0,7.3,8.3,61.0,70.0
43.1,19.7,194.0,6.4,8.6,68.0,69.0
39.9,19.8,189.0,5.9,8.2,71.0,69.0
42.7,19.0,186.0,5.7,7.5,72.0,69.0
59.1,21.2,187.0,6.2,7.3,72.0,68.0
66.1,23.0,195.0,7.8,8.3,70.0,69.0
67.1,24.0,207.0,10.0,9.8,67.0,69.0
57.3,23.0,223.0,10.6,8.3,57.0,69.0
47.7,20.5,246.0,11.1,8.3,52.0,69.0
42.0,18.9,272.0,11.7,8.4,46.0,69.0
38.0,17.6,285.0,12.0,8.4,41.0,69.0
36.0,16.8,275.0,11.7,8.4,39.0,68.0
37.0,16.8,252.0,11.1,8.4,40.0,68.0
37.4,17.2,226.0,10.3,8.2,40.0,68.0
37.6,17.3,195.0,9.4,7.7,40.0,68.0
38.4,17.7,161.0,8.3,7.0,41.0,68.0
39.1,17.2,136.0,7.6,6.6,41.0,68.0
37.4,16.9,124.0,7.3,6.7,41.0,68.0
36.9,16.5,121.0,7.4,7.0,41.0,68.0
38.6,16.2,133.0,6.9,6.5,42.0,68.0
35.7,16.0,172.0,7.6,7.5,41.0,68.0
36.0,16.9,225.0,8.5,8.8,40.0,68.0
38.6,17.9,256.0,9.0,10.0,43.0,68.0
38.9,18.8,245.0,8.4,10.9,54.0,68.0
42.0,21.0,213.0,7.4,11.6,69.0,68.0
44.1,22.4,187.0,6.8,12.0,81.0,69.0
43.8,23.4,176.0,7.1,12.1,89.0,69.0
44.5,24.8,172.0,7.9,12.0,95.0,69.0
47.3,26.1,175.0,8.8,11.7,95.0,70.0
45.3,25.2,188.0,9.9,11.3,85.0,70.0
42.1,23.3,208.0,11.1,10.8,70.0,70.0
48.4,24.2,228.0,7.1,6.3,59.0,70.0
42.6,21.4,249.0,7.7,6.1,53.0,70.0
42.5,20.5,270.0,8.6,5.9,46.0,70.0
43.1,19.9,280.0,9.3,5.8,40.0,70.0
42.7,19.7,273.0,9.7,6.0,38.0,71.0
42.4,20.1,256.0,9.9,6.4,37.0,71.0
40.5,19.8,235.0,9.8,6.6,37.0,71.0
37.6,18.7,208.0,9.3,6.5,37.0,71.0
36.0,17.5,178.0,8.5,6.3,38.0,71.0
32.6,15.9,157.0,7.8,6.2,39.0,71.0
33.2,15.3,146.0,7.2,6.2,40.0,71.0
30.7,14.1,143.0,6.7,6.2,40.0,71.0
29.3,13.4,160.0,6.0,5.4,42.0,70.0
31.3,14.0,217.0,6.9,5.9,42.0,70.0
31.3,15.0,293.0,8.2,6.5,42.0,70.0
31.0,15.9,335.0,8.9,7.1,45.0,70.0
32.8,16.6,309.0,8.4,7.5,54.0,70.0
34.6,18.0,249.0,7.3,7.7,67.0,70.0
37.7,20.3,205.0,6.7,8.1,76.0,69.0
39.1,21.0,195.0,7.0,8.5,80.0,69.0
45.8,22.3,201.0,7.7,9.0,80.0,69.0
45.3,22.9,217.0,9.0,9.8,78.0,69.0
45.4,23.9,246.0,11.3,11.4,73.0,69.0
45.1,24.6,285.0,14.2,13.4,64.0,69.0
44.2,21.0,315.0,7.8,4.4,51.0,69.0
41.8,19.9,330.0,8.1,4.6,48.0,68.0
43.2,20.7,337.0,8.5,4.9,45.0,68.0
42.5,20.5,335.0,8.8,5.2,42.0,68.0
43.0,21.0,324.0,8.8,5.4,41.0,69.0
44.7,20.8,305.0,8.6,5.5,41.0,69.0
41.2,19.8,276.0,8.2,5.4,41.0,69.0
39.2,18.5,227.0,7.5,5.1,42.0,69.0
36.4,16.9,169.0,6.6,4.6,42.0,69.0
30.5,14.8,130.0,5.9,4.3,43.0,68.0
27.5,13.3,123.0,5.5,4.2,43.0,68.0
27.2,13.5,136.0,5.4,4.3,43.0,68.0
24.9,11.7,161.0,4.3,3.6,44.0,68.0
25.0,12.2,211.0,5.7,4.3,43.0,68.0
24.6,12.6,273.0,7.7,5.2,42.0,68.0
24.7,13.4,307.0,8.6,5.9,44.0,68.0
27.9,15.5,286.0,7.4,5.9,54.0,68.0
30.0,16.4,236.0,5.3,5.7,67.0,67.0
30.6,16.8,195.0,3.9,5.6,76.0,67.0
31.5,17.4,174.0,4.1,5.8,79.0,67.0
29.6,16.6,162.0,5.0,6.2,77.0,66.0
28.6,16.9,169.0,6.4,6.5,73.0,66.0
28.6,16.5,205.0,8.3,6.4,65.0,65.0
29.3,16.2,260.0,10.5,6.2,53.0,65.0
24.0,11.9,313.0,8.7,3.9,44.0,64.0
27.5,13.4,365.0,9.2,4.4,43.0,63.0
31.2,15.3,414.0,9.9,5.1,43.0,63.0
32.4,16.4,436.0,10.4,5.7,42.0,63.0
33.9,17.0,415.0,10.4,6.1,42.0,62.0
32.2,16.5,366.0,10.2,6.4,42.0,62.0
31.1,15.7,314.0,9.7,6.5,42.0,62.0
31.2,15.6,260.0,8.6,6.0,43.0,62.0
31.4,15.5,202.0,7.2,5.3,43.0,61.0
31.5,15.0,160.0,6.3,4.9,44.0,61.0
30.7,14.4,141.0,6.1,5.1,44.0,62.0
30.3,13.8,138.0,6.4,5.5,44.0,62.0
36.9,15.8,148.0,4.3,3.6,44.0,62.0
38.0,16.6,182.0,5.4,4.3,43.0,62.0
39.0,16.9,228.0,6.8,5.3,42.0,63.0
39.5,17.2,252.0,7.6,6.2,43.0,63.0
38.9,17.3,230.0,7.3,6.9,49.0,63.0
35.7,16.4,186.0,6.3,7.5,59.0,63.0
29.2,14.7,152.0,5.5,7.7,65.0,63.0
24.6,13.3,141.0,4.8,7.3,67.0,62.0
21.4,12.0,140.0,4.3,6.5,66.0,62.0
20.4,11.0,150.0,4.2,5.8,64.0,62.0
20.4,10.8,175.0,5.0,5.3,60.0,61.0
20.0,10.2,210.0,6.2,4.9,54.0,61.0
25.9,11.7,238.0,6.3,3.5,47.0,61.0
26.7,12.3,255.0,7.6,4.6,45.0,61.0
25.1,12.7,265.0,9.4,6.2,43.0,60.0
26.2,13.0,263.0,10.5,7.3,41.0,60.0
27.3,12.7,241.0,10.3,7.5,41.0,60.0
25.7,12.1,208.0,9.3,7.3,42.0,59.0
23.7,11.3,178.0,8.4,6.9,43.0,59.0
22.5,10.5,157.0,7.7,6.5,43.0,59.0
23.3,10.4,141.0,7.0,6.1,44.0,58.0
22.8,10.3,129.0,6.4,5.6,44.0,58.0
21.2,9.5,115.0,5.6,5.0,44.0,58.0
21.3,9.1,107.0,4.8,4.4,45.0,57.0
19.7,8.4,124.0,4.0,3.2,45.0,57.0
23.6,10.1,197.0,5.7,4.3,43.0,56.0
25.7,11.7,296.0,8.1,5.9,40.0,56.0
26.7,12.7,354.0,9.7,7.2,40.0,55.0
29.2,13.2,329.0,9.8,8.1,45.0,55.0
33.3,15.3,264.0,9.1,8.8,54.0,55.0
32.6,16.2,212.0,8.4,9.0,60.0,55.0
28.5,14.4,194.0,7.6,8.6,63.0,55.0
25.6,13.3,190.0,6.8,7.8,63.0,55.0
24.0,13.0,198.0,6.4,7.1,62.0,55.0
21.9,11.9,228.0,6.9,6.6,59.0,56.0
22.9,11.5,271.0,8.0,6.1,54.0,56.0
26.8,12.9,294.0,6.9,4.6,55.0,56.0
28.5,13.9,277.0,7.3,4.9,52.0,56.0
28.9,14.1,241.0,7.9,5.4,49.0,56.0
27.1,14.1,214.0,8.3,5.7,46.0,56.0
29.1,14.5,210.0,8.4,5.9,45.0,56.0
32.6,16.1,214.0,8.3,6.1,45.0,56.0
34.0,16.7,212.0,7.9,6.0,45.0,57.0
32.6,15.4,195.0,6.8,5.4,46.0,57.0
36.3,16.4,173.0,5.4,4.5,47.0,58.0
35.0,15.8,154.0,4.4,3.9,48.0,58.0
34.7,15.4,140.0,4.1,3.9,48.0,59.0
36.9,16.1,130.0,4.2,4.2,48.0,59.0
38.0,16.4,132.0,4.6,4.2,48.0,60.0
37.3,16.0,156.0,6.0,4.7,47.0,60.0
33.4,15.4,192.0,7.9,5.5,45.0,61.0
35.5,16.5,214.0,9.0,6.0,45.0,61.0
36.3,17.6,209.0,8.4,6.2,49.0,61.0
35.5,17.5,191.0,6.9,6.2,54.0,61.0
34.5,17.0,175.0,5.8,6.1,58.0,61.0
31.4,15.7,162.0,5.4,5.9,59.0,62.0
32.0,15.0,151.0,5.4,5.5,59.0,62.0
32.2,14.8,153.0,5.9,5.3,57.0,62.0
33.9,15.0,179.0,7.3,5.3,53.0,62.0
32.8,14.6,217.0,9.2,5.4,48.0,62.0
33.6,14.4,243.0,9.7,4.4,45.0,62.0
28.8,13.6,243.0,9.1,4.5,44.0,62.0
32.6,14.6,231.0,8.2,4.6,43.0,62.0
33.8,15.0,221.0,7.4,4.6,42.0,63.0
31.8,14.7,223.0,6.7,4.4,42.0,63.0
35.7,15.7,227.0,6.1,4.2,43.0,63.0
33.4,14.3,219.0,5.5,3.9,44.0,62.0
34.8,13.9,186.0,4.7,3.5,44.0,62.0
33.4,13.4,142.0,3.9,3.1,44.0,62.0
27.3,11.8,109.0,3.4,2.9,44.0,62.0
30.0,12.4,96.0,3.2,2.9,44.0,61.0
28.3,11.9,96.0,3.2,3.0,45.0,61.0
35.4,13.2,108.0,3.2,2.6,48.0,61.0
26.3,10.5,144.0,4.7,3.2,45.0,60.0
18.6,8.8,193.0,6.8,4.0,41.0,60.0
17.6,9.0,224.0,8.1,4.6,39.0,59.0
20.8,10.4,221.0,7.8,4.7,41.0,59.0
22.8,11.2,200.0,6.8,4.6,45.0,58.0
21.4,11.0,183.0,6.0,4.4,48.0,58.0
21.6,10.9,176.0,5.7,4.2,48.0,57.0
27.6,12.5,173.0,5.6,4.0,47.0,57.0
30.0,12.8,174.0,5.8,3.8,46.0,57.0
26.7,11.9,184.0,6.4,3.7,45.0,57.0
25.5,11.7,199.0,7.3,3.6,43.0,57.0
31.2,12.7,207.0,7.1,3.1,44.0,56.0
21.2,10.3,203.0,7.2,3.7,41.0,56.0
15.8,8.5,193.0,7.3,4.4,38.0,56.0
14.3,8.0,181.0,7.1,4.9,36.0,55.0
17.3,9.0,169.0,6.4,4.7,37.0,55.0
19.4,10.0,155.0,5.5,4.3,39.0,54.0
23.9,11.4,141.0,4.7,3.8,41.0,54.0
23.1,11.0,126.0,4.1,3.4,42.0,54.0
24.6,11.5,110.0,3.5,3.0,42.0,54.0
28.2,12.2,100.0,3.2,2.7,42.0,54.0
25.3,11.4,96.0,3.0,2.7,42.0,54.0
24.0,11.1,98.0,2.9,2.8,41.0,54.0
13.7,7.0,107.0,3.7,2.9,36.0,53.0
12.3,6.1,131.0,5.0,3.4,36.0,53.0
16.2,7.7,164.0,6.9,4.1,36.0,53.0
19.3,9.4,186.0,8.1,4.6,36.0,53.0
24.4,11.6,188.0,8.1,4.7,37.0,53.0
26.3,13.1,181.0,7.6,4.7,38.0,53.0
24.4,11.9,174.0,7.0,4.5,39.0,53.0
22.3,11.3,173.0,6.6,4.3,41.0,53.0
28.3,12.8,173.0,6.3,4.0,44.0,53.0
31.0,14.1,173.0,6.1,3.7,45.0,53.0
29.7,14.0,175.0,6.4,3.5,44.0,53.0
28.5,13.6,177.0,6.9,3.5,41.0,53.0
36.9,15.0,175.0,8.4,3.6,43.0,54.0
42.0,17.8,167.0,7.8,3.8,43.0,54.0
39.2,16.8,156.0,6.8,4.0,42.0,55.0
35.7,16.0,146.0,6.1,4.1,42.0,55.0
36.4,16.1,140.0,5.7,4.1,42.0,56.0
37.0,16.4,134.0,5.5,4.1,41.0,57.0
36.4,17.2,128.0,5.2,3.9,41.0,57.0
29.5,14.1,118.0,4.5,3.6,41.0,57.0
33.9,14.2,107.0,3.7,3.2,41.0,57.0
29.9,12.7,99.0,3.2,2.9,41.0,58.0
26.4,11.8,93.0,3.1,2.9,41.0,58.0
36.7,13.7,91.0,3.2,3.0,42.0,58.0
33.3,13.2,102.0,3.8,3.5,40.0,58.0
34.5,13.6,139.0,5.3,4.0,39.0,59.0
34.2,13.9,188.0,7.3,4.7,37.0,59.0
34.5,14.1,219.0,8.3,5.3,37.0,60.0
40.3,15.4,214.0,7.5,5.5,41.0,60.0
41.0,15.9,191.0,5.7,5.6,46.0,60.0
34.0,14.7,172.0,4.4,5.6,51.0,60.0
34.8,15.3,165.0,4.0,5.7,55.0,61.0
31.3,15.1,163.0,4.1,5.7,57.0,61.0
30.0,14.2,166.0,4.7,5.7,58.0,61.0
29.5,15.1,181.0,6.1,5.6,55.0,61.0
26.6,14.4,201.0,7.9,5.5,49.0,61.0
28.3,15.1,212.0,7.9,4.9,43.0,61.0
29.5,15.6,206.0,7.6,4.9,42.0,61.0
30.3,16.2,190.0,7.2,4.8,40.0,61.0
33.9,18.2,176.0,6.7,4.7,39.0,61.0
33.1,16.9,168.0,6.2,4.4,39.0,61.0
34.7,17.6,160.0,5.8,4.0,39.0,61.0
32.7,18.0,151.0,5.3,3.7,39.0,61.0
32.7,17.3,136.0,4.8,3.4,39.0,61.0
31.3,15.9,120.0,4.3,3.2,39.0,62.0
30.3,16.1,108.0,4.0,3.1,39.0,62.0
27.1,14.4,99.0,3.9,3.2,38.0,62.0
29.9,14.2,95.0,4.1,3.4,38.0,62.0
29.8,12.7,109.0,3.6,2.7,48.0,62.0
30.5,12.4,163.0,5.2,3.4,46.0,62.0
39.3,15.0,235.0,7.3,4.4,43.0,62.0
57.4,19.9,275.0,8.6,5.2,42.0,63.0
60.3,21.0,250.0,8.3,5.5,46.0,63.0
71.7,23.5,192.0,7.2,5.5,53.0,64.0
59.0,20.7,148.0,6.3,5.5,59.0,64.0
53.1,19.7,135.0,5.7,5.6,63.0,64.0
43.2,18.3,136.0,5.3,5.8,67.0,65.0
47.5,19.1,145.0,5.4,5.9,68.0,65.0
47.4,19.8,166.0,6.4,5.9,65.0,65.0
40.7,18.0,196.0,8.0,5.9,59.0,66.0
51.7,22.2,221.0,8.2,4.6,46.0,66.0
46.7,20.2,239.0,9.2,5.0,45.0,67.0
44.5,18.7,253.0,10.5,5.6,45.0,67.0
41.7,18.8,258.0,11.1,6.0,44.0,67.0
44.4,19.6,249.0,10.6,6.0,44.0,67.0
51.8,21.2,231.0,9.4,5.7,44.0,67.0
54.0,21.0,210.0,8.2,5.3,44.0,68.0
45.4,18.7,183.0,6.9,4.7,43.0,68.0
41.6,18.2,152.0,5.5,4.0,43.0,68.0
40.4,17.6,132.0,4.5,3.5,42.0,68.0
40.0,17.0,126.0,4.2,3.3,42.0,68.0
37.0,16.6,131.0,4.2,3.3,42.0,68.0
42.7,16.9,153.0,4.1,3.4,49.0,69.0
38.0,16.2,212.0,5.2,4.5,46.0,69.0
34.3,16.5,288.0,6.7,6.0,42.0,69.0
35.0,18.1,329.0,7.5,7.1,43.0,69.0
31.5,16.8,299.0,7.0,7.6,53.0,69.0
30.3,16.2,234.0,5.8,7.7,67.0,68.0
32.2,18.3,184.0,4.9,7.6,78.0,68.0
34.2,19.0,173.0,4.4,7.3,83.0,68.0
32.6,17.4,178.0,4.2,6.7,85.0,68.0
31.5,16.6,183.0,4.3,6.3,84.0,68.0
31.0,16.2,182.0,4.9,6.0,78.0,67.0
30.4,15.4,181.0,5.7,5.8,68.0,67.0
27.4,14.6,185.0,6.1,3.9,48.0,66.0
33.1,15.1,202.0,6.3,4.2,48.0,66.0
33.1,15.3,224.0,6.6,4.5,48.0,66.0
47.3,17.9,233.0,6.9,5.0,48.0,66.0
47.0,17.8,216.0,7.4,5.8,47.0,66.0
37.3,15.6,186.0,8.0,6.7,46.0,65.0
36.2,14.9,163.0,8.1,7.0,45.0,65.0
36.8,14.2,156.0,7.2,6.3,45.0,64.0
31.9,12.9,156.0,5.8,5.0,46.0,64.0
36.0,13.7,154.0,4.8,4.1,47.0,64.0
37.3,13.9,139.0,4.3,3.8,47.0,63.0
38.9,14.5,122.0,4.2,3.8,46.0,63.0
36.2,13.8,128.0,3.6,3.1,49.0,63.0
43.8,16.1,183.0,4.9,3.9,49.0,63.0
44.5,17.2,260.0,6.7,4.9,50.0,63.0
43.1,17.4,302.0,7.9,5.8,52.0,63.0
43.7,17.3,274.0,8.0,6.3,57.0,63.0
45.8,18.7,212.0,7.6,6.6,64.0,63.0
46.2,18.9,166.0,7.4,6.7,67.0,63.0
46.9,19.2,154.0,7.7,6.7,65.0,63.0
46.6,19.0,159.0,8.3,6.5,60.0,63.0
45.2,18.9,174.0,9.0,6.3,55.0,64.0
44.8,18.0,201.0,10.0,6.2,51.0,64.0
43.0,17.5,238.0,11.2,6.0,48.0,64.0
53.3,20.0,279.0,7.8,5.6,52.0,64.0
59.1,21.1,333.0,7.7,5.3,50.0,65.0
63.3,22.6,390.0,7.5,4.9,47.0,65.0
69.4,23.3,417.0,7.4,4.6,45.0,66.0
65.2,22.3,392.0,7.5,4.7,44.0,66.0
61.0,21.4,338.0,7.7,5.0,44.0,67.0
59.8,21.0,281.0,7.6,5.1,44.0,67.0
51.6,18.4,226.0,6.8,4.9,44.0,67.0
41.1,15.7,170.0,5.8,4.5,44.0,68.0
39.3,14.6,131.0,5.0,4.2,44.0,68.0
37.7,14.0,113.0,4.7,4.1,43.0,68.0
37.6,13.9,111.0,4.7,4.1,43.0,68.0
36.2,13.2,132.0,3.9,3.2,45.0,68.0
38.0,14.1,199.0,5.4,4.3,44.0,67.0
39.6,15.7,290.0,7.4,5.8,42.0,67.0
43.4,17.6,337.0,8.7,7.0,44.0,67.0
49.5,19.7,299.0,8.5,7.5,52.0,68.0
45.1,19.4,219.0,7.5,7.7,62.0,68.0
42.4,18.9,158.0,6.5,7.7,71.0,68.0
36.3,17.6,141.0,5.7,7.7,77.0,67.0
34.6,16.6,143.0,4.9,7.5,82.0,67.0
29.3,15.0,153.0,4.8,7.2,82.0,67.0
29.7,14.2,170.0,6.0,6.8,74.0,67.0
26.3,13.6,195.0,7.9,6.3,61.0,66.0
39.8,16.7,214.0,7.0,4.2,51.0,66.0
45.6,18.0,225.0,7.3,4.5,49.0,66.0
49.4,19.7,230.0,7.8,4.8,47.0,66.0
58.2,21.8,227.0,7.9,5.0,45.0,65.0
59.6,22.2,212.0,7.5,4.9,44.0,65.0
62.9,22.8,190.0,6.8,4.7,45.0,66.0
58.7,22.1,168.0,6.0,4.4,45.0,66.0
57.4,21.5,147.0,5.1,3.9,46.0,66.0
56.6,20.8,127.0,4.2,3.4,46.0,66.0
60.5,21.1,114.0,3.5,3.0,47.0,67.0
53.9,19.6,109.0,3.3,2.9,47.0,67.0
56.2,19.4,111.0,3.4,3.0,47.0,68.0
54.5,18.3,122.0,3.0,2.6,49.0,68.0
51.5,18.7,152.0,4.8,3.4,48.0,68.0
58.3,21.0,191.0,7.3,4.6,46.0,69.0
53.2,21.1,214.0,8.7,5.4,47.0,69.0
48.3,19.1,203.0,8.1,5.6,53.0,69.0
49.2,19.3,174.0,6.5,5.4,62.0,69.0
47.5,19.6,154.0,5.3,5.2,68.0,69.0
39.7,17.6,151.0,5.2,5.1,68.0,69.0
39.7,17.2,155.0,5.5,4.9,65.0,69.0
39.9,17.5,165.0,5.8,4.7,61.0,69.0
38.5,17.2,183.0,6.1,4.4,58.0,70.0
35.9,16.3,207.0,6.3,4.0,55.0,70.0
43.2,17.6,222.0,6.9,3.6,53.0,70.0
43.4,18.0,223.0,7.0,3.9,52.0,70.0
45.9,18.0,215.0,7.1,4.2,50.0,70.0
45.4,17.8,206.0,7.0,4.4,49.0,69.0
41.9,16.9,198.0,6.5,4.3,49.0,69.0
36.3,15.1,188.0,5.8,3.9,50.0,68.0
34.7,14.4,176.0,5.0,3.6,51.0,68.0
37.6,14.4,157.0,4.2,3.2,51.0,67.0
32.1,13.4,135.0,3.3,2.8,52.0,67.0
36.1,14.1,120.0,2.8,2.5,52.0,66.0
39.0,14.8,111.0,2.6,2.5,52.0,66.0
36.7,14.7,109.0,2.7,2.7,52.0,65.0
31.4,13.3,123.0,2.9,2.6,52.0,65.0
35.7,14.2,171.0,4.9,3.3,50.0,65.0
35.0,15.0,236.0,7.7,4.3,48.0,64.0
42.1,17.1,274.0,9.4,5.0,47.0,64.0
34.8,15.9,257.0,8.9,5.3,49.0,64.0
32.9,15.4,213.0,7.4,5.4,52.0,63.0
31.2,15.1,184.0,6.3,5.3,55.0,63.0
32.4,15.8,191.0,6.2,5.1,56.0,63.0
38.2,17.3,213.0,6.5,4.8,57.0,63.0
44.0,19.0,231.0,6.9,4.6,57.0,63.0
41.1,18.6,239.0,7.3,4.4,55.0,63.0
41.1,18.7,242.0,7.8,4.3,52.0,63.0
51.8,22.5,243.0,8.9,4.3,52.0,64.0
48.9,21.1,241.0,8.3,4.4,51.0,64.0
46.8,20.6,236.0,7.6,4.5,50.0,64.0
47.3,20.4,227.0,6.8,4.5,49.0,64.0
49.5,20.6,211.0,6.2,4.4,49.0,65.0
52.3,21.1,191.0,5.5,4.1,49.0,65.0
54.2,21.1,171.0,4.9,3.8,49.0,66.0
56.7,21.0,152.0,4.1,3.4,50.0,66.0
48.1,19.2,133.0,3.3,2.9,51.0,67.0
51.1,19.1,119.0,2.7,2.6,51.0,67.0
50.2,18.6,108.0,2.4,2.5,51.0,67.0
36.8,15.6,103.0,2.5,2.6,49.0,67.0
40.6,16.0,114.0,2.5,2.4,53.0,68.0
34.6,15.2,158.0,4.6,3.1,50.0,68.0
35.5,16.1,218.0,7.4,4.0,45.0,68.0
32.5,16.3,257.0,9.3,4.7,42.0,68.0
31.1,15.8,252.0,9.2,4.9,41.0,68.0
29.9,15.2,225.0,8.2,4.8,42.0,68.0
29.5,15.0,203.0,7.4,4.7,42.0,68.0
32.6,15.1,195.0,7.2,4.5,41.0,68.0
29.0,14.0,191.0,7.1,4.2,40.0,67.0
25.6,13.2,190.0,7.3,3.9,39.0,67.0
25.4,12.7,193.0,7.9,3.8,38.0,66.0
25.4,12.7,199.0,8.7,3.7,37.0,66.0
30.0,14.1,199.0,8.1,3.5,36.0,65.0
29.9,13.8,189.0,7.8,3.7,37.0,65.0
28.9,13.6,174.0,7.3,4.1,37.0,64.0
28.9,13.4,161.0,6.9,4.3,38.0,64.0
28.2,13.4,154.0,6.6,4.4,38.0,63.0
29.7,14.2,149.0,6.3,4.4,39.0,62.0
32.5,15.0,142.0,5.8,4.2,39.0,62.0
33.4,14.3,128.0,5.0,3.8,40.0,61.0
34.8,14.4,113.0,4.1,3.3,41.0,61.0
33.9,14.3,101.0,3.4,2.9,41.0,61.0
32.0,13.9,95.0,3.1,2.7,40.0,60.0
35.0,14.7,93.0,3.0,2.7,39.0,60.0
37.1,15.3,100.0,3.8,3.5,38.0,60.0
47.8,17.6,125.0,5.5,4.0,38.0,60.0
39.8,16.8,160.0,7.9,4.7,38.0,60.0
46.8,18.9,182.0,9.2,5.1,39.0,61.0
42.4,18.9,178.0,8.5,5.0,40.0,61.0
39.1,18.5,162.0,6.7,4.7,42.0,61.0
38.2,17.2,151.0,5.3,4.4,45.0,61.0
39.1,17.4,155.0,4.8,4.4,51.0,62.0
37.7,17.4,164.0,4.6,4.5,59.0,62.0
46.4,18.7,170.0,4.7,4.6,63.0,62.0
40.9,17.8,168.0,5.3,4.6,60.0,63.0
45.6,18.1,163.0,6.2,4.6,54.0,63.0
42.8,17.9,160.0,8.9,4.0,47.0,63.0
41.1,17.1,161.0,8.3,4.1,46.0,64.0
43.4,17.8,164.0,7.5,4.2,44.0,64.0
42.7,17.3,163.0,6.8,4.2,42.0,64.0
50.4,18.4,157.0,6.4,4.2,41.0,65.0
38.4,15.7,148.0,6.0,4.1,41.0,65.0
35.0,14.9,137.0,5.6,4.0,41.0,65.0
41.2,15.3,124.0,4.8,3.7,41.0,65.0
39.5,15.8,109.0,3.9,3.2,42.0,65.0
32.2,13.5,99.0,3.3,2.9,42.0,65.0
31.1,13.2,94.0,3.0,2.7,42.0,65.0
29.6,12.5,94.0,2.9,2.6,42.0,65.0
29.4,12.2,102.0,3.0,2.6,43.0,64.0
29.8,12.4,126.0,3.9,3.2,43.0,64.0
33.4,13.4,158.0,5.1,3.9,44.0,64.0
34.8,14.6,177.0,5.9,4.7,46.0,63.0
33.5,14.9,169.0,5.8,5.4,52.0,63.0
38.8,16.7,149.0,5.3,6.1,60.0,63.0
38.9,17.4,133.0,4.8,6.5,66.0,63.0
38.6,18.0,130.0,4.3,6.3,70.0,63.0
39.0,18.9,132.0,3.8,5.7,73.0,63.0
36.2,17.3,135.0,3.6,5.2,73.0,63.0
34.7,16.1,137.0,3.9,4.8,68.0,63.0
33.8,15.4,140.0,4.6,4.5,59.0,63.0
49.7,21.5,147.0,5.4,3.9,49.0,63.0
51.3,21.5,164.0,5.5,4.0,47.0,63.0
46.7,19.4,185.0,5.6,4.1,45.0,63.0
45.8,18.8,197.0,5.6,4.2,44.0,64.0
48.5,18.5,194.0,5.4,4.2,44.0,64.0
44.2,17.9,181.0,5.1,4.2,45.0,64.0
41.3,16.6,166.0,4.8,4.1,46.0,64.0
39.0,15.7,146.0,4.5,3.9,47.0,64.0
34.7,14.3,123.0,4.2,3.5,47.0,64.0
33.1,13.8,108.0,4.0,3.3,48.0,64.0
31.1,13.5,100.0,3.7,3.1,49.0,64.0
29.7,13.4,100.0,3.4,2.9,49.0,64.0
38.8,16.1,125.0,3.3,3.0,55.0,64.0
42.3,17.1,205.0,5.3,4.0,52.0,65.0
47.4,18.6,309.0,8.1,5.3,49.0,65.0
48.5,20.5,363.0,9.8,6.4,49.0,65.0
47.5,21.8,316.0,9.6,7.0,54.0,66.0
53.0,21.7,218.0,8.4,7.2,63.0,66.0
52.9,21.8,145.0,7.2,7.3,70.0,67.0
49.6,22.5,131.0,6.1,7.0,75.0,67.0
43.9,21.0,142.0,5.1,6.4,78.0,67.0
49.2,21.7,157.0,5.0,6.1,78.0,68.0
46.0,21.4,170.0,6.6,6.4,72.0,68.0
40.3,20.1,187.0,9.2,7.0,64.0,68.0
38.0,18.2,204.0,6.0,4.3,57.0,68.0
40.5,19.2,225.0,6.9,4.6,54.0,68.0
41.4,19.7,247.0,8.1,5.0,51.0,68.0
39.0,17.6,257.0,8.7,5.2,48.0,68.0
35.3,16.1,245.0,8.3,5.2,48.0,68.0
37.7,16.3,221.0,7.5,5.0,48.0,68.0
37.7,16.1,197.0,6.6,4.8,49.0,67.0
31.3,14.1,177.0,5.9,4.5,49.0,67.0
43.5,16.6,158.0,5.2,4.2,50.0,68.0
35.3,14.5,144.0,4.7,4.0,50.0,68.0
30.2,13.0,136.0,4.4,3.9,50.0,68.0
29.8,12.7,134.0,4.3,3.9,50.0,67.0
31.5,14.2,143.0,3.9,3.3,49.0,67.0
33.9,14.8,176.0,5.2,4.2,48.0,67.0
40.2,16.8,221.0,7.0,5.4,48.0,67.0
42.0,18.6,246.0,8.1,6.3,51.0,67.0
45.2,19.4,230.0,7.7,6.7,60.0,67.0
49.4,21.1,194.0,6.5,6.9,73.0,67.0
49.8,22.8,167.0,5.5,6.9,82.0,67.0
49.9,24.7,160.0,5.1,6.6,86.0,67.0
46.9,23.2,163.0,4.9,6.1,86.0,67.0
43.4,21.6,171.0,5.1,5.7,83.0,67.0
41.1,20.7,184.0,6.1,5.6,76.0,67.0
39.6,20.0,202.0,7.6,5.7,65.0,67.0
41.4,18.0,221.0,8.4,4.8,49.0,67.0
46.3,19.8,240.0,8.5,5.1,48.0,67.0
47.8,20.1,259.0,8.6,5.4,48.0,67.0
46.7,19.8,273.0,8.5,5.6,47.0,67.0
44.6,19.2,282.0,8.1,5.6,47.0,67.0
43.0,18.5,286.0,7.4,5.4,48.0,68.0
44.5,18.2,275.0,6.8,5.1,48.0,68.0
43.5,17.8,236.0,6.1,4.7,48.0,68.0
42.3,17.2,182.0,5.5,4.3,48.0,68.0
38.5,15.8,142.0,4.9,3.9,48.0,68.0
35.0,14.7,120.0,4.5,3.7,48.0,68.0
33.9,14.1,111.0,4.1,3.5,48.0,68.0
38.1,14.6,129.0,3.6,3.2,49.0,69.0
35.0,13.8,203.0,5.7,4.2,47.0,68.0
32.6,14.2,303.0,8.4,5.5,46.0,68.0
37.8,16.1,358.0,10.1,6.5,47.0,68.0
35.3,15.7,321.0,9.5,6.9,55.0,68.0
36.4,16.2,237.0,7.8,7.0,66.0,67.0
37.8,17.7,172.0,6.4,7.0,75.0,67.0
36.4,16.9,151.0,5.5,7.0,81.0,66.0
33.6,16.1,149.0,4.8,6.8,85.0,66.0
32.5,16.5,154.0,4.9,6.8,84.0,65.0
33.5,16.9,165.0,6.6,7.0,76.0,65.0
35.5,17.2,183.0,9.2,7.2,63.0,65.0
41.9,17.8,203.0,9.5,6.3,53.0,65.0
39.5,17.4,229.0,9.8,6.3,49.0,65.0
38.5,16.9,257.0,10.2,6.3,44.0,64.0
38.3,16.9,273.0,10.2,6.1,41.0,64.0
35.9,15.9,269.0,9.4,5.8,40.0,64.0
35.9,16.0,252.0,8.1,5.3,41.0,64.0
39.3,16.7,229.0,6.9,4.8,42.0,64.0
41.6,16.9,195.0,5.8,4.3,43.0,64.0
43.2,17.3,154.0,4.8,3.8,43.0,64.0
43.2,17.2,124.0,4.1,3.4,44.0,64.0
43.8,17.3,112.0,3.8,3.3,44.0,64.0
42.7,17.2,111.0,3.9,3.4,45.0,64.0
45.4,17.9,121.0,4.5,4.0,45.0,64.0
46.7,18.6,153.0,6.4,4.7,44.0,65.0
47.7,19.2,197.0,8.8,5.6,43.0,65.0
47.7,20.1,222.0,10.2,6.3,46.0,65.0
45.8,19.5,211.0,9.3,6.7,55.0,66.0
49.9,21.0,181.0,7.3,6.9,68.0,66.0
47.0,20.7,158.0,5.8,6.9,77.0,66.0
40.5,18.5,151.0,5.3,6.6,78.0,66.0
36.9,17.3,151.0,5.3,6.1,75.0,67.0
35.3,17.2,154.0,5.5,5.7,71.0,67.0
35.3,17.3,161.0,6.1,5.6,67.0,67.0
35.2,17.2,173.0,6.9,5.6,62.0,67.0
44.5,19.4,183.0,7.2,4.1,52.0,67.0
42.1,18.2,193.0,7.1,4.2,51.0,67.0
41.1,17.5,203.0,6.9,4.3,49.0,67.0
40.9,17.3,205.0,6.6,4.3,48.0,67.0
40.2,16.9,196.0,6.1,4.2,47.0,67.0
40.9,16.9,180.0,5.5,3.9,47.0,67.0
36.9,15.6,163.0,4.8,3.6,47.0,67.0
32.0,13.9,144.0,4.1,3.2,47.0,67.0
30.5,13.4,123.0,3.3,2.7,47.0,66.0
29.5,13.1,109.0,2.8,2.4,47.0,66.0
27.9,12.6,102.0,2.6,2.3,46.0,66.0
24.4,11.5,102.0,2.8,2.4,44.0,65.0
24.3,11.2,114.0,2.8,2.3,44.0,65.0
24.8,11.3,151.0,4.1,3.0,42.0,64.0
25.2,11.8,201.0,5.9,3.9,41.0,64.0
24.8,12.1,228.0,7.1,4.7,42.0,63.0
25.6,12.4,212.0,6.9,5.3,50.0,62.0
26.9,13.6,173.0,6.1,5.8,60.0,62.0
31.1,16.1,144.0,5.5,6.1,68.0,62.0
28.6,14.8,136.0,5.3,6.1,70.0,61.0
28.2,15.0,138.0,5.3,5.8,69.0,61.0
27.6,15.4,144.0,5.4,5.5,66.0,61.0
26.9,15.0,155.0,5.8,5.3,61.0,61.0
28.1,15.4,171.0,6.5,5.0,54.0,61.0
42.8,19.4,186.0,6.5,3.8,45.0,61.0
40.5,18.7,200.0,6.7,3.9,43.0,61.0
38.6,18.2,214.0,7.0,4.1,41.0,61.0
37.3,17.5,218.0,7.0,4.2,39.0,61.0
37.5,17.2,208.0,6.6,4.1,38.0,61.0
36.6,16.5,190.0,6.0,4.0,38.0,61.0
33.5,15.5,170.0,5.4,3.8,38.0,61.0
32.9,14.8,148.0,4.6,3.5,39.0,61.0
30.5,13.7,125.0,3.8,3.1,39.0,61.0
30.0,13.4,108.0,3.3,2.9,40.0,61.0
29.9,13.2,99.0,3.1,2.8,40.0,61.0
27.5,12.5,96.0,3.2,2.8,39.0,61.0
30.9,13.0,109.0,3.4,2.6,40.0,61.0
32.1,13.6,152.0,4.5,3.1,39.0,61.0
33.4,14.1,211.0,6.0,3.7,39.0,61.0
33.8,14.6,243.0,6.8,4.3,41.0,62.0
34.3,15.3,223.0,6.3,4.7,49.0,62.0
33.4,15.3,178.0,5.0,4.9,61.0,62.0
32.2,15.5,144.0,4.2,5.1,70.0,62.0
32.9,16.1,138.0,4.1,5.2,75.0,62.0
34.5,17.1,143.0,4.4,5.3,78.0,62.0
34.0,17.3,152.0,5.0,5.3,78.0,62.0
32.1,16.5,161.0,6.1,5.3,72.0,62.0
31.0,16.1,173.0,7.6,5.3,63.0,63.0
40.7,18.0,190.0,6.4,3.4,45.0,62.0
34.1,16.0,221.0,7.1,3.8,43.0,62.0
29.3,14.7,258.0,8.0,4.4,40.0,62.0
26.5,13.6,277.0,8.5,4.7,38.0,62.0
25.9,12.6,264.0,8.2,4.7,38.0,61.0
23.4,11.7,233.0,7.5,4.4,39.0,61.0
22.3,10.9,200.0,6.6,4.1,40.0,61.0
20.5,10.1,167.0,5.6,3.7,41.0,60.0
21.5,10.1,132.0,4.5,3.2,42.0,60.0
21.7,9.8,108.0,3.7,2.9,43.0,60.0
22.9,10.2,101.0,3.4,2.8,44.0,59.0
26.0,10.9,105.0,3.5,2.9,44.0,59.0
29.0,11.8,116.0,3.2,2.7,45.0,59.0
30.9,12.7,136.0,3.9,3.2,45.0,59.0
34.8,14.7,163.0,4.7,3.9,45.0,59.0
37.0,15.8,181.0,5.2,4.5,47.0,59.0
37.5,16.5,182.0,4.8,4.9,54.0,59.0
38.3,17.1,174.0,3.9,5.1,64.0,59.0
35.0,16.8,164.0,3.3,5.3,72.0,60.0
37.0,17.7,150.0,3.3,5.3,76.0,60.0
32.7,16.2,134.0,3.6,5.2,78.0,60.0
29.7,15.5,126.0,4.1,5.2,77.0,59.0
26.5,14.1,130.0,5.1,5.5,73.0,59.0
29.6,15.3,142.0,6.3,6.0,66.0,59.0
30.7,14.7,158.0,4.6,3.8,50.0,59.0
29.6,14.5,183.0,5.4,4.0,47.0,59.0
31.1,15.8,213.0,6.4,4.4,42.0,59.0
32.4,16.2,229.0,7.1,4.6,39.0,59.0
32.7,16.5,221.0,7.2,4.7,38.0,59.0
33.3,16.4,200.0,6.8,4.7,39.0,60.0
33.3,16.0,177.0,6.4,4.6,40.0,60.0
32.9,15.0,153.0,5.8,4.3,41.0,61.0
30.7,14.1,128.0,5.0,3.9,42.0,61.0
29.6,13.2,111.0,4.4,3.6,42.0,61.0
32.4,13.4,100.0,4.0,3.4,42.0,61.0
29.8,12.6,97.0,3.8,3.3,41.0,62.0
32.7,13.0,115.0,3.7,3.0,42.0,62.0
36.7,14.1,179.0,5.2,3.9,41.0,62.0
35.2,14.5,263.0,7.3,5.2,40.0,62.0
32.4,14.5,311.0,8.5,6.1,42.0,62.0
32.7,15.1,285.0,8.0,6.4,51.0,62.0
33.1,15.5,222.0,6.6,6.5,65.0,61.0
35.7,16.9,171.0,5.5,6.4,74.0,61.0
38.8,17.8,152.0,4.8,6.2,77.0,61.0
36.9,16.6,146.0,4.3,5.9,77.0,61.0
32.7,16.1,146.0,4.4,5.6,74.0,61.0
32.8,16.5,153.0,5.4,5.2,66.0,62.0
31.2,15.9,166.0,7.0,4.8,56.0,62.0
39.0,18.0,182.0,6.8,3.8,44.0,62.0
38.3,17.9,204.0,7.8,4.4,43.0,62.0
37.1,18.1,228.0,9.2,5.2,41.0,62.0
42.7,19.2,241.0,10.1,5.9,39.0,63.0
42.3,19.0,235.0,10.2,6.2,38.0,63.0
40.5,19.1,217.0,9.9,6.3,37.0,63.0
39.9,19.0,196.0,9.5,6.3,37.0,63.0
38.8,18.6,169.0,9.1,6.2,37.0,64.0
36.2,17.4,139.0,8.5,6.0,37.0,64.0
34.3,16.6,117.0,7.9,5.7,37.0,64.0
32.1,15.5,104.0,7.0,5.3,38.0,64.0
34.8,15.9,100.0,6.0,4.8,39.0,65.0
30.0,13.9,119.0,4.9,3.6,42.0,65.0
31.0,14.4,182.0,6.0,4.5,43.0,65.0
33.4,15.6,268.0,7.4,5.6,45.0,65.0
36.3,17.0,324.0,8.3,6.5,48.0,65.0
37.3,17.0,326.0,8.3,6.8,53.0,65.0
38.0,17.6,298.0,7.7,6.8,60.0,65.0
36.8,17.3,267.0,7.1,6.6,64.0,65.0
34.5,16.0,233.0,6.2,6.1,65.0,65.0
34.8,15.7,195.0,5.3,5.5,64.0,65.0
36.4,15.4,178.0,5.1,5.1,62.0,65.0
37.4,16.5,198.0,6.4,5.3,58.0,65.0
38.9,17.1,239.0,8.6,5.8,52.0,65.0
38.8,16.3,270.0,8.8,3.8,42.0,65.0
35.4,16.1,282.0,8.9,4.3,43.0,65.0
34.5,15.8,285.0,9.0,4.9,43.0,65.0
34.1,15.6,280.0,8.9,5.3,44.0,64.0
34.2,15.2,267.0,8.3,5.3,44.0,64.0
31.8,14.3,247.0,7.4,5.0,44.0,64.0
31.9,14.2,222.0,6.5,4.6,44.0,63.0
31.7,13.9,187.0,5.6,4.1,45.0,63.0
32.1,13.7,147.0,4.7,3.5,45.0,63.0
30.9,13.1,118.0,4.1,3.2,46.0,62.0
29.9,13.0,98.0,4.1,3.4,46.0,62.0
32.1,13.6,90.0,4.4,3.8,45.0,62.0
37.7,14.2,114.0,3.8,3.2,48.0,62.0
36.4,14.1,209.0,5.7,4.2,46.0,62.0
34.7,14.3,336.0,8.2,5.5,45.0,62.0
36.1,15.9,405.0,9.7,6.5,46.0,62.0
39.2,16.8,354.0,8.9,6.9,54.0,62.0
37.5,16.8,244.0,7.0,7.0,66.0,62.0
35.9,17.9,164.0,5.8,6.9,74.0,62.0
34.1,17.0,152.0,6.0,6.5,74.0,62.0
33.3,15.9,171.0,6.9,5.9,71.0,62.0
31.0,15.8,191.0,7.7,5.5,66.0,62.0
29.1,15.0,204.0,8.1,5.6,61.0,62.0
30.5,15.7,220.0,8.5,6.0,55.0,62.0
37.7,16.5,237.0,9.2,5.7,50.0,62.0
34.3,15.6,262.0,9.7,5.8,46.0,62.0
32.8,15.6,288.0,10.4,5.9,41.0,62.0
33.3,16.0,296.0,10.7,6.0,37.0,62.0
33.8,16.1,273.0,10.3,6.0,36.0,62.0
33.5,16.1,233.0,9.6,6.0,37.0,62.0
34.1,16.1,195.0,8.7,5.9,38.0,62.0
32.6,15.1,165.0,7.6,5.5,39.0,62.0
31.1,14.3,138.0,6.4,5.0,40.0,62.0
33.6,14.6,119.0,5.4,4.6,41.0,62.0
30.0,13.4,105.0,4.7,4.2,42.0,62.0
27.4,12.5,100.0,4.3,3.8,42.0,62.0
26.2,12.0,113.0,4.5,3.9,42.0,62.0
31.5,13.5,164.0,6.1,4.6,41.0,62.0
33.8,14.8,234.0,8.3,5.5,39.0,62.0
36.4,16.1,278.0,9.7,6.2,40.0,62.0
38.6,16.9,272.0,9.6,6.7,45.0,62.0
41.4,18.7,240.0,8.6,6.9,51.0,62.0
41.2,18.5,208.0,7.6,7.0,58.0,62.0
42.4,18.9,182.0,6.4,6.7,66.0,62.0
39.6,18.6,156.0,5.2,6.1,73.0,63.0
34.3,17.2,144.0,5.0,5.7,76.0,63.0
30.7,15.8,156.0,7.0,5.8,70.0,63.0
30.9,15.9,181.0,10.1,6.1,58.0,63.0
38.3,16.5,202.0,8.3,4.3,43.0,63.0
43.9,17.9,215.0,8.3,4.5,43.0,63.0
44.7,18.4,224.0,8.2,4.7,42.0,63.0
44.7,18.5,226.0,8.0,4.8,42.0,63.0
41.8,17.6,219.0,7.7,4.8,42.0,64.0
41.4,17.9,206.0,7.3,4.6,42.0,64.0
40.0,17.3,189.0,6.7,4.4,42.0,64.0
40.3,16.8,165.0,5.8,4.0,43.0,64.0
39.0,16.2,137.0,4.7,3.6,43.0,64.0
35.9,15.4,118.0,3.9,3.3,44.0,64.0
36.0,15.3,109.0,3.6,3.2,44.0,64.0
34.2,14.6,108.0,3.7,3.4,44.0,64.0
33.9,14.2,125.0,4.0,3.1,45.0,65.0
36.2,15.0,178.0,6.0,4.2,44.0,65.0
36.1,15.7,248.0,8.6,5.6,42.0,65.0
38.4,17.4,285.0,10.0,6.7,45.0,65.0
38.9,18.2,258.0,8.7,7.0,57.0,65.0
38.3,18.1,199.0,6.2,6.9,73.0,65.0
38.6,17.9,154.0,4.4,6.8,84.0,65.0
43.7,20.3,140.0,4.2,6.9,87.0,65.0
42.8,20.9,140.0,4.8,6.9,84.0,65.0
40.7,19.8,151.0,5.5,6.7,80.0,65.0
37.1,17.3,180.0,6.1,6.0,73.0,65.0
34.3,16.4,221.0,6.8,5.0,64.0,66.0
34.2,16.4,252.0,6.9,4.8,55.0,66.0
35.0,16.5,265.0,7.6,5.0,52.0,65.0
38.1,17.2,268.0,8.6,5.3,48.0,65.0
36.4,16.5,260.0,9.1,5.4,45.0,65.0
33.9,15.8,235.0,8.6,5.2,44.0,65.0
39.1,16.9,199.0,7.6,4.8,44.0,65.0
32.6,15.2,166.0,6.7,4.5,44.0,65.0
28.6,13.6,141.0,5.9,4.2,44.0,65.0
31.1,13.8,120.0,5.2,3.8,45.0,64.0
28.6,12.8,107.0,4.7,3.7,45.0,64.0
25.9,12.0,102.0,4.6,3.9,45.0,64.0
24.8,11.7,106.0,4.7,4.2,44.0,64.0
32.6,13.9,126.0,5.0,3.8,45.0,64.0
33.5,14.2,178.0,5.7,4.0,44.0,64.0
34.7,14.8,245.0,6.6,4.3,44.0,63.0
36.1,15.4,284.0,7.2,4.9,46.0,63.0
36.1,15.5,267.0,7.4,6.0,52.0,63.0
39.7,17.9,222.0,7.3,7.3,60.0,63.0
40.5,18.5,185.0,7.0,8.2,68.0,63.0
41.7,20.3,170.0,6.3,8.5,77.0,63.0
41.4,20.8,165.0,5.4,8.4,87.0,63.0
41.4,20.5,163.0,5.2,8.2,90.0,63.0
38.5,18.7,164.0,6.4,7.7,82.0,63.0
37.5,17.3,169.0,8.3,7.1,68.0,63.0
40.6,18.3,181.0,7.9,6.6,63.0,64.0
39.7,17.1,206.0,8.5,6.5,58.0,64.0
35.0,16.2,238.0,9.3,6.3,50.0,63.0
34.7,16.3,264.0,9.7,6.1,45.0,63.0
38.0,17.1,284.0,9.5,6.0,44.0,64.0
37.7,17.3,298.0,8.9,6.0,44.0,64.0
35.2,16.2,293.0,8.2,5.8,45.0,64.0
36.8,16.5,255.0,7.3,5.4,46.0,64.0
37.0,16.5,199.0,6.2,4.8,47.0,64.0
34.7,15.1,155.0,5.3,4.4,48.0,64.0
32.0,13.9,134.0,4.8,4.1,48.0,64.0
31.0,13.0,126.0,4.6,3.8,49.0,65.0
29.5,12.0,133.0,3.7,3.2,50.0,64.0
30.6,12.3,170.0,4.5,3.8,50.0,64.0
30.9,13.5,223.0,5.6,4.7,50.0,64.0
31.7,14.2,249.0,6.2,5.4,52.0,64.0
35.5,15.8,220.0,5.7,5.8,58.0,64.0
39.2,16.9,164.0,4.7,6.0,65.0,64.0
38.5,17.0,123.0,4.0,6.2,72.0,64.0
38.9,18.0,115.0,3.9,6.6,78.0,64.0
37.7,18.5,122.0,4.1,7.0,82.0,64.0
35.3,17.7,130.0,4.4,7.1,83.0,63.0
34.7,16.7,135.0,4.8,6.6,77.0,63.0
30.3,15.4,142.0,5.2,5.8,66.0,63.0
32.4,13.7,149.0,6.3,4.7,54.0,63.0
29.6,13.5,160.0,6.8,5.1,52.0,62.0
31.2,14.0,171.0,7.5,5.6,50.0,62.0
30.2,14.3,176.0,7.8,5.8,48.0,62.0
30.7,14.3,170.0,7.3,5.6,48.0,62.0
31.8,14.3,159.0,6.5,5.0,50.0,62.0
31.1,14.0,146.0,5.6,4.5,51.0,61.0
26.7,12.5,133.0,4.8,3.9,51.0,61.0
22.5,11.0,119.0,4.0,3.3,51.0,61.0
20.6,10.3,109.0,3.4,2.9,51.0,60.0
23.3,10.5,102.0,3.1,2.7,50.0,60.0
25.9,11.1,98.0,3.1,2.7,49.0,60.0
20.7,9.8,107.0,3.2,2.7,49.0,60.0
21.5,10.4,140.0,4.5,3.3,48.0,60.0
22.3,11.3,185.0,6.1,4.2,46.0,59.0
24.7,12.7,214.0,7.2,4.9,47.0,59.0
28.5,14.2,209.0,6.9,5.5,52.0,59.0
33.1,16.0,188.0,6.0,5.9,59.0,59.0
33.8,16.1,170.0,5.4,6.2,63.0,59.0
34.7,15.7,161.0,5.4,6.1,61.0,59.0
33.9,15.9,155.0,5.7,5.8,57.0,59.0
31.5,15.2,157.0,6.4,5.6,52.0,58.0
28.7,14.6,171.0,7.8,5.6,49.0,58.0
28.6,14.7,193.0,9.5,5.8,46.0,58.0
38.0,17.9,210.0,5.8,4.5,51.0,59.0
35.5,16.6,219.0,6.3,4.6,48.0,59.0
31.0,15.8,224.0,7.0,4.8,43.0,59.0
30.5,14.6,222.0,7.5,4.9,40.0,59.0
25.4,12.8,211.0,7.5,5.0,39.0,59.0
23.1,12.2,194.0,7.3,5.1,39.0,59.0
24.3,12.5,176.0,6.9,5.0,39.0,59.0
24.9,12.1,156.0,6.1,4.7,39.0,58.0
24.2,11.8,134.0,5.1,4.2,38.0,59.0
26.0,12.7,118.0,4.4,3.8,38.0,59.0
27.0,12.8,108.0,4.1,3.6,37.0,59.0
29.0,12.8,105.0,4.0,3.5,37.0,59.0
30.9,12.2,114.0,3.8,3.4,39.0,59.0
29.6,12.1,151.0,4.9,3.9,37.0,59.0
26.1,11.6,201.0,6.5,4.5,34.0,59.0
29.9,13.4,229.0,7.3,5.2,36.0,59.0
27.1,13.7,213.0,6.7,5.9,46.0,59.0
24.7,13.6,175.0,5.4,6.6,59.0,59.0
25.6,15.0,146.0,4.4,7.0,69.0,59.0
26.1,15.4,138.0,4.0,6.8,72.0,59.0
24.4,14.6,139.0,3.8,6.2,71.0,59.0
24.3,14.4,145.0,4.0,5.7,68.0,59.0
25.5,15.3,159.0,4.6,5.4,63.0,59.0
23.9,14.5,178.0,5.5,5.1,56.0,59.0
30.3,15.5,194.0,6.3,3.6,42.0,59.0
31.2,15.8,205.0,6.7,3.9,40.0,59.0
31.2,15.9,214.0,7.3,4.3,38.0,59.0
28.8,15.3,214.0,7.5,4.5,36.0,59.0
28.1,14.7,203.0,6.9,4.3,36.0,59.0
24.9,13.4,184.0,5.9,4.0,37.0,59.0
22.9,12.5,165.0,5.0,3.6,38.0,59.0
21.7,11.7,144.0,4.1,3.2,38.0,59.0
21.9,11.4,122.0,3.3,2.7,39.0,59.0
21.4,10.9,108.0,2.8,2.4,39.0,59.0
21.6,10.8,102.0,2.6,2.3,39.0,59.0
22.4,10.9,103.0,2.8,2.5,39.0,59.0
29.4,12.7,119.0,3.4,2.8,40.0,59.0
29.4,12.9,166.0,4.9,3.5,39.0,59.0
27.9,12.9,229.0,6.8,4.5,37.0,59.0
28.8,14.0,264.0,7.9,5.3,39.0,59.0
28.3,13.7,246.0,7.2,5.6,47.0,59.0
27.6,14.1,202.0,5.6,5.6,59.0,59.0
24.7,14.0,167.0,4.4,5.6,68.0,59.0
23.9,13.9,155.0,4.2,5.6,72.0,59.0
27.0,15.3,151.0,4.4,5.5,73.0,59.0
26.2,14.7,155.0,5.0,5.4,71.0,59.0
26.6,14.8,167.0,6.1,5.2,63.0,59.0
26.1,13.9,186.0,7.5,4.9,52.0,59.0
31.8,16.0,202.0,8.6,4.8,45.0,59.0
29.4,15.0,215.0,8.3,4.7,43.0,59.0
30.2,15.0,227.0,7.9,4.7,40.0,59.0
29.9,14.6,229.0,7.4,4.5,38.0,58.0
30.0,14.3,218.0,6.6,4.2,38.0,58.0
30.4,14.0,197.0,5.7,3.9,39.0,58.0
29.5,13.5,176.0,4.9,3.5,40.0,59.0
27.7,12.6,153.0,4.1,3.1,41.0,59.0
24.7,11.8,129.0,3.3,2.6,41.0,59.0
24.5,11.4,112.0,2.9,2.4,41.0,59.0
21.4,10.8,102.0,2.8,2.4,40.0,59.0
23.7,10.9,100.0,3.1,2.6,40.0,59.0
21.1,10.7,113.0,3.2,2.6,39.0,59.0
23.1,11.0,159.0,4.3,3.3,38.0,58.0
21.4,12.0,220.0,5.7,4.2,37.0,58.0
22.5,12.4,255.0,6.6,5.0,39.0,58.0
23.8,12.3,236.0,6.2,5.4,48.0,58.0
25.0,13.0,189.0,5.2,5.7,60.0,58.0
26.0,13.9,154.0,4.5,5.8,69.0,58.0
27.2,15.3,145.0,4.5,5.8,72.0,58.0
25.9,14.6,148.0,4.8,5.6,72.0,58.0
25.4,14.3,155.0,5.3,5.4,70.0,58.0
25.5,14.0,165.0,6.1,5.2,64.0,58.0
26.3,13.7,180.0,7.1,5.1,55.0,58.0
34.8,16.8,196.0,7.4,4.7,49.0,58.0
34.0,16.9,218.0,8.1,5.0,45.0,58.0
32.0,16.1,241.0,9.0,5.4,40.0,58.0
29.7,15.1,250.0,9.3,5.5,37.0,58.0
28.4,14.2,235.0,8.4,5.2,37.0,58.0
27.2,13.6,207.0,7.0,4.6,39.0,58.0
27.1,13.2,179.0,5.7,4.0,40.0,58.0
25.0,12.5,155.0,4.9,3.6,41.0,58.0
23.5,11.9,132.0,4.2,3.1,41.0,58.0
24.6,11.9,117.0,3.8,2.9,41.0,58.0
23.5,11.4,108.0,3.6,2.8,41.0,58.0
25.0,11.7,107.0,3.5,2.9,40.0,58.0
24.6,11.9,122.0,3.7,2.8,40.0,58.0
24.7,12.2,172.0,4.8,3.3,39.0,59.0
25.6,12.8,238.0,6.4,4.0,38.0,59.0
25.8,13.4,274.0,7.2,4.6,40.0,59.0
25.4,13.5,249.0,6.5,4.9,47.0,59.0
24.8,13.4,195.0,5.1,5.1,57.0,59.0
25.0,13.4,155.0,4.2,5.2,65.0,59.0
25.0,14.3,149.0,4.5,5.4,70.0,59.0
24.3,14.0,157.0,5.3,5.7,72.0,59.0
25.5,14.7,169.0,6.0,5.7,72.0,59.0
24.7,14.1,181.0,6.5,5.3,67.0,59.0
23.7,13.0,197.0,7.0,4.7,58.0,59.0
36.9,17.2,216.0,5.9,3.4,48.0,59.0
35.0,16.4,239.0,6.2,3.6,46.0,59.0
34.5,16.5,264.0,6.6,3.8,44.0,59.0
34.0,16.5,285.0,6.9,4.1,42.0,59.0
33.2,16.4,306.0,7.1,4.4,41.0,59.0
33.5,16.5,323.0,7.3,4.7,42.0,59.0
31.8,15.9,318.0,7.1,4.8,42.0,59.0
27.6,14.6,273.0,6.4,4.5,43.0,60.0
25.0,13.0,206.0,5.4,4.0,43.0,60.0
23.6,11.9,155.0,4.7,3.7,44.0,60.0
22.4,11.4,127.0,4.5,3.7,44.0,60.0
21.9,11.1,115.0,4.6,3.9,44.0,60.0
21.5,10.4,132.0,4.4,3.3,44.0,59.0
22.2,10.9,209.0,5.4,3.7,43.0,59.0
24.9,12.3,316.0,6.7,4.3,42.0,59.0
28.5,14.0,375.0,7.4,4.8,44.0,59.0
31.2,15.5,338.0,7.0,5.3,52.0,60.0
32.1,16.2,253.0,6.0,5.7,63.0,60.0
33.6,17.7,187.0,5.3,5.9,71.0,60.0
33.5,17.3,165.0,5.2,5.6,72.0,60.0
30.2,15.5,163.0,5.4,5.1,69.0,60.0
27.6,15.0,175.0,5.7,4.7,65.0,60.0
25.6,14.1,206.0,6.0,4.6,62.0,60.0
24.3,13.4,252.0,6.4,4.6,57.0,61.0
30.3,15.6,288.0,6.8,3.4,46.0,60.0
30.9,15.7,309.0,6.9,3.5,44.0,60.0
30.7,15.4,322.0,7.0,3.7,41.0,60.0
31.3,15.7,320.0,7.1,3.9,39.0,60.0
31.3,15.4,299.0,7.1,4.0,38.0,60.0
30.4,15.0,264.0,7.0,4.1,39.0,60.0
28.8,14.2,228.0,6.7,4.1,39.0,60.0
28.8,13.9,190.0,6.1,3.9,39.0,60.0
29.5,13.6,152.0,5.3,3.5,40.0,60.0
28.5,13.0,124.0,4.7,3.3,40.0,60.0
32.2,13.5,108.0,4.3,3.2,40.0,60.0
32.2,13.4,103.0,4.1,3.2,41.0,60.0
31.5,13.0,122.0,4.0,3.1,40.0,60.0
32.8,13.5,192.0,4.6,3.7,40.0,61.0
32.4,13.8,286.0,5.4,4.6,41.0,61.0
32.1,14.6,334.0,5.8,5.3,44.0,61.0
33.1,15.5,289.0,5.4,5.7,52.0,61.0
33.8,15.9,199.0,4.6,6.1,63.0,61.0
34.0,16.2,131.0,4.0,6.2,71.0,61.0
34.7,16.8,116.0,3.6,6.2,76.0,61.0
35.0,16.6,123.0,3.4,5.9,78.0,61.0
32.6,15.6,133.0,3.6,5.7,77.0,61.0
31.4,14.8,139.0,4.4,5.4,70.0,61.0
29.3,14.1,148.0,5.5,5.0,60.0,61.0
34.1,15.4,161.0,5.0,3.7,50.0,61.0
33.1,14.4,182.0,5.3,3.9,47.0,61.0
31.8,14.4,207.0,5.6,4.1,43.0,61.0
31.8,14.2,221.0,5.8,4.3,40.0,61.0
31.9,14.1,215.0,5.8,4.3,40.0,60.0
31.8,14.4,198.0,5.6,4.2,40.0,60.0
31.5,14.3,178.0,5.3,4.0,41.0,60.0
35.2,15.0,156.0,4.8,3.7,41.0,61.0
35.2,14.8,132.0,4.2,3.2,41.0,61.0
33.2,14.1,116.0,3.9,3.0,41.0,61.0
31.9,13.5,105.0,3.8,3.0,41.0,61.0
31.3,13.1,103.0,4.0,3.2,40.0,61.0
35.5,14.1,123.0,4.4,3.3,41.0,61.0
37.7,15.0,194.0,5.5,4.3,41.0,61.0
36.3,15.3,288.0,7.0,5.7,41.0,61.0
36.6,15.7,340.0,7.9,6.8,45.0,61.0
36.6,16.5,307.0,7.5,7.4,57.0,61.0
36.2,17.2,232.0,6.5,7.8,74.0,61.0
37.0,18.2,173.0,5.7,7.9,86.0,61.0
37.6,18.9,155.0,5.4,7.5,91.0,62.0
37.8,18.6,154.0,5.4,6.9,91.0,62.0
38.5,18.4,159.0,5.6,6.3,88.0,62.0
40.2,17.6,168.0,6.1,5.9,79.0,62.0
40.0,17.3,183.0,6.9,5.5,65.0,62.0
54.9,20.6,201.0,7.6,4.5,51.0,63.0
51.8,19.7,226.0,7.7,4.6,47.0,63.0
47.6,18.7,254.0,7.7,4.7,43.0,64.0
46.4,18.5,266.0,7.6,4.7,39.0,64.0
47.5,18.9,252.0,7.1,4.6,38.0,64.0
49.1,19.0,223.0,6.4,4.4,38.0,65.0
48.7,18.5,193.0,5.8,4.2,39.0,65.0
46.8,17.5,165.0,5.3,3.9,39.0,65.0
44.9,16.6,136.0,4.8,3.5,40.0,65.0
44.7,16.6,118.0,4.5,3.3,40.0,66.0
48.9,17.2,108.0,4.2,3.2,40.0,66.0
50.5,17.2,109.0,4.0,3.3,41.0,66.0
51.2,17.3,137.0,3.9,3.3,41.0,66.0
50.1,17.6,225.0,5.2,4.0,40.0,67.0
48.1,18.1,339.0,6.9,5.0,40.0,67.0
46.8,18.6,399.0,8.0,5.9,44.0,67.0
47.3,19.2,350.0,7.7,6.8,55.0,67.0
48.2,20.0,246.0,6.8,7.7,70.0,68.0
50.1,21.4,167.0,6.0,8.2,83.0,68.0
50.9,22.9,147.0,5.6,8.1,92.0,68.0
48.5,22.4,152.0,5.4,7.7,98.0,68.0
43.5,20.4,163.0,5.7,7.4,98.0,69.0
41.4,19.7,172.0,7.1,7.5,90.0,69.0
40.9,19.2,187.0,9.0,7.7,76.0,69.0
60.8,23.3,206.0,9.3,6.1,58.0,69.0
61.5,22.6,235.0,9.2,5.8,53.0,69.0
61.2,22.2,269.0,8.9,5.3,45.0,70.0
62.2,22.2,289.0,8.5,4.9,40.0,70.0
61.9,22.1,289.0,7.8,4.6,39.0,70.0
59.4,21.6,276.0,6.9,4.3,41.0,70.0
56.1,20.8,253.0,6.1,4.0,42.0,70.0
54.7,20.5,214.0,5.4,3.7,43.0,71.0
56.9,20.6,166.0,4.8,3.4,43.0,71.0
58.7,20.6,132.0,4.4,3.2,44.0,71.0
53.2,19.4,118.0,4.1,3.2,45.0,72.0
49.7,18.6,119.0,3.9,3.4,45.0,72.0
51.3,18.2,142.0,4.0,3.0,46.0,72.0
53.9,19.0,210.0,4.9,3.7,46.0,72.0
52.0,18.8,299.0,6.0,4.6,47.0,72.0
53.3,19.9,346.0,6.7,5.4,51.0,72.0
54.8,21.1,308.0,6.4,5.9,61.0,72.0
55.3,21.9,227.0,5.5,6.3,74.0,72.0
55.3,22.2,166.0,4.9,6.5,84.0,72.0
54.4,22.1,152.0,4.6,6.4,88.0,72.0
52.7,21.9,157.0,4.5,6.1,88.0,72.0
50.4,20.8,168.0,4.9,5.8,84.0,72.0
46.8,19.3,178.0,6.1,5.6,75.0,72.0
43.9,17.9,192.0,7.7,5.5,62.0,72.0
43.7,16.6,213.0,7.7,4.4,51.0,72.0
43.3,16.2,250.0,8.0,4.5,48.0,71.0
43.9,16.3,293.0,8.3,4.7,43.0,71.0
44.5,16.3,318.0,8.4,4.8,40.0,70.0
45.2,16.6,312.0,8.0,4.7,40.0,70.0
45.1,16.4,286.0,7.4,4.5,41.0,69.0
47.1,16.8,254.0,6.7,4.3,42.0,69.0
44.2,16.1,211.0,6.0,4.0,43.0,69.0
38.5,14.8,161.0,5.3,3.8,43.0,68.0
38.9,14.7,125.0,4.8,3.6,44.0,68.0
39.3,14.8,113.0,4.4,3.5,45.0,67.0
38.0,14.4,116.0,4.2,3.6,45.0,67.0
32.4,13.5,126.0,4.6,4.0,45.0,67.0
33.6,14.0,149.0,5.4,4.3,45.0,66.0
36.0,15.7,179.0,6.5,4.7,45.0,66.0
37.3,16.5,197.0,7.0,5.1,48.0,66.0
43.4,18.2,189.0,6.5,5.3,55.0,66.0
44.5,18.5,167.0,5.4,5.5,65.0,65.0
40.6,18.3,151.0,4.6,5.6,72.0,65.0
36.6,17.8,146.0,4.3,5.5,76.0,65.0
35.0,17.6,146.0,4.1,5.3,78.0,64.0
35.7,17.3,152.0,4.4,5.1,77.0,64.0
35.3,16.2,164.0,5.2,4.8,69.0,64.0
34.6,15.4,183.0,6.4,4.5,58.0,64.0
32.6,14.4,206.0,7.4,4.3,49.0,63.0
30.6,13.7,242.0,8.2,4.5,44.0,63.0
28.6,13.1,284.0,9.0,5.0,41.0,63.0
24.7,12.1,305.0,9.1,5.2,39.0,63.0
24.6,11.3,293.0,8.3,5.1,39.0,62.0
24.2,10.9,261.0,7.0,4.7,41.0,62.0
23.8,10.5,226.0,5.8,4.3,43.0,61.0
26.3,10.8,188.0,4.8,3.8,44.0,61.0
24.7,10.4,147.0,3.9,3.2,44.0,61.0
21.6,9.7,117.0,3.3,2.8,44.0,60.0
24.3,10.1,104.0,3.0,2.6,44.0,60.0
23.5,9.7,101.0,3.1,2.6,43.0,59.0
30.7,12.7,111.0,3.3,2.6,43.0,59.0
31.5,12.6,142.0,4.4,3.2,43.0,59.0
30.2,13.0,185.0,5.8,4.0,42.0,59.0
25.5,12.1,209.0,6.7,4.7,45.0,59.0
24.5,11.4,197.0,6.4,5.2,53.0,58.0
27.4,13.1,166.0,5.5,5.5,64.0,58.0
26.8,13.3,144.0,4.8,5.7,72.0,57.0
24.3,12.9,140.0,4.6,5.6,75.0,57.0
22.1,12.0,144.0,4.7,5.4,75.0,57.0
25.5,12.8,156.0,5.2,5.2,72.0,56.0
21.7,12.7,180.0,6.6,5.0,65.0,56.0
21.0,11.4,211.0,8.5,4.9,55.0,56.0
22.0,12.0,232.0,5.8,3.0,47.0,55.0
23.5,13.1,238.0,6.3,3.4,45.0,55.0
23.2,12.7,234.0,6.9,4.0,42.0,55.0
22.5,12.3,224.0,7.3,4.4,40.0,55.0
21.4,11.7,205.0,7.2,4.5,39.0,55.0
24.9,12.2,179.0,6.7,4.4,39.0,55.0
27.0,12.5,155.0,6.1,4.2,39.0,56.0
24.9,11.7,136.0,5.3,3.8,39.0,56.0
22.4,10.9,119.0,4.3,3.2,40.0,56.0
23.4,11.1,107.0,3.5,2.8,40.0,56.0
24.0,10.8,99.0,3.1,2.6,40.0,56.0
23.2,10.2,96.0,2.9,2.6,41.0,56.0
25.0,10.3,107.0,2.5,2.1,42.0,56.0
26.2,10.9,146.0,4.0,2.7,41.0,56.0
24.9,11.3,200.0,6.0,3.4,39.0,55.0
25.7,12.5,229.0,7.0,4.0,40.0,55.0
26.4,13.2,211.0,6.1,4.1,46.0,56.0
24.6,12.7,170.0,4.3,4.0,55.0,56.0
23.6,12.2,139.0,3.0,3.9,62.0,56.0
24.6,12.7,132.0,2.8,3.9,66.0,55.0
24.8,12.8,136.0,3.2,4.0,67.0,56.0
25.1,13.2,145.0,3.8,4.0,66.0,56.0
25.3,12.7,159.0,4.7,3.9,60.0,56.0
24.6,12.4,177.0,5.8,3.7,52.0,56.0
37.7,16.6,195.0,5.1,2.5,45.0,56.0
31.9,14.7,215.0,5.6,2.9,43.0,56.0
29.2,13.9,234.0,6.3,3.5,41.0,56.0
27.2,13.2,241.0,6.6,3.8,39.0,56.0
24.9,11.8,228.0,6.0,3.7,39.0,56.0
21.9,10.5,204.0,4.9,3.3,40.0,56.0
19.7,9.5,178.0,4.0,2.9,41.0,56.0
17.4,8.5,152.0,3.4,2.6,41.0,56.0
16.9,8.2,124.0,3.0,2.3,41.0,55.0
15.3,7.7,105.0,2.7,2.1,41.0,55.0
16.4,7.7,97.0,2.6,2.1,41.0,55.0
15.1,7.4,98.0,2.8,2.2,40.0,55.0
15.9,7.3,107.0,2.6,2.0,41.0,55.0
17.1,7.7,131.0,3.4,2.7,41.0,54.0
16.4,8.5,163.0,4.4,3.6,41.0,54.0
17.0,9.3,180.0,4.9,4.3,43.0,54.0
19.6,9.8,169.0,4.4,4.5,50.0,54.0
19.4,10.0,143.0,3.5,4.5,59.0,53.0
20.1,10.9,124.0,2.8,4.4,65.0,53.0
20.0,11.4,119.0,2.7,4.3,67.0,53.0
19.7,11.2,119.0,3.0,4.2,67.0,53.0
19.4,11.3,124.0,3.3,4.1,65.0,53.0
18.6,10.7,133.0,3.7,3.9,61.0,53.0
19.0,10.8,145.0,4.3,3.7,54.0,53.0
18.3,10.4,160.0,4.8,3.5,49.0,52.0
20.3,11.1,180.0,5.0,3.6,47.0,52.0
21.9,11.9,202.0,5.4,3.8,45.0,52.0
23.6,12.8,215.0,5.5,3.9,43.0,52.0
24.0,13.0,212.0,5.4,3.8,42.0,52.0
23.5,12.5,199.0,5.1,3.6,41.0,52.0
21.7,11.6,182.0,4.7,3.4,40.0,52.0
19.6,10.1,158.0,4.3,3.1,40.0,52.0
17.8,8.8,129.0,3.8,2.7,41.0,52.0
14.9,7.8,109.0,3.4,2.5,41.0,52.0
13.6,7.2,101.0,3.1,2.3,41.0,52.0
13.4,7.1,101.0,3.0,2.3,40.0,52.0
17.9,8.6,113.0,2.6,2.0,40.0,52.0
18.7,8.8,150.0,3.7,2.6,39.0,52.0
19.6,10.0,199.0,5.3,3.6,37.0,52.0
19.9,10.6,226.0,6.2,4.3,39.0,53.0
20.5,10.9,211.0,5.8,4.7,46.0,53.0
21.5,11.7,175.0,4.9,5.0,56.0,53.0
20.6,11.6,147.0,4.2,5.2,64.0,53.0
21.0,12.0,140.0,4.2,5.5,69.0,53.0
20.1,12.2,141.0,4.5,5.8,72.0,53.0
20.1,12.8,146.0,5.1,5.9,72.0,53.0
19.8,12.8,152.0,6.2,5.9,66.0,53.0
19.3,12.2,162.0,7.5,5.7,56.0,53.0
19.6,10.7,180.0,6.1,3.5,43.0,53.0
20.6,11.1,217.0,6.6,3.8,41.0,53.0
21.1,11.4,263.0,7.2,4.2,38.0,53.0
21.7,11.9,289.0,7.5,4.5,36.0,53.0
21.0,11.6,282.0,7.3,4.6,35.0,53.0
19.8,11.2,255.0,6.9,4.5,36.0,53.0
19.3,10.9,223.0,6.3,4.3,36.0,53.0
18.5,10.5,184.0,5.5,3.9,36.0,53.0
17.7,9.7,139.0,4.6,3.3,37.0,53.0
17.3,9.3,108.0,4.0,2.9,37.0,53.0
16.4,8.8,94.0,3.7,2.8,36.0,53.0
16.4,8.3,95.0,3.7,2.8,35.0,53.0
15.7,7.6,118.0,3.1,2.5,36.0,53.0
17.2,8.3,190.0,4.1,3.1,34.0,53.0
20.3,10.1,285.0,5.4,3.8,33.0,53.0
22.2,10.9,335.0,6.1,4.5,35.0,53.0
24.4,12.5,296.0,5.7,5.0,44.0,53.0
24.9,13.1,212.0,4.8,5.3,58.0,54.0
25.0,13.7,149.0,4.2,5.6,68.0,54.0
25.0,14.4,135.0,4.4,5.9,74.0,54.0
23.6,14.5,142.0,5.0,6.1,76.0,54.0
23.3,14.6,154.0,5.8,6.2,75.0,54.0
26.8,14.8,165.0,6.8,6.2,68.0,54.0
21.4,12.9,180.0,8.0,6.2,56.0,54.0
21.1,12.2,204.0,8.8,4.9,43.0,55.0
21.0,11.8,246.0,9.1,5.1,39.0,55.0
21.5,12.1,295.0,9.5,5.4,34.0,55.0
22.6,12.9,328.0,9.8,5.6,30.0,55.0
22.9,13.3,333.0,9.9,5.8,29.0,55.0
23.1,13.7,322.0,9.8,5.9,29.0,55.0
22.8,13.8,298.0,9.6,6.0,29.0,55.0
22.0,13.2,255.0,9.3,6.1,29.0,56.0
21.7,13.0,200.0,8.9,6.2,29.0,56.0
21.1,12.6,159.0,8.6,6.3,29.0,56.0
19.6,11.6,138.0,8.4,6.1,29.0,56.0
18.7,11.2,131.0,8.2,5.9,29.0,57.0
15.7,9.5,145.0,7.9,5.4,29.0,57.0
14.7,8.7,201.0,8.4,5.9,29.0,57.0
14.4,8.8,278.0,9.0,6.6,29.0,57.0
15.4,9.4,319.0,9.2,7.4,33.0,56.0
17.7,10.8,288.0,8.8,8.3,43.0,56.0
19.4,11.7,221.0,8.0,9.3,56.0,56.0
22.1,13.6,174.0,7.3,9.8,67.0,56.0
24.0,14.8,169.0,6.7,9.6,73.0,56.0
24.4,15.5,183.0,6.3,8.9,76.0,56.0
23.0,14.3,200.0,6.4,8.2,75.0,56.0
21.7,13.6,212.0,7.6,7.6,66.0,56.0
19.7,12.3,228.0,9.3,7.0,52.0,56.0
22.0,12.2,259.0,9.1,4.7,42.0,56.0
23.6,12.9,322.0,9.4,4.8,39.0,56.0
24.7,13.1,399.0,9.8,4.9,36.0,56.0
24.7,13.5,451.0,10.0,5.1,33.0,56.0
26.1,14.4,461.0,10.1,5.6,32.0,56.0
26.5,14.8,446.0,10.0,6.2,33.0,57.0
26.8,14.8,408.0,9.7,6.5,33.0,57.0
25.9,14.1,333.0,8.9,6.3,34.0,57.0
25.1,13.4,237.0,7.8,5.8,34.0,57.0
24.7,13.0,166.0,6.9,5.4,35.0,57.0
22.9,12.0,139.0,6.4,5.1,35.0,57.0
21.7,11.2,139.0,6.0,4.9,36.0,57.0
19.4,10.3,159.0,6.1,4.8,36.0,57.0
18.6,9.9,219.0,6.7,5.3,35.0,57.0
17.7,9.8,299.0,7.5,6.1,34.0,57.0
17.6,9.8,340.0,7.9,6.7,37.0,57.0
17.2,9.4,301.0,7.5,7.2,46.0,57.0
18.2,10.5,221.0,6.6,7.6,57.0,57.0
20.5,12.0,161.0,5.8,7.8,67.0,57.0
22.1,13.5,143.0,5.1,7.5,73.0,57.0
24.7,14.8,143.0,4.4,6.9,78.0,57.0
23.5,13.3,151.0,4.4,6.4,78.0,56.0
24.3,13.5,160.0,5.6,6.3,72.0,56.0
24.9,13.0,176.0,7.4,6.2,62.0,57.0
37.8,17.3,204.0,7.3,5.3,62.0,57.0
36.1,16.1,257.0,8.4,5.4,54.0,57.0
34.7,15.9,322.0,10.0,5.4,42.0,57.0
33.4,15.4,361.0,10.9,5.5,34.0,58.0
31.2,14.6,356.0,10.7,5.5,32.0,58.0
29.3,14.1,326.0,9.9,5.5,33.0,58.0
28.7,13.6,290.0,9.0,5.4,34.0,57.0
25.8,12.3,250.0,8.0,5.1,35.0,57.0
24.0,11.5,206.0,6.9,4.7,36.0,57.0
23.1,11.1,173.0,6.1,4.4,37.0,57.0
21.8,10.5,152.0,5.5,4.2,37.0,57.0
21.2,10.2,142.0,5.2,4.2,37.0,57.0
18.3,8.6,162.0,5.3,3.9,37.0,57.0
18.0,8.8,243.0,6.6,4.9,36.0,57.0
21.2,10.4,354.0,8.4,6.3,36.0,57.0
22.0,11.7,413.0,9.4,7.4,40.0,57.0
24.0,13.4,369.0,8.7,7.9,53.0,57.0
25.0,13.9,274.0,7.1,8.0,72.0,57.0
28.6,16.4,199.0,6.0,8.1,85.0,58.0
29.0,16.5,173.0,5.9,8.2,90.0,58.0
28.5,16.3,168.0,6.3,8.3,91.0,58.0
27.8,16.4,172.0,6.9,8.1,88.0,58.0
26.0,15.4,178.0,7.6,7.4,79.0,58.0
23.7,13.5,192.0,8.4,6.4,66.0,58.0
22.2,12.0,223.0,9.8,5.5,48.0,58.0
22.2,12.3,293.0,10.5,5.9,44.0,58.0
21.4,11.9,381.0,11.5,6.4,39.0,57.0
19.0,10.9,428.0,11.8,6.6,35.0,57.0
18.2,10.2,401.0,11.0,6.4,34.0,57.0
17.8,9.9,335.0,9.7,6.0,35.0,56.0
18.7,9.8,274.0,8.4,5.5,36.0,56.0
19.0,9.5,231.0,7.3,5.0,37.0,56.0
21.5,10.2,194.0,6.2,4.4,38.0,56.0
23.3,10.8,168.0,5.5,4.1,38.0,56.0
23.1,10.8,150.0,5.3,4.1,38.0,56.0
23.5,11.1,145.0,5.5,4.4,37.0,56.0
21.5,10.7,167.0,5.2,4.2,38.0,56.0
21.0,10.6,250.0,6.3,4.7,37.0,56.0
21.5,11.3,361.0,7.7,5.5,36.0,56.0
20.7,11.7,421.0,8.5,6.2,39.0,56.0
20.9,12.6,381.0,8.2,6.9,48.0,56.0
21.2,13.2,291.0,7.3,7.5,61.0,56.0
20.3,12.8,217.0,6.5,7.9,72.0,56.0
20.1,13.1,184.0,5.8,7.8,80.0,56.0
19.9,13.3,169.0,5.2,7.4,87.0,55.0
21.0,13.4,167.0,5.2,7.0,88.0,55.0
20.5,12.6,170.0,6.2,6.8,81.0,55.0
19.0,11.6,188.0,7.7,6.7,69.0,55.0
15.2,8.8,239.0,6.0,3.9,50.0,54.0
16.5,9.3,359.0,7.8,4.5,45.0,54.0
18.9,10.4,513.0,10.2,5.2,38.0,54.0
22.1,11.9,621.0,11.8,5.9,33.0,54.0
25.1,13.0,649.0,12.0,6.3,32.0,54.0
27.9,13.9,631.0,11.4,6.6,32.0,55.0
30.9,14.2,584.0,10.6,6.7,33.0,55.0
32.0,14.3,495.0,9.7,6.5,34.0,55.0
35.5,14.9,377.0,8.5,6.0,34.0,56.0
35.5,15.1,287.0,7.7,5.7,35.0,56.0
38.2,15.9,249.0,7.3,5.5,35.0,57.0
39.0,15.9,239.0,7.2,5.4,35.0,57.0
34.3,14.6,242.0,7.7,6.2,34.0,57.0
33.3,14.3,265.0,7.9,6.9,35.0,58.0
31.4,14.3,302.0,8.1,7.9,37.0,58.0
29.9,14.6,314.0,8.0,8.6,42.0,58.0
28.1,14.4,277.0,7.2,9.0,53.0,58.0
27.6,15.0,215.0,6.1,9.2,68.0,58.0
26.9,15.4,167.0,5.1,9.1,80.0,59.0
26.5,15.9,148.0,4.3,8.6,87.0,59.0
24.9,15.1,143.0,3.8,7.8,92.0,59.0
23.3,14.1,144.0,3.7,7.2,91.0,59.0
26.1,15.1,142.0,4.5,6.8,82.0,59.0
24.3,13.6,145.0,5.8,6.5,68.0,59.0
28.9,14.6,172.0,6.5,5.6,55.0,60.0
29.3,14.9,241.0,7.6,5.9,49.0,60.0
29.2,14.5,334.0,9.2,6.3,40.0,60.0
33.1,15.8,416.0,10.1,6.5,34.0,61.0
36.2,16.7,488.0,10.0,6.5,32.0,61.0
36.8,17.1,550.0,9.3,6.3,33.0,61.0
37.8,16.8,564.0,8.5,6.1,34.0,62.0
38.5,16.6,495.0,7.7,5.7,35.0,62.0
39.3,16.7,377.0,6.9,5.3,36.0,62.0
40.7,16.5,282.0,6.4,5.2,37.0,62.0
40.6,16.1,230.0,6.3,5.5,37.0,62.0
38.8,15.8,199.0,6.5,6.0,37.0,62.0
33.2,13.8,195.0,5.9,4.8,38.0,62.0
35.3,14.3,240.0,6.6,5.4,39.0,62.0
36.2,15.4,313.0,7.5,6.4,41.0,62.0
37.4,16.3,351.0,7.9,7.1,46.0,62.0
39.7,18.5,319.0,7.4,7.6,59.0,62.0
41.0,19.2,252.0,6.3,7.9,75.0,63.0
41.6,20.0,200.0,5.5,8.0,88.0,63.0
43.2,21.5,180.0,5.0,7.8,97.0,64.0
43.1,21.7,174.0,4.8,7.4,103.0,64.0
40.7,20.0,174.0,5.0,6.9,102.0,65.0
38.4,18.5,174.0,6.0,6.4,91.0,65.0
33.8,16.1,180.0,7.5,5.9,74.0,65.0
38.0,15.8,201.0,7.5,4.3,46.0,65.0
37.6,15.8,240.0,8.4,4.7,42.0,65.0
38.3,16.3,292.0,9.7,5.3,37.0,65.0
40.2,17.3,357.0,10.6,5.7,33.0,65.0
41.2,18.2,457.0,10.7,5.8,33.0,66.0
45.4,19.3,569.0,10.3,5.8,34.0,66.0
48.8,20.1,618.0,9.9,5.8,35.0,66.0
46.9,19.4,552.0,9.4,5.8,35.0,66.0
44.5,18.6,423.0,8.8,5.8,36.0,66.0
42.1,17.6,317.0,8.4,6.0,36.0,66.0
39.8,16.6,256.0,8.2,6.3,36.0,67.0
38.6,16.2,217.0,8.2,6.8,36.0,67.0
36.9,13.9,219.0,5.8,4.8,40.0,67.0
37.5,14.3,304.0,6.4,5.4,40.0,67.0
36.9,14.6,430.0,7.1,6.3,41.0,66.0
37.7,15.4,492.0,7.4,6.9,45.0,66.0
39.1,16.2,421.0,6.9,7.1,56.0,66.0
40.6,17.0,285.0,5.9,7.0,71.0,66.0
44.0,18.7,182.0,5.2,7.0,84.0,66.0
43.8,19.3,152.0,4.8,7.3,95.0,66.0
41.0,19.0,155.0,4.5,7.7,104.0,66.0
41.0,19.5,165.0,4.8,7.8,105.0,66.0
40.4,18.2,169.0,6.0,7.2,93.0,66.0
35.5,16.0,180.0,7.8,6.4,72.0,66.0
38.0,16.9,212.0,9.4,5.6,55.0,66.0
33.1,14.8,286.0,9.8,5.6,48.0,66.0
30.9,14.1,380.0,10.3,5.5,38.0,65.0
30.6,14.3,443.0,10.7,5.7,31.0,65.0
30.6,14.8,449.0,11.1,6.2,29.0,65.0
31.3,15.9,424.0,11.4,7.0,29.0,65.0
32.8,16.8,397.0,11.5,7.4,29.0,64.0
31.4,15.9,376.0,11.2,7.3,29.0,64.0
30.2,15.3,351.0,10.6,6.9,30.0,64.0
30.3,14.8,327.0,10.1,6.7,30.0,64.0
28.3,13.8,292.0,9.7,7.0,30.0,63.0
28.2,13.3,257.0,9.4,7.5,30.0,63.0
28.1,13.1,254.0,9.8,7.3,31.0,63.0
28.5,13.6,325.0,10.0,8.3,31.0,63.0
30.2,14.6,428.0,10.3,9.7,31.0,63.0
31.0,14.3,474.0,9.9,10.4,36.0,63.0
31.7,14.6,403.0,8.4,9.7,50.0,63.0
32.9,15.1,275.0,6.3,8.3,68.0,63.0
33.1,15.0,178.0,4.7,7.1,80.0,62.0
31.7,14.4,151.0,4.1,6.3,83.0,62.0
29.9,13.7,155.0,4.1,5.7,80.0,62.0
27.4,13.0,166.0,4.6,5.3,74.0,61.0
24.7,11.8,165.0,5.6,5.2,65.0,61.0
22.5,11.0,171.0,7.1,5.3,54.0,60.0
27.7,11.9,217.0,7.6,4.6,42.0,60.0
26.3,11.8,338.0,8.4,4.9,38.0,60.0
25.7,11.7,499.0,9.6,5.3,34.0,59.0
27.0,12.5,627.0,10.5,5.8,30.0,59.0
28.6,13.6,706.0,11.1,6.4,29.0,59.0
30.5,15.2,753.0,11.6,6.9,29.0,59.0
32.5,16.6,743.0,11.7,7.3,29.0,59.0
33.4,16.8,637.0,11.2,7.3,30.0,59.0
33.4,16.9,475.0,10.3,7.0,30.0,59.0
34.1,16.9,348.0,9.6,6.8,31.0,59.0
34.1,16.9,293.0,9.4,6.7,31.0,60.0
33.9,16.8,274.0,9.4,6.6,31.0,60.0
29.6,14.0,278.0,9.2,5.7,32.0,60.0
28.5,13.6,319.0,9.6,6.6,30.0,60.0
27.9,13.5,382.0,10.2,7.9,30.0,60.0
28.9,14.6,414.0,10.5,9.6,37.0,60.0
31.2,16.7,382.0,10.5,12.2,60.0,60.0
34.6,19.8,320.0,10.2,15.2,91.0,60.0
41.9,26.1,268.0,9.7,16.9,118.0,61.0
48.3,31.0,242.0,8.4,16.5,138.0,63.0
50.2,32.2,228.0,6.9,14.8,153.0,64.0
49.0,30.4,223.0,6.3,13.1,157.0,65.0
42.7,26.6,216.0,7.6,11.7,142.0,67.0
38.2,23.2,219.0,9.9,10.2,115.0,74.0
24.4,12.2,268.0,9.9,6.5,60.0,74.0
23.0,11.0,393.0,10.3,6.2,51.0,68.0
23.3,10.9,565.0,10.8,5.7,38.0,67.0
24.9,11.6,729.0,11.2,5.5,29.0,67.0
26.1,12.4,886.0,11.4,5.7,27.0,67.0
27.4,13.5,1036.0,11.4,6.2,28.0,67.0
28.7,14.7,1119.0,11.4,6.5,29.0,67.0
29.4,15.2,1101.0,11.4,6.3,29.0,67.0
29.0,15.2,1018.0,11.4,6.0,29.0,67.0
29.0,15.3,913.0,11.5,5.8,29.0,67.0
28.6,15.2,782.0,11.6,5.6,28.0,66.0
29.3,15.4,631.0,11.7,5.7,28.0,66.0
26.1,13.1,518.0,11.0,5.6,30.0,66.0
27.4,13.6,484.0,10.7,6.7,30.0,66.0
26.7,13.9,489.0,10.3,8.2,31.0,66.0
25.3,13.2,473.0,9.7,9.4,37.0,66.0
26.2,14.4,402.0,8.7,10.2,52.0,66.0
27.6,15.9,309.0,7.6,10.8,73.0,66.0
29.0,17.5,238.0,6.6,10.9,89.0,65.0
29.8,18.5,207.0,5.9,10.2,99.0,64.0
29.6,18.5,198.0,5.4,9.1,105.0,63.0
28.6,17.8,194.0,5.4,8.0,104.0,62.0
26.7,16.4,175.0,6.4,7.1,92.0,61.0
24.2,14.5,161.0,7.9,6.3,73.0,61.0
18.6,10.9,200.0,8.4,5.1,56.0,60.0
16.3,9.3,332.0,8.8,5.0,49.0,60.0
15.0,8.4,515.0,9.4,5.0,38.0,60.0
15.2,8.5,674.0,9.7,4.9,31.0,60.0
15.8,8.9,795.0,9.5,4.9,29.0,60.0
16.8,9.5,890.0,8.9,5.0,31.0,59.0
17.5,9.8,921.0,8.6,4.9,32.0,59.0
18.2,10.0,848.0,8.6,4.6,32.0,58.0
19.1,10.6,711.0,8.8,4.2,31.0,58.0
20.1,11.3,586.0,9.0,4.0,31.0,58.0
20.9,11.6,495.0,9.4,4.1,30.0,58.0
21.7,12.0,417.0,9.9,4.3,30.0,57.0
22.4,12.0,358.0,10.1,4.7,31.0,57.0
23.8,13.0,332.0,9.7,5.3,33.0,57.0
25.4,14.2,326.0,9.1,6.1,36.0,57.0
25.2,12.9,312.0,8.2,6.6,41.0,57.0
25.5,12.4,274.0,6.7,6.4,49.0,57.0
25.4,12.0,227.0,5.0,5.8,58.0,57.0
25.8,12.2,190.0,3.8,5.2,65.0,56.0
26.2,12.4,168.0,3.4,4.8,68.0,56.0
25.8,12.2,156.0,3.5,4.5,69.0,55.0
25.4,12.1,155.0,4.1,4.3,67.0,55.0
24.2,11.6,160.0,5.4,4.1,60.0,54.0
23.5,11.1,175.0,7.1,3.9,51.0,54.0
26.6,11.7,214.0,7.8,3.5,44.0,54.0
27.8,12.3,299.0,8.0,3.9,42.0,54.0
29.5,12.8,406.0,8.4,4.4,40.0,55.0
31.8,13.8,481.0,8.5,4.7,38.0,55.0
34.1,14.7,502.0,8.3,4.8,38.0,56.0
35.9,15.3,491.0,8.0,4.7,39.0,56.0
37.0,15.9,450.0,7.7,4.6,40.0,57.0
37.8,15.9,362.0,7.6,4.6,40.0,57.0
38.0,15.8,246.0,7.6,4.5,41.0,57.0
39.1,16.1,160.0,7.5,4.5,41.0,58.0
38.4,15.7,125.0,7.2,4.4,41.0,58.0
39.2,15.8,120.0,6.8,4.2,41.0,58.0
36.1,14.7,144.0,6.3,3.5,41.0,59.0
29.1,12.7,223.0,6.4,3.5,41.0,59.0
25.5,11.7,331.0,6.6,3.6,40.0,58.0
21.8,10.6,392.0,6.5,3.7,42.0,58.0
19.3,9.8,360.0,5.9,3.8,47.0,58.0
18.0,9.6,280.0,5.0,3.9,54.0,58.0
17.9,9.7,213.0,4.5,4.0,60.0,58.0
19.3,10.4,176.0,4.5,4.0,63.0,58.0
20.3,10.8,151.0,4.8,4.0,64.0,57.0
21.2,11.4,145.0,5.3,4.1,64.0,57.0
20.7,11.3,167.0,6.0,4.3,62.0,57.0
19.4,10.6,207.0,6.8,4.6,59.0,57.0
25.9,13.9,242.0,6.9,4.9,66.0,57.0
26.4,14.6,267.0,8.0,5.7,63.0,58.0
25.7,14.1,287.0,9.6,6.9,60.0,58.0
24.9,14.3,297.0,10.5,7.7,57.0,58.0
22.8,13.0,295.0,10.2,7.9,57.0,58.0
21.1,12.1,284.0,9.3,7.6,58.0,57.0
19.4,11.3,263.0,8.3,7.2,58.0,57.0
18.2,10.4,227.0,7.4,6.4,58.0,57.0
17.0,9.5,182.0,6.4,5.4,57.0,56.0
15.4,8.7,149.0,5.6,4.7,56.0,56.0
15.0,8.3,131.0,4.9,4.3,53.0,55.0
14.4,7.7,125.0,4.4,4.2,49.0,54.0
13.3,7.0,147.0,4.3,3.9,61.0,54.0
13.9,7.6,228.0,5.6,4.7,57.0,53.0
15.4,9.0,337.0,7.4,5.9,52.0,53.0
15.2,8.8,395.0,8.7,7.1,49.0,53.0
15.9,9.3,349.0,9.2,8.4,51.0,53.0
17.3,10.9,252.0,9.1,9.6,55.0,53.0
18.7,12.1,179.0,8.6,10.1,59.0,53.0
19.4,11.8,162.0,7.0,9.2,62.0,53.0
21.1,11.7,168.0,4.9,7.6,66.0,53.0
24.4,12.8,177.0,3.8,6.4,66.0,54.0
26.1,13.5,174.0,4.5,6.2,62.0,54.0
27.6,13.9,174.0,6.1,6.6,55.0,54.0
20.0,10.7,196.0,6.8,6.1,49.0,54.0
19.4,10.3,265.0,8.1,6.4,45.0,53.0
19.9,11.0,357.0,9.9,6.9,40.0,53.0
21.2,11.3,413.0,11.1,7.3,36.0,53.0
20.9,11.2,405.0,11.2,7.5,35.0,53.0
20.8,10.9,361.0,10.6,7.6,35.0,53.0
20.1,10.6,312.0,10.0,7.7,35.0,53.0
18.2,9.5,262.0,9.3,7.7,35.0,53.0
15.7,8.5,206.0,8.5,7.6,36.0,52.0
14.0,7.6,164.0,8.0,7.6,36.0,52.0
13.6,7.5,140.0,7.9,7.7,36.0,52.0
13.1,7.4,129.0,8.1,7.8,35.0,52.0
14.5,7.8,138.0,6.6,6.7,36.0,52.0
13.7,7.7,185.0,6.9,7.0,35.0,52.0
13.7,8.4,253.0,7.3,7.4,34.0,52.0
14.0,8.7,290.0,7.4,7.9,36.0,52.0
15.0,9.5,268.0,6.7,8.5,43.0,52.0
16.4,10.3,216.0,5.6,9.1,53.0,52.0
18.0,11.6,174.0,4.9,9.5,61.0,52.0
18.7,12.2,156.0,4.7,9.5,65.0,52.0
18.7,12.4,149.0,4.8,9.3,67.0,52.0
18.3,12.3,152.0,5.2,9.1,66.0,52.0
17.7,11.6,169.0,6.2,8.8,60.0,52.0
17.3,11.4,197.0,7.5,8.5,50.0,52.0
13.0,8.5,227.0,7.9,6.9,42.0,52.0
12.3,8.2,257.0,9.1,7.4,38.0,52.0
12.2,8.2,289.0,10.7,8.1,33.0,51.0
12.4,8.4,318.0,12.0,8.7,29.0,51.0
12.8,8.6,353.0,12.6,9.2,27.0,51.0
13.2,8.9,386.0,12.9,9.7,27.0,51.0
13.0,8.9,387.0,12.8,10.0,27.0,51.0
12.3,8.4,326.0,12.3,9.9,27.0,51.0
11.8,8.0,233.0,11.4,9.5,28.0,51.0
11.3,7.7,164.0,10.8,9.3,28.0,51.0
11.1,7.5,140.0,10.5,9.1,28.0,51.0
10.9,7.3,139.0,10.3,9.1,28.0,51.0
9.7,6.4,157.0,9.3,8.5,29.0,50.0
9.8,6.6,206.0,9.9,9.7,30.0,50.0
11.0,7.8,274.0,10.6,11.3,31.0,50.0
12.0,8.8,313.0,10.7,12.4,37.0,50.0
13.0,9.5,296.0,9.6,12.7,50.0,50.0
14.3,10.6,252.0,7.9,12.6,66.0,50.0
15.8,11.8,217.0,6.6,12.3,80.0,50.0
16.3,12.2,204.0,6.1,11.9,90.0,50.0
17.6,13.2,200.0,6.1,11.3,96.0,50.0
17.4,13.2,207.0,6.7,10.5,98.0,50.0
15.6,12.0,203.0,8.1,9.4,92.0,50.0
15.0,11.5,211.0,10.1,8.1,80.0,50.0
22.2,14.7,298.0,10.9,7.1,82.0,51.0
22.9,15.2,546.0,13.3,7.7,75.0,52.0
24.2,16.1,873.0,16.6,8.6,64.0,52.0
25.5,17.4,1110.0,18.8,9.3,56.0,53.0
25.9,17.9,1197.0,19.0,9.7,52.0,54.0
26.2,18.3,1192.0,18.0,9.9,50.0,54.0
26.0,18.1,1105.0,17.0,9.8,49.0,55.0
25.6,17.9,885.0,16.0,9.2,47.0,56.0
24.3,16.9,583.0,14.8,8.3,46.0,56.0
22.6,15.7,352.0,14.0,8.0,45.0,57.0
21.7,15.0,259.0,13.8,8.4,43.0,58.0
21.3,14.8,238.0,14.0,9.3,41.0,58.0
18.1,12.7,245.0,12.7,9.7,40.0,59.0
18.3,12.9,288.0,14.2,12.3,39.0,59.0
19.4,14.0,360.0,16.3,15.9,39.0,60.0
21.0,15.5,396.0,17.0,18.4,43.0,60.0
20.7,15.2,358.0,15.3,19.0,56.0,61.0
20.3,15.0,283.0,12.4,18.5,73.0,61.0
22.4,16.4,222.0,9.8,17.7,88.0,61.0
26.0,18.8,191.0,8.0,16.6,100.0,62.0
28.8,20.3,172.0,6.5,15.1,109.0,63.0
30.2,20.5,166.0,6.1,13.9,112.0,63.0
29.2,19.3,171.0,7.4,13.3,104.0,64.0
30.2,19.7,188.0,9.8,13.0,88.0,64.0
18.1,11.0,220.0,9.4,8.1,57.0,64.0
17.3,10.6,280.0,10.9,8.4,50.0,64.0
17.2,10.7,355.0,13.0,8.9,41.0,63.0
16.9,10.9,405.0,14.4,9.3,34.0,63.0
16.9,11.0,411.0,14.4,9.5,31.0,62.0
16.6,11.1,392.0,13.7,9.6,31.0,62.0
16.2,11.0,361.0,12.9,9.6,31.0,61.0
14.8,10.0,315.0,12.0,9.4,31.0,60.0
14.3,9.4,257.0,11.1,9.1,32.0,60.0
14.4,9.4,212.0,10.3,8.9,32.0,59.0
14.1,9.0,183.0,9.9,8.9,32.0,59.0
13.0,8.2,167.0,9.7,9.1,33.0,58.0
14.0,8.4,176.0,6.3,5.2,40.0,58.0
15.4,9.2,236.0,7.5,6.2,41.0,58.0
16.7,10.4,321.0,9.1,7.5,43.0,57.0
18.6,11.9,368.0,9.9,8.7,51.0,57.0
21.1,13.9,338.0,9.1,9.7,71.0,57.0
22.9,15.2,270.0,7.5,10.4,96.0,57.0
27.4,18.6,216.0,6.3,10.7,115.0,57.0
28.0,19.3,198.0,5.7,10.1,122.0,57.0
27.5,18.5,194.0,5.5,8.9,122.0,57.0
27.0,18.1,197.0,5.8,7.9,116.0,57.0
25.4,16.5,197.0,6.8,7.3,102.0,57.0
23.4,14.7,202.0,8.4,6.8,82.0,56.0
25.7,14.6,233.0,9.0,6.0,62.0,57.0
24.2,14.0,304.0,10.3,6.3,54.0,57.0
24.4,14.3,400.0,12.0,6.7,44.0,57.0
24.8,14.4,496.0,13.0,6.8,37.0,57.0
25.4,14.1,608.0,12.6,6.5,36.0,58.0
26.1,14.6,719.0,11.5,6.0,39.0,58.0
25.6,14.6,758.0,10.2,5.5,42.0,58.0
23.9,13.4,663.0,8.7,4.8,47.0,59.0
21.9,12.2,496.0,7.0,4.0,52.0,59.0
20.8,11.5,362.0,6.1,3.8,56.0,59.0
20.0,11.1,298.0,6.4,4.5,56.0,59.0
19.7,11.4,269.0,7.5,5.8,54.0,59.0
13.9,9.3,271.0,8.8,6.6,53.0,59.0
13.6,9.5,331.0,10.8,9.6,52.0,59.0
14.2,10.7,423.0,13.4,13.8,51.0,59.0
15.6,12.2,468.0,14.9,17.3,59.0,59.0
17.1,13.8,418.0,14.2,19.7,83.0,59.0
16.6,14.4,322.0,12.3,21.5,115.0,59.0
19.3,17.5,245.0,10.4,21.7,142.0,59.0
21.4,19.8,213.0,8.7,19.5,162.0,59.0
22.1,20.3,200.0,6.9,15.9,177.0,60.0
24.8,20.6,199.0,6.1,12.5,178.0,72.0
31.1,21.9,197.0,6.7,9.8,156.0,95.0
36.1,21.9,207.0,8.1,7.3,120.0,108.0
58.1,27.7,257.0,8.9,5.2,79.0,107.0
65.2,28.2,376.0,9.4,5.4,71.0,97.0
68.2,27.4,536.0,10.1,5.7,60.0,80.0
70.1,26.8,675.0,10.8,6.1,51.0,65.0
69.4,26.3,786.0,11.7,6.5,48.0,66.0
67.8,26.1,877.0,12.6,7.0,48.0,67.0
66.1,26.1,911.0,13.3,7.3,48.0,68.0
64.3,26.0,852.0,13.7,7.2,48.0,69.0
62.4,25.9,736.0,13.8,6.9,48.0,70.0
60.1,25.5,632.0,14.0,6.9,47.0,71.0
56.8,24.7,565.0,14.2,7.1,45.0,72.0
52.0,23.2,510.0,14.3,7.5,42.0,73.0
37.7,16.6,467.0,7.4,4.6,55.0,73.0
36.1,16.9,442.0,9.1,7.0,54.0,74.0
38.1,19.3,429.0,11.4,10.4,54.0,75.0
39.2,21.0,407.0,12.6,13.7,65.0,75.0
42.0,24.0,361.0,11.9,17.4,97.0,76.0
47.1,28.6,306.0,10.1,21.0,139.0,77.0
51.7,33.3,261.0,8.4,22.3,170.0,78.0
50.5,33.8,236.0,6.8,19.5,180.0,80.0
46.7,31.8,221.0,5.2,14.4,179.0,80.0
41.4,27.9,214.0,4.5,10.3,171.0,91.0
38.6,25.2,208.0,5.2,8.3,153.0,112.0
39.1,24.7,209.0,6.7,7.3,127.0,125.0
47.3,28.1,233.0,7.2,5.5,108.0,128.0
45.1,27.0,296.0,7.0,5.4,103.0,120.0
44.1,26.1,382.0,6.9,5.5,97.0,104.0
43.7,25.8,460.0,7.7,6.8,91.0,85.0
43.7,27.1,529.0,10.4,10.4,87.0,81.0
45.4,29.6,590.0,14.2,15.2,84.0,82.0
47.1,31.8,615.0,16.8,18.8,81.0,82.0
47.7,32.0,571.0,17.1,19.3,79.0,83.0
50.1,33.5,491.0,16.3,18.6,77.0,83.0
47.6,32.4,441.0,16.4,19.5,75.0,84.0
46.0,32.1,446.0,18.2,23.4,70.0,84.0
42.4,31.3,481.0,20.8,28.9,64.0,85.0
44.5,29.8,538.0,18.9,23.2,70.0,86.0
43.7,29.7,644.0,20.0,24.8,72.0,87.0
44.4,30.9,771.0,21.3,27.0,76.0,88.0
44.8,31.7,827.0,21.3,29.0,91.0,89.0
48.1,34.2,749.0,18.8,31.0,127.0,89.0
47.8,35.3,599.0,14.9,32.8,175.0,90.0
47.6,37.3,470.0,11.6,32.6,211.0,90.0
50.9,40.5,392.0,9.3,29.3,232.0,91.0
51.2,40.6,334.0,7.7,24.1,242.0,127.0
50.4,38.4,297.0,7.2,18.9,234.0,159.0
45.5,32.0,264.0,8.7,13.9,195.0,178.0
37.1,25.5,252.0,11.3,8.9,138.0,185.0
34.6,23.5,317.0,11.9,6.1,99.0,181.0
34.1,23.5,531.0,13.4,7.4,92.0,168.0
35.2,24.8,820.0,15.5,9.2,81.0,146.0
38.0,27.4,1024.0,17.4,10.8,73.0,112.0
38.3,28.2,1073.0,18.9,12.1,69.0,92.0
39.9,29.9,1035.0,20.1,13.2,67.0,92.0
39.9,30.3,954.0,20.5,13.5,66.0,92.0
39.0,29.6,815.0,19.5,12.4,66.0,92.0
38.0,28.9,634.0,17.6,10.5,67.0,92.0
36.3,27.8,497.0,15.9,8.8,68.0,91.0
35.5,27.1,441.0,14.4,7.3,69.0,91.0
34.1,26.2,430.0,13.1,6.1,70.0,91.0
32.7,25.8,442.0,15.5,12.1,72.0,90.0
30.4,24.3,488.0,17.0,13.7,74.0,90.0
31.2,25.5,556.0,18.9,16.0,78.0,89.0
32.6,26.7,591.0,19.2,17.3,89.0,89.0
32.5,26.4,563.0,16.4,17.2,116.0,88.0
30.5,24.3,502.0,12.0,16.2,151.0,88.0
32.8,26.1,440.0,8.5,14.7,175.0,87.0
34.3,27.2,379.0,6.8,12.6,183.0,86.0
33.2,26.1,316.0,5.9,10.1,180.0,89.0
30.4,23.5,280.0,5.9,8.1,170.0,109.0
28.0,21.1,272.0,6.9,6.8,148.0,124.0
25.7,18.7,291.0,8.6,5.9,118.0,130.0
25.7,18.6,357.0,10.5,5.6,112.0,130.0
25.9,18.7,505.0,11.6,6.1,101.0,119.0
27.3,19.6,701.0,13.1,6.8,86.0,100.0
29.3,21.0,862.0,14.5,7.5,75.0,80.0
31.5,22.9,972.0,15.8,8.1,70.0,80.0
34.1,25.3,1047.0,17.0,8.6,69.0,80.0
36.2,27.0,1058.0,17.1,8.8,69.0,79.0
36.1,27.2,964.0,15.4,8.2,70.0,79.0
36.4,27.8,805.0,12.6,7.2,74.0,79.0
37.5,28.7,676.0,10.4,6.7,77.0,79.0
38.5,29.6,610.0,9.3,6.9,81.0,79.0
37.0,28.9,572.0,8.9,7.6,85.0,79.0
38.6,30.3,558.0,11.4,8.3,85.0,80.0
39.9,31.2,586.0,12.3,10.0,88.0,80.0
40.5,31.8,637.0,13.4,12.3,93.0,81.0
38.4,29.5,645.0,13.5,13.5,101.0,81.0
38.6,29.3,569.0,11.3,12.6,117.0,81.0
36.8,28.4,450.0,8.1,10.7,136.0,82.0
36.7,28.6,352.0,5.8,9.2,149.0,82.0
37.8,29.6,296.0,5.3,8.7,153.0,82.0
39.5,31.0,260.0,5.8,8.6,151.0,82.0
41.1,31.9,241.0,6.5,8.4,144.0,89.0
41.1,31.2,238.0,7.2,7.5,130.0,96.0
41.6,31.0,251.0,8.3,6.5,112.0,99.0
50.1,35.9,285.0,9.1,5.7,97.0,95.0
51.5,36.7,350.0,10.8,6.5,92.0,88.0
55.3,39.2,435.0,13.1,7.5,86.0,89.0
59.0,42.1,509.0,14.6,8.1,81.0,91.0
61.7,44.1,562.0,14.7,8.0,78.0,92.0
64.5,46.1,604.0,14.0,7.4,77.0,94.0
65.0,46.2,637.0,13.2,6.9,76.0,96.0
62.4,44.1,669.0,12.2,6.4,76.0,97.0
60.5,42.6,691.0,11.0,5.9,76.0,98.0
60.3,41.7,679.0,10.2,5.7,75.0,99.0
57.3,39.0,590.0,10.1,5.8,73.0,100.0
55.5,37.3,466.0,10.4,6.2,69.0,101.0
50.4,32.6,415.0,7.6,6.5,83.0,101.0
51.3,32.4,531.0,9.1,7.4,81.0,101.0
49.9,31.3,719.0,11.0,8.5,80.0,101.0
50.4,31.9,800.0,11.8,9.3,82.0,101.0
51.3,32.2,658.0,10.3,9.3,93.0,102.0
53.2,33.3,409.0,7.7,9.0,109.0,102.0
51.9,31.8,221.0,5.7,8.5,119.0,102.0
50.8,30.9,169.0,5.0,7.9,121.0,103.0
51.0,30.5,179.0,4.9,7.2,118.0,103.0
49.8,29.1,197.0,5.2,6.5,112.0,102.0
49.0,27.9,196.0,6.2,5.7,102.0,102.0
46.0,26.0,202.0,7.7,5.0,90.0,101.0
60.8,32.7,243.0,9.4,4.9,78.0,101.0
55.1,30.4,355.0,10.3,5.4,76.0,100.0
53.1,30.2,502.0,11.5,6.2,72.0,100.0
52.7,30.9,596.0,12.2,6.6,70.0,99.0
52.6,31.2,597.0,11.9,6.4,70.0,98.0
52.3,31.2,546.0,11.1,5.9,71.0,96.0
51.3,30.5,478.0,10.2,5.4,71.0,95.0
49.4,29.6,390.0,9.5,5.0,70.0,94.0
49.9,30.0,285.0,8.7,4.6,68.0,93.0
48.7,29.4,213.0,8.1,4.4,67.0,92.0
47.0,28.2,192.0,7.5,4.7,67.0,91.0
47.7,28.8,203.0,7.1,5.2,67.0,91.0
37.7,23.5,241.0,8.1,7.6,78.0,90.0
40.5,25.6,333.0,9.3,8.3,77.0,89.0
45.9,28.8,451.0,10.8,9.1,75.0,89.0
51.1,31.2,505.0,11.2,9.3,76.0,89.0
54.0,32.1,432.0,9.2,8.2,82.0,89.0
55.2,32.5,295.0,5.9,6.4,90.0,89.0
53.2,31.3,193.0,3.6,5.0,95.0,89.0
50.4,29.9,168.0,3.0,4.5,96.0,89.0
48.2,29.0,177.0,3.3,4.4,95.0,89.0
46.2,28.0,194.0,3.9,4.3,92.0,89.0
44.7,27.0,209.0,4.7,4.2,87.0,89.0
43.1,26.4,232.0,5.8,4.1,81.0,89.0
44.5,27.3,263.0,6.4,3.8,75.0,88.0
43.8,27.2,312.0,6.9,4.0,73.0,88.0
42.1,26.8,370.0,7.5,4.4,71.0,88.0
42.0,27.2,406.0,8.0,4.6,70.0,87.0
42.4,28.1,408.0,8.2,4.7,70.0,87.0
40.9,27.5,389.0,8.3,4.8,71.0,87.0
39.3,26.8,355.0,8.0,4.7,72.0,87.0
37.5,25.8,296.0,7.2,4.3,73.0,86.0
35.5,24.7,223.0,6.1,3.7,75.0,86.0
33.5,23.4,171.0,5.1,3.2,77.0,85.0
31.3,22.1,154.0,4.2,2.9,79.0,85.0
29.1,20.6,157.0,3.4,2.7,80.0,84.0
30.0,21.0,179.0,3.4,2.6,76.0,84.0
28.4,19.7,234.0,4.0,3.0,74.0,84.0
27.6,19.3,308.0,4.9,3.6,73.0,83.0
27.3,18.8,346.0,5.3,4.1,73.0,82.0
27.2,18.7,315.0,4.8,4.4,78.0,81.0
27.1,18.6,250.0,3.9,4.6,86.0,80.0
26.9,18.3,200.0,3.4,4.8,91.0,79.0
27.2,18.5,185.0,3.6,4.9,92.0,78.0
26.0,17.6,185.0,4.3,4.9,90.0,77.0
25.4,17.3,190.0,5.1,4.9,86.0,76.0
23.4,15.7,190.0,6.2,4.8,80.0,75.0
21.4,14.3,195.0,7.5,4.6,71.0,74.0
28.3,18.7,231.0,7.6,4.8,67.0,74.0
25.2,17.1,334.0,8.4,4.9,63.0,73.0
23.3,15.8,468.0,9.6,5.1,57.0,72.0
22.9,15.7,545.0,10.3,5.2,52.0,71.0
22.8,15.5,517.0,10.2,5.1,50.0,70.0
22.5,15.3,433.0,9.8,4.9,49.0,69.0
21.8,14.8,352.0,9.2,4.7,48.0,68.0
21.0,14.1,289.0,8.6,4.5,48.0,67.0
20.5,13.8,230.0,7.9,4.3,48.0,66.0
20.3,13.6,190.0,7.5,4.4,48.0,66.0
20.2,13.5,177.0,7.7,4.8,47.0,65.0
20.5,13.8,184.0,8.1,5.4,46.0,64.0
21.0,14.2,208.0,9.1,6.9,45.0,64.0
21.5,14.6,267.0,9.7,8.7,45.0,63.0
22.2,15.5,342.0,10.4,11.1,45.0,63.0
23.0,16.3,380.0,10.4,13.0,51.0,63.0
24.6,17.7,344.0,9.1,14.1,69.0,63.0
27.4,20.0,270.0,7.0,14.6,93.0,63.0
30.2,22.2,208.0,5.4,14.5,112.0,63.0
31.8,23.5,176.0,4.5,13.3,121.0,64.0
31.2,23.1,157.0,4.0,11.4,125.0,64.0
29.3,21.7,148.0,4.0,9.8,123.0,65.0
26.5,19.6,144.0,4.7,8.6,112.0,65.0
24.0,17.3,150.0,5.9,7.7,95.0,65.0
20.7,15.5,177.0,7.6,8.5,90.0,65.0
19.4,14.7,231.0,10.3,9.8,79.0,65.0
19.6,15.2,306.0,14.2,11.6,65.0,65.0
20.8,16.5,390.0,17.5,13.4,53.0,65.0
22.3,18.2,505.0,20.0,15.2,47.0,65.0
23.6,19.6,630.0,21.9,17.0,44.0,65.0
24.0,20.0,693.0,22.9,17.9,41.0,66.0
23.1,19.2,641.0,22.5,17.2,39.0,66.0
22.2,18.5,528.0,21.1,15.5,37.0,66.0
21.5,17.8,440.0,19.6,13.9,36.0,67.0
20.1,16.6,407.0,18.1,12.1,35.0,67.0
18.7,15.5,399.0,16.4,10.3,34.0,67.0
17.4,14.6,418.0,13.3,8.3,39.0,67.0
16.5,14.1,489.0,14.4,10.9,39.0,67.0
17.0,15.1,587.0,15.8,14.6,41.0,67.0
18.7,16.2,631.0,16.3,17.7,50.0,67.0
18.7,15.7,573.0,15.2,20.1,74.0,67.0
22.3,18.6,461.0,13.1,21.9,105.0,67.0
27.1,22.2,362.0,11.1,22.2,132.0,67.0
30.6,25.0,295.0,9.1,20.3,153.0,67.0
29.4,24.5,241.0,7.0,16.9,169.0,67.0
25.0,21.1,213.0,5.9,13.5,171.0,67.0
21.7,18.0,207.0,6.2,10.1,148.0,80.0
18.7,14.7,227.0,7.3,6.8,111.0,93.0
23.5,16.5,290.0,8.3,4.4,79.0,94.0
23.5,16.2,430.0,10.0,5.2,68.0,86.0
24.2,16.5,612.0,12.4,6.4,54.0,69.0
26.0,18.0,757.0,13.9,7.4,43.0,67.0
26.6,18.5,843.0,13.9,8.0,41.0,67.0
27.0,18.9,891.0,13.0,8.3,42.0,67.0
27.1,18.9,879.0,12.2,8.5,44.0,67.0
26.2,18.2,768.0,11.6,8.4,44.0,67.0
25.7,17.8,597.0,11.0,8.2,44.0,67.0
25.1,17.5,461.0,10.8,8.2,44.0,67.0
24.8,17.3,393.0,11.4,8.7,42.0,67.0
24.8,17.4,359.0,12.4,9.4,40.0,67.0
24.9,17.8,352.0,13.7,10.9,39.0,67.0
25.5,18.6,392.0,14.2,12.1,40.0,68.0
27.1,20.4,458.0,14.7,13.8,44.0,68.0
27.5,20.7,485.0,14.5,15.1,55.0,68.0
29.0,21.7,430.0,12.7,16.1,83.0,69.0
32.9,24.6,336.0,10.2,16.7,119.0,69.0
38.4,28.4,264.0,8.1,16.4,144.0,70.0
38.5,28.7,236.0,6.9,14.5,151.0,70.0
37.0,27.5,230.0,6.2,11.8,148.0,70.0
33.9,24.7,241.0,6.3,9.3,138.0,71.0
30.3,21.8,270.0,7.5,7.3,118.0,71.0
27.3,19.0,317.0,9.4,5.6,92.0,78.0
35.7,24.6,375.0,12.1,6.8,79.0,77.0
33.9,23.3,456.0,14.5,8.1,72.0,72.0
33.4,23.3,550.0,17.9,9.9,62.0,73.0
34.9,25.8,617.0,20.4,11.2,54.0,74.0
35.9,27.1,643.0,21.5,11.8,51.0,74.0
36.3,27.7,643.0,21.7,12.0,50.0,75.0
35.3,26.8,624.0,21.5,11.8,50.0,76.0
34.1,25.7,576.0,20.7,10.8,50.0,76.0
32.5,24.2,508.0,19.4,9.4,51.0,77.0
33.1,24.5,458.0,18.2,8.5,52.0,77.0
35.5,26.6,436.0,17.2,8.6,52.0,78.0
32.5,24.0,431.0,16.3,9.4,52.0,78.0
36.7,26.4,447.0,17.0,15.1,53.0,79.0
38.2,27.5,507.0,18.3,17.4,55.0,80.0
41.6,30.5,587.0,19.9,20.7,61.0,81.0
45.5,33.4,624.0,20.1,23.9,77.0,82.0
51.1,37.7,574.0,17.6,27.5,115.0,83.0
55.8,41.9,481.0,13.8,31.0,165.0,84.0
56.9,43.9,410.0,10.7,32.4,202.0,85.0
55.2,44.2,386.0,9.0,30.1,219.0,87.0
55.2,43.7,383.0,8.1,25.7,224.0,104.0
54.6,41.4,393.0,8.3,21.4,216.0,139.0
43.0,33.1,409.0,10.0,17.4,188.0,162.0
37.0,28.3,437.0,12.8,13.5,147.0,173.0
49.6,40.0,483.0,19.4,23.0,187.0,184.0
49.7,40.0,563.0,22.3,22.7,165.0,184.0
52.4,42.6,661.0,26.3,22.2,134.0,173.0
54.4,44.5,731.0,29.5,22.2,109.0,156.0
57.5,47.3,747.0,31.4,23.2,95.0,130.0
60.1,49.8,736.0,32.5,24.7,87.0,103.0
61.7,51.2,735.0,32.5,25.2,81.0,102.0
61.0,50.6,761.0,30.8,23.8,77.0,105.0
60.1,49.6,799.0,27.9,21.4,74.0,107.0
58.7,48.1,834.0,25.4,19.6,73.0,110.0
56.1,45.5,866.0,23.4,18.7,71.0,112.0
55.6,44.8,897.0,21.8,18.4,71.0,114.0
71.9,57.9,919.0,24.1,45.9,80.0,117.0
69.4,55.9,943.0,24.9,43.3,86.0,120.0
63.6,53.7,957.0,25.9,39.8,97.0,123.0
63.1,54.5,920.0,25.3,37.2,122.0,125.0
66.4,57.3,786.0,21.5,37.0,176.0,127.0
71.2,61.2,600.0,16.1,37.7,244.0,130.0
76.4,65.0,458.0,12.0,36.8,292.0,138.0
79.2,66.6,399.0,10.4,32.6,305.0,161.0
79.2,65.4,383.0,10.1,26.7,297.0,196.0
75.4,61.0,385.0,10.8,21.6,279.0,211.0
70.5,54.9,397.0,13.0,17.5,244.0,221.0
69.8,52.5,427.0,16.3,14.2,198.0,226.0
91.7,69.8,477.0,24.3,17.0,191.0,227.0
94.5,71.0,558.0,24.1,18.5,183.0,223.0
95.5,72.2,659.0,23.8,20.7,171.0,215.0
94.5,73.3,750.0,23.3,23.4,165.0,205.0
95.7,75.9,831.0,22.5,27.3,171.0,193.0
95.2,76.6,902.0,21.4,31.8,182.0,177.0
92.9,75.0,929.0,20.4,34.9,184.0,168.0
88.2,71.2,883.0,19.4,35.8,169.0,163.0
83.4,66.6,794.0,18.4,35.4,146.0,156.0
78.0,61.2,712.0,17.6,34.6,125.0,155.0
72.2,55.6,645.0,16.7,33.5,108.0,156.0
65.9,50.3,585.0,16.1,31.9,92.0,156.0
62.9,46.0,563.0,22.5,24.9,70.0,155.0
58.2,42.4,624.0,28.4,25.3,65.0,155.0
57.9,43.4,722.0,36.3,25.8,62.0,155.0
60.8,47.7,747.0,40.3,26.6,86.0,154.0
65.0,51.5,623.0,36.0,28.0,160.0,154.0
68.2,53.1,427.0,27.8,29.6,261.0,164.0
75.2,58.6,280.0,22.7,30.4,346.0,202.0
84.5,67.1,234.0,23.4,29.5,408.0,214.0
89.9,72.2,237.0,27.2,27.8,455.0,216.0
91.0,73.8,251.0,33.7,26.4,464.0,240.0
89.6,71.2,233.0,45.1,25.5,415.0,264.0
85.9,65.9,226.0,59.2,24.9,329.0,280.0
126.7,97.3,328.0,87.2,35.6,332.0,292.0
123.4,92.2,667.0,77.1,33.3,267.0,292.0
118.3,85.9,1115.0,62.9,30.0,179.0,281.0
92.7,63.6,1378.0,49.1,27.4,120.0,261.0
67.3,48.9,1289.0,36.5,25.9,119.0,239.0
46.4,38.5,1016.0,24.4,25.0,147.0,218.0
39.6,36.2,773.0,15.7,25.0,166.0,201.0
37.5,35.4,628.0,12.5,26.6,161.0,175.0
36.4,34.7,512.0,12.8,29.1,148.0,152.0
35.2,33.8,433.0,13.4,30.8,133.0,151.0
33.4,32.1,397.0,13.1,31.0,116.0,150.0
31.1,29.8,399.0,13.3,30.4,98.0,149.0
37.3,33.4,428.0,22.0,28.8,78.0,148.0
36.4,32.5,513.0,26.2,28.6,77.0,147.0
38.2,34.2,627.0,31.9,28.4,79.0,146.0
40.4,36.6,671.0,34.6,28.1,105.0,144.0
42.3,38.6,580.0,31.3,28.1,176.0,143.0
45.4,42.5,421.0,25.1,28.1,270.0,163.0
47.8,45.9,297.0,21.1,27.1,343.0,186.0
53.6,52.2,246.0,21.3,24.5,380.0,196.0
53.0,51.6,231.0,23.7,21.0,396.0,212.0
51.0,47.8,238.0,27.0,17.9,385.0,233.0
48.8,43.2,268.0,32.0,15.3,331.0,250.0
43.7,37.6,320.0,38.0,13.1,250.0,259.0
62.6,55.3,382.0,54.4,15.9,230.0,263.0
53.9,47.5,453.0,48.7,16.4,194.0,258.0
47.7,41.8,534.0,40.8,17.2,144.0,245.0
45.2,40.6,610.0,33.9,18.1,110.0,226.0
42.8,40.3,690.0,29.2,19.5,108.0,207.0
42.7,40.7,764.0,25.7,21.1,121.0,175.0
10.6,6.6,173.0,5.6,2.9,43.0,37.0
8.5,5.3,143.0,4.6,2.7,44.0,38.0
6.0,3.8,122.0,3.9,2.6,45.0,38.0
4.2,2.7,113.0,3.5,2.6,46.0,38.0
3.4,2.2,114.0,3.2,2.6,46.0,38.0
5.1,2.9,128.0,3.3,2.6,49.0,38.0
5.1,3.0,171.0,4.7,2.9,47.0,38.0
5.5,3.7,229.0,6.5,3.4,46.0,38.0
5.7,3.9,262.0,7.4,3.6,47.0,38.0
5.1,3.5,246.0,6.3,3.3,54.0,38.0
5.7,3.5,206.0,4.2,2.7,64.0,38.0
8.9,4.8,177.0,2.6,2.3,72.0,38.0
9.6,5.2,172.0,2.1,2.1,75.0,37.0
12.0,5.5,177.0,2.1,2.0,76.0,37.0
14.1,6.0,188.0,2.5,2.0,75.0,36.0
9.3,4.8,206.0,3.3,1.9,72.0,35.0
7.3,4.3,230.0,4.6,1.9,67.0,34.0
10.2,7.6,248.0,6.3,2.3,67.0,33.0
12.3,8.7,258.0,8.1,2.8,61.0,33.0
10.2,7.7,263.0,10.5,3.6,52.0,32.0
10.0,7.2,263.0,11.9,4.0,46.0,30.0
8.6,6.0,257.0,11.2,3.9,44.0,29.0
6.7,4.8,246.0,9.5,3.6,45.0,28.0
7.5,4.7,228.0,7.8,3.2,46.0,27.0
8.0,4.6,199.0,6.4,2.9,47.0,27.0
6.8,3.9,164.0,5.0,2.7,49.0,27.0
5.2,3.1,139.0,4.0,2.5,50.0,26.0
4.6,2.8,126.0,3.4,2.5,51.0,26.0
5.3,3.0,122.0,3.3,2.6,52.0,27.0
7.7,4.2,136.0,3.6,2.9,52.0,27.0
6.7,3.9,184.0,5.0,3.1,50.0,27.0
5.8,4.1,250.0,6.8,3.4,48.0,27.0
4.8,3.6,289.0,7.6,3.5,49.0,27.0
4.7,3.5,277.0,6.4,3.2,55.0,27.0
5.3,3.5,238.0,4.3,2.7,63.0,27.0
7.5,4.4,208.0,2.7,2.3,70.0,27.0
7.9,4.5,197.0,2.2,2.1,73.0,27.0
8.0,4.2,195.0,2.2,2.0,75.0,28.0
9.9,4.9,200.0,2.6,2.0,75.0,29.0
9.8,5.0,217.0,3.5,2.0,73.0,31.0
12.5,6.5,241.0,4.8,2.0,70.0,32.0
22.8,11.1,260.0,6.4,2.1,63.0,33.0
20.7,11.7,271.0,7.6,2.4,58.0,32.0
24.0,13.6,278.0,9.1,2.9,51.0,31.0
23.0,13.3,275.0,10.1,3.2,46.0,31.0
21.7,12.0,260.0,10.0,3.3,44.0,33.0
20.9,11.8,235.0,9.3,3.3,43.0,34.0
17.5,10.4,209.0,8.4,3.2,42.0,36.0
13.0,8.0,179.0,7.1,3.0,42.0,36.0
10.8,6.3,148.0,5.6,2.8,42.0,37.0
6.5,4.1,126.0,4.4,2.6,42.0,37.0
5.7,3.5,115.0,3.8,2.6,41.0,37.0
4.7,2.9,114.0,3.6,2.6,41.0,37.0
4.2,3.0,130.0,4.0,3.0,39.0,37.0
2.7,2.2,179.0,5.2,3.2,37.0,37.0
3.4,3.0,246.0,6.8,3.4,34.0,36.0
3.8,3.1,286.0,7.6,3.5,35.0,36.0
6.3,3.6,274.0,6.7,3.3,41.0,36.0
8.7,4.6,236.0,5.1,2.9,51.0,37.0
13.7,6.3,208.0,3.7,2.6,59.0,37.0
11.4,5.7,201.0,2.9,2.3,64.0,37.0
10.4,5.7,203.0,2.4,2.1,67.0,38.0
7.1,4.4,215.0,2.8,2.0,68.0,37.0
5.6,4.0,242.0,4.6,2.2,65.0,37.0
6.3,4.5,279.0,7.3,2.6,60.0,37.0
11.6,7.5,305.0,12.7,3.2,54.0,36.0
11.9,8.4,313.0,14.3,3.7,49.0,35.0
12.4,9.1,310.0,16.3,4.3,41.0,34.0
12.9,9.3,300.0,17.2,4.7,36.0,33.0
12.9,8.8,282.0,15.9,4.6,34.0,32.0
12.0,7.9,257.0,13.3,4.2,34.0,32.0
10.4,6.8,229.0,11.0,3.9,34.0,31.0
8.5,5.6,197.0,9.3,3.7,34.0,30.0
7.2,4.7,162.0,7.8,3.6,34.0,30.0
6.1,4.0,138.0,6.6,3.5,34.0,30.0
5.9,3.8,125.0,5.6,3.4,35.0,30.0
5.5,3.4,123.0,4.9,3.2,36.0,30.0
2.9,2.4,142.0,6.2,3.4,35.0,30.0
2.7,2.3,205.0,6.9,3.5,35.0,30.0
3.5,2.7,289.0,7.8,3.6,36.0,30.0
5.2,3.6,339.0,7.9,3.6,40.0,30.0
7.4,4.5,319.0,6.5,3.3,49.0,30.0
8.8,4.8,264.0,4.4,2.9,61.0,30.0
11.5,5.9,223.0,2.9,2.6,70.0,30.0
13.1,6.4,210.0,2.3,2.4,75.0,30.0
14.6,7.0,212.0,2.3,2.2,77.0,31.0
15.5,7.5,235.0,3.4,2.2,77.0,31.0
15.5,7.7,300.0,6.1,2.6,73.0,32.0
13.9,7.7,387.0,9.8,3.1,67.0,33.0
17.2,10.5,438.0,14.6,3.8,60.0,34.0
16.5,11.2,422.0,17.5,4.5,54.0,34.0
18.0,12.4,371.0,21.3,5.5,45.0,35.0
18.1,12.8,327.0,23.4,6.1,38.0,36.0
18.3,12.8,311.0,22.2,6.0,35.0,37.0
18.3,12.6,302.0,19.3,5.5,34.0,38.0
17.1,11.6,284.0,16.5,5.1,33.0,39.0
15.5,10.3,245.0,14.2,4.8,33.0,40.0
14.0,9.2,196.0,12.0,4.5,33.0,41.0
12.4,8.2,161.0,10.4,4.3,33.0,42.0
11.5,7.6,143.0,9.7,4.4,32.0,43.0
11.3,7.4,138.0,9.6,4.7,30.0,44.0
11.1,6.9,154.0,8.7,4.5,31.0,45.0
10.7,6.7,212.0,8.9,4.5,31.0,46.0
11.1,6.5,291.0,9.0,4.5,32.0,47.0
14.5,7.7,335.0,8.6,4.3,36.0,48.0
12.1,6.7,307.0,7.0,3.9,45.0,48.0
13.0,6.8,245.0,4.8,3.3,57.0,49.0
14.0,7.0,205.0,3.2,2.9,67.0,49.0
14.5,7.2,195.0,2.4,2.6,74.0,49.0
15.4,7.7,208.0,2.3,2.4,80.0,49.0
16.1,7.8,271.0,3.7,2.5,80.0,49.0
21.7,9.2,438.0,7.9,2.9,72.0,50.0
19.8,10.1,656.0,13.7,3.4,60.0,50.0
19.8,11.3,797.0,21.2,4.0,45.0,50.0
19.4,12.2,798.0,23.0,4.8,42.0,50.0
20.5,13.5,723.0,25.4,5.9,37.0,50.0
21.5,14.1,632.0,26.4,6.6,33.0,50.0
21.7,14.0,536.0,25.0,6.7,32.0,50.0
20.5,13.5,426.0,22.2,6.4,31.0,51.0
18.2,12.2,330.0,19.3,6.0,31.0,51.0
15.5,10.2,258.0,16.5,5.4,31.0,51.0
13.4,8.6,202.0,13.6,4.7,31.0,51.0
12.3,7.6,163.0,11.3,4.2,31.0,51.0
12.2,7.2,143.0,10.0,4.1,30.0,50.0
12.8,7.0,141.0,9.3,4.2,29.0,50.0
11.9,6.6,159.0,9.0,4.0,29.0,50.0
14.2,7.1,217.0,9.1,4.0,29.0,50.0
16.5,8.0,295.0,9.2,4.0,30.0,51.0
18.7,8.6,340.0,8.7,3.9,33.0,51.0
22.2,9.4,317.0,7.0,3.5,42.0,51.0
28.2,10.7,260.0,4.8,3.0,54.0,51.0
34.5,12.2,217.0,3.2,2.6,64.0,52.0
37.8,13.3,204.0,2.6,2.4,70.0,52.0
39.8,13.8,204.0,2.6,2.3,74.0,53.0
42.5,14.8,213.0,3.2,2.3,76.0,53.0
43.2,14.9,219.0,4.4,2.2,76.0,54.0
39.8,14.5,232.0,6.1,2.2,73.0,54.0
47.4,17.8,283.0,10.5,2.6,63.0,54.0
39.3,18.3,420.0,15.3,3.6,55.0,55.0
33.9,18.5,593.0,21.9,4.9,43.0,55.0
29.3,17.3,684.0,26.0,5.8,34.0,56.0
27.8,16.6,619.0,25.5,5.9,31.0,56.0
23.1,14.7,472.0,22.7,5.7,30.0,56.0
18.9,12.5,345.0,19.7,5.3,30.0,56.0
16.2,10.6,274.0,17.2,4.9,30.0,56.0
15.2,9.5,223.0,14.6,4.4,29.0,56.0
15.1,8.9,187.0,12.6,4.0,29.0,56.0
15.0,8.6,163.0,11.5,3.9,28.0,56.0
14.8,8.4,154.0,10.9,4.0,26.0,56.0
14.4,7.7,158.0,8.7,3.7,30.0,56.0
14.5,7.8,185.0,8.2,3.8,31.0,56.0
15.9,8.3,226.0,7.5,4.0,34.0,56.0
19.3,8.6,248.0,6.6,4.0,39.0,56.0
23.9,9.9,233.0,5.2,3.7,50.0,56.0
28.2,11.2,201.0,3.7,3.3,63.0,57.0
32.7,12.3,176.0,2.5,2.9,74.0,57.0
35.0,13.0,168.0,2.0,2.6,80.0,56.0
35.6,13.2,168.0,1.8,2.4,83.0,56.0
35.9,13.6,174.0,2.0,2.2,84.0,56.0
36.7,14.1,190.0,2.3,2.1,83.0,56.0
35.7,14.3,212.0,2.9,2.1,80.0,56.0
43.7,18.2,228.0,5.3,2.5,74.0,56.0
39.2,18.9,231.0,7.7,3.2,68.0,56.0
35.3,19.0,229.0,11.0,4.2,59.0,56.0
30.0,17.2,226.0,13.0,4.9,52.0,56.0
25.3,14.9,229.0,12.7,4.9,48.0,56.0
23.5,13.7,232.0,11.2,4.6,45.0,56.0
22.1,12.4,226.0,9.8,4.3,43.0,56.0
20.9,11.2,201.0,8.9,4.0,40.0,56.0
19.8,10.4,166.0,8.1,3.8,38.0,56.0
18.2,9.5,141.0,7.5,3.6,36.0,56.0
16.1,8.6,131.0,7.0,3.6,34.0,56.0
14.0,7.6,130.0,6.6,3.7,33.0,56.0
14.4,8.1,145.0,7.6,3.9,32.0,56.0
13.9,8.1,191.0,7.7,4.0,33.0,56.0
14.7,8.0,253.0,7.8,4.0,34.0,56.0
18.3,8.6,289.0,7.4,4.0,39.0,56.0
25.0,10.6,273.0,6.1,3.8,51.0,56.0
30.7,12.7,231.0,4.3,3.4,66.0,56.0
35.5,14.3,200.0,3.0,3.1,78.0,57.0
38.9,15.3,193.0,2.5,2.8,84.0,57.0
39.9,15.7,196.0,2.4,2.6,87.0,57.0
39.7,16.1,209.0,2.9,2.5,88.0,57.0
39.2,16.4,233.0,3.9,2.4,87.0,57.0
38.3,16.5,265.0,5.5,2.5,84.0,58.0
32.7,15.5,298.0,7.9,2.8,77.0,57.0
31.4,17.2,335.0,14.9,4.2,66.0,57.0
31.3,19.7,372.0,24.4,6.0,50.0,57.0
29.6,19.5,388.0,30.0,7.2,39.0,57.0
26.1,17.5,369.0,28.1,7.2,37.0,58.0
23.2,15.8,329.0,22.4,6.5,39.0,58.0
21.1,14.5,289.0,17.5,5.8,40.0,58.0
18.7,12.8,255.0,15.1,5.3,39.0,58.0
15.9,10.8,221.0,13.4,4.9,38.0,58.0
14.8,10.0,196.0,12.2,4.6,37.0,58.0
14.6,9.5,175.0,11.2,4.4,35.0,58.0
14.6,9.5,162.0,10.6,4.4,33.0,58.0
14.1,9.5,179.0,10.8,4.8,33.0,58.0
15.1,10.1,261.0,11.5,5.2,33.0,59.0
17.9,11.6,373.0,12.4,5.7,35.0,59.0
20.0,12.9,435.0,12.3,5.9,41.0,59.0
22.5,14.0,396.0,10.1,5.5,57.0,60.0
24.0,14.4,307.0,6.9,4.7,78.0,60.0
24.9,14.6,238.0,4.4,4.0,94.0,60.0
26.0,14.3,215.0,3.3,3.5,101.0,60.0
26.7,14.0,213.0,2.9,3.0,104.0,59.0
27.2,13.7,223.0,3.4,2.7,104.0,59.0
27.6,13.5,225.0,4.1,2.5,102.0,59.0
26.8,13.2,240.0,5.7,2.6,97.0,59.0
15.4,10.4,324.0,15.1,3.5,75.0,58.0
19.5,14.0,570.0,27.9,5.7,57.0,58.0
25.3,20.1,885.0,45.3,8.7,33.0,58.0
28.2,23.3,1047.0,56.2,10.7,17.0,58.0
27.4,22.9,913.0,54.7,10.8,15.0,59.0
25.9,21.7,625.0,46.6,9.9,21.0,59.0
23.9,19.8,389.0,38.3,8.8,27.0,60.0
21.5,17.5,283.0,31.3,7.7,30.0,60.0
19.6,15.7,229.0,24.1,6.5,33.0,61.0
19.0,14.8,198.0,18.5,5.6,35.0,61.0
18.9,14.5,180.0,15.7,5.3,35.0,61.0
19.5,14.5,184.0,14.7,5.3,34.0,62.0
19.3,14.0,208.0,13.8,5.6,37.0,62.0
21.0,15.1,269.0,13.3,5.6,39.0,62.0
23.8,15.9,348.0,12.4,5.5,41.0,63.0
26.0,16.0,390.0,11.1,5.3,48.0,63.0
25.2,15.8,357.0,8.7,4.8,62.0,63.0
22.4,14.7,286.0,5.8,4.1,80.0,63.0
19.5,13.2,232.0,3.7,3.5,94.0,63.0
17.0,11.4,214.0,2.8,3.0,99.0,63.0
15.4,10.1,212.0,2.7,2.6,99.0,63.0
14.8,9.6,221.0,3.3,2.3,98.0,62.0
14.0,9.2,236.0,4.2,2.2,96.0,62.0
13.1,8.8,261.0,5.9,2.2,92.0,62.0
3.7,3.2,310.0,8.9,2.5,86.0,61.0
5.8,5.5,416.0,17.4,4.0,73.0,60.0
10.6,10.1,545.0,28.9,6.0,56.0,60.0
12.5,11.7,607.0,35.6,7.3,44.0,59.0
12.8,11.4,542.0,32.8,7.2,44.0,58.0
13.9,11.7,410.0,25.2,6.4,49.0,57.0
15.7,12.6,301.0,18.9,5.7,52.0,56.0
16.8,12.9,248.0,16.1,5.3,51.0,56.0
16.8,12.5,218.0,14.5,4.9,48.0,56.0
17.8,12.8,201.0,13.6,4.7,45.0,56.0
19.4,13.4,194.0,13.3,4.8,42.0,56.0
21.4,14.1,201.0,13.7,5.1,38.0,55.0
25.1,15.5,224.0,12.8,5.5,40.0,56.0
28.2,17.1,281.0,12.7,5.9,41.0,56.0
34.5,19.0,353.0,12.4,6.4,44.0,56.0
38.9,20.6,389.0,11.4,6.5,49.0,56.0
41.6,20.7,351.0,9.1,5.8,60.0,57.0
44.7,20.8,276.0,6.1,4.7,75.0,57.0
50.8,21.8,221.0,4.0,3.8,86.0,58.0
54.8,22.8,207.0,3.3,3.3,90.0,59.0
54.2,23.0,213.0,3.5,2.9,91.0,60.0
49.4,22.0,235.0,4.3,2.7,90.0,61.0
44.0,20.5,279.0,5.6,2.5,87.0,62.0
39.1,19.0,339.0,7.6,2.5,81.0,62.0
42.3,20.8,387.0,9.4,2.6,81.0,64.0
35.7,20.8,420.0,14.9,3.8,71.0,65.0
32.0,20.8,443.0,22.2,5.5,58.0,66.0
27.8,18.9,439.0,26.6,6.6,48.0,66.0
23.9,16.5,392.0,25.3,6.7,45.0,67.0
21.5,14.8,319.0,21.0,6.1,44.0,67.0
19.2,13.1,256.0,17.0,5.6,44.0,67.0
15.6,10.4,215.0,14.1,5.1,42.0,67.0
13.0,8.5,184.0,11.4,4.5,41.0,67.0
11.0,7.2,163.0,9.4,4.2,39.0,66.0
9.5,6.1,145.0,8.3,4.3,37.0,66.0
8.6,5.5,137.0,7.9,4.6,36.0,65.0
9.1,5.8,160.0,8.7,5.2,34.0,64.0
7.9,5.5,251.0,9.8,5.1,34.0,63.0
8.6,6.1,373.0,11.3,4.9,33.0,62.0
8.8,6.2,440.0,12.5,4.8,33.0,61.0
8.7,6.4,396.0,13.0,4.8,33.0,60.0
8.9,6.3,297.0,13.0,4.8,34.0,59.0
8.2,6.3,224.0,13.0,4.8,35.0,58.0
8.1,6.1,201.0,12.5,4.7,38.0,56.0
7.0,5.4,204.0,11.9,4.5,42.0,55.0
7.3,6.2,241.0,12.3,4.3,44.0,54.0
7.6,6.0,344.0,14.8,4.1,42.0,53.0
9.6,6.8,481.0,18.5,3.9,39.0,52.0
7.7,5.7,565.0,16.2,3.0,47.0,50.0
8.9,7.3,546.0,19.6,3.7,41.0,48.0
10.2,8.5,472.0,24.2,4.7,32.0,45.0
10.7,8.8,405.0,26.8,5.4,26.0,43.0
10.5,8.4,366.0,25.6,5.4,25.0,41.0
10.3,8.1,334.0,22.4,5.1,27.0,40.0
9.3,7.4,298.0,18.9,4.8,29.0,38.0
7.7,6.1,251.0,15.5,4.4,31.0,37.0
6.5,5.1,201.0,11.9,4.0,35.0,36.0
6.4,4.6,165.0,9.0,3.7,37.0,36.0
7.8,5.1,148.0,7.2,3.5,39.0,36.0
8.6,5.5,145.0,6.0,3.4,40.0,36.0
10.9,6.5,162.0,6.2,3.5,40.0,36.0
10.9,6.8,219.0,7.3,3.6,39.0,36.0
12.4,7.8,296.0,8.7,3.8,37.0,36.0
12.4,8.0,340.0,9.1,3.8,39.0,37.0
14.1,8.3,316.0,7.6,3.5,48.0,37.0
15.2,8.2,259.0,5.2,3.0,61.0,38.0
16.2,8.2,216.0,3.5,2.6,70.0,38.0
17.9,8.5,200.0,2.9,2.3,72.0,39.0
20.5,9.0,198.0,3.0,2.1,71.0,40.0
25.6,10.5,218.0,4.5,2.1,67.0,41.0
28.5,12.8,276.0,8.4,2.5,61.0,42.0
24.6,13.9,356.0,13.8,3.2,53.0,44.0
22.6,13.5,416.0,18.7,4.0,47.0,46.0
22.6,15.1,441.0,23.3,4.6,40.0,47.0
23.2,16.2,446.0,29.4,5.5,31.0,49.0
23.5,15.5,441.0,32.7,6.1,25.0,50.0
24.7,15.1,428.0,30.7,6.1,24.0,51.0
20.7,13.6,405.0,25.9,5.8,26.0,51.0
17.8,12.2,368.0,21.3,5.4,28.0,52.0
13.2,9.4,305.0,17.9,4.9,29.0,52.0
11.3,8.1,228.0,14.7,4.4,29.0,52.0
9.8,7.0,174.0,12.3,4.0,29.0,52.0
8.9,6.2,159.0,11.0,4.0,29.0,52.0
8.4,5.8,166.0,10.4,4.2,28.0,52.0
7.5,5.3,188.0,9.1,4.1,30.0,52.0
7.9,5.5,235.0,8.9,4.2,31.0,52.0
9.3,6.2,296.0,8.6,4.4,32.0,52.0
11.1,6.7,327.0,7.9,4.3,36.0,52.0
12.1,7.0,298.0,6.3,3.9,43.0,52.0
13.8,7.4,238.0,4.2,3.3,53.0,52.0
16.2,8.0,193.0,2.7,2.8,61.0,52.0
18.0,8.5,173.0,1.9,2.5,67.0,52.0
20.5,9.2,168.0,1.7,2.4,71.0,52.0
22.1,9.9,195.0,2.3,2.4,73.0,52.0
23.1,10.1,281.0,4.1,2.5,70.0,52.0
24.9,11.2,400.0,6.7,2.7,65.0,51.0
27.4,13.9,486.0,12.8,3.5,55.0,51.0
24.0,13.0,517.0,14.4,4.2,51.0,51.0
22.9,13.7,515.0,16.6,5.1,45.0,51.0
23.4,14.6,488.0,17.5,5.7,40.0,51.0
21.9,13.9,424.0,16.0,5.5,39.0,51.0
20.8,13.2,335.0,13.3,5.0,39.0,51.0
15.3,10.4,259.0,10.9,4.5,39.0,51.0
10.5,7.6,210.0,9.2,4.1,38.0,51.0
7.4,5.6,174.0,7.7,3.7,37.0,50.0
6.0,4.5,151.0,6.7,3.5,36.0,50.0
5.4,4.0,137.0,6.2,3.5,35.0,50.0
5.0,3.7,136.0,6.0,3.7,33.0,49.0
5.6,3.7,160.0,5.6,3.6,33.0,49.0
4.8,3.5,235.0,6.5,3.8,32.0,48.0
5.4,4.3,335.0,7.8,4.1,32.0,48.0
6.0,4.3,390.0,8.1,4.2,35.0,48.0
9.0,5.2,355.0,6.7,3.9,45.0,47.0
10.2,5.7,275.0,4.4,3.3,58.0,47.0
9.9,5.6,216.0,2.8,2.8,67.0,46.0
9.1,5.1,194.0,2.3,2.4,69.0,45.0
9.9,5.2,192.0,2.6,2.0,67.0,44.0
12.3,6.0,225.0,4.1,2.0,64.0,44.0
15.0,7.8,320.0,7.7,2.5,61.0,43.0
14.8,8.4,448.0,12.5,3.3,56.0,42.0
18.3,10.0,541.0,15.0,3.3,47.0,41.0
16.1,10.3,572.0,17.9,4.1,41.0,41.0
15.5,11.0,567.0,21.8,5.2,33.0,40.0
13.7,10.2,535.0,23.7,5.8,27.0,39.0
11.1,8.6,467.0,21.6,5.6,26.0,38.0
8.9,6.9,373.0,17.5,5.0,28.0,36.0
7.2,5.7,291.0,13.9,4.4,30.0,35.0
5.6,4.5,233.0,11.8,4.1,30.0,35.0
4.7,3.8,186.0,10.2,3.9,30.0,34.0
4.6,3.6,158.0,9.1,3.8,30.0,34.0
5.0,3.7,148.0,8.4,4.0,30.0,34.0
5.6,4.0,155.0,8.2,4.4,29.0,34.0
5.7,4.2,184.0,7.9,4.5,30.0,34.0
6.4,4.7,256.0,8.7,4.6,29.0,34.0
7.5,5.7,350.0,9.6,4.8,29.0,35.0
10.3,6.7,402.0,9.8,4.7,31.0,35.0
15.0,7.9,370.0,8.4,4.3,37.0,36.0
16.8,8.8,296.0,6.1,3.6,46.0,37.0
17.2,9.0,244.0,4.4,3.1,55.0,37.0
17.5,9.0,239.0,3.5,2.8,63.0,38.0
17.0,8.8,255.0,3.1,2.7,71.0,39.0
16.8,8.7,280.0,3.5,2.6,75.0,40.0
17.2,8.8,316.0,5.0,2.6,73.0,40.0
17.4,8.9,361.0,7.3,2.6,67.0,40.0
17.8,9.6,394.0,9.8,2.9,64.0,40.0
16.8,10.7,405.0,13.7,3.8,56.0,40.0
16.5,11.7,403.0,19.1,5.0,45.0,40.0
15.3,11.4,395.0,22.4,5.8,36.0,41.0
13.9,10.5,384.0,22.0,5.9,32.0,41.0
13.2,10.0,367.0,19.6,5.6,30.0,42.0
11.6,8.9,337.0,17.2,5.3,29.0,43.0
10.1,7.7,279.0,15.4,5.1,28.0,43.0
9.4,7.0,208.0,13.5,5.0,28.0,44.0
8.8,6.5,160.0,12.0,4.9,28.0,45.0
8.3,6.2,150.0,10.9,5.0,27.0,45.0
7.5,5.6,163.0,10.1,5.3,26.0,46.0
6.4,4.7,196.0,8.2,5.0,28.0,46.0
6.1,4.6,269.0,9.3,5.1,27.0,46.0
6.4,5.2,361.0,10.8,5.3,25.0,46.0
5.8,4.9,411.0,11.2,5.2,26.0,45.0
5.4,4.5,375.0,9.6,4.7,32.0,44.0
5.4,4.1,296.0,6.9,3.9,41.0,43.0
5.6,4.0,238.0,4.8,3.3,49.0,42.0
5.9,4.0,216.0,3.5,2.8,55.0,41.0
6.1,4.1,215.0,2.8,2.4,60.0,40.0
6.8,4.2,250.0,4.0,2.3,61.0,39.0
8.1,5.2,355.0,8.7,2.6,55.0,38.0
7.5,5.1,497.0,15.3,3.2,44.0,37.0
8.7,5.9,584.0,11.8,2.9,51.0,36.0
10.0,7.2,568.0,14.9,3.7,45.0,35.0
11.8,9.0,498.0,19.1,4.7,37.0,35.0
11.7,8.9,433.0,21.6,5.4,31.0,34.0
11.4,8.5,396.0,21.0,5.5,28.0,34.0
11.3,8.2,365.0,18.7,5.3,27.0,33.0
11.3,7.8,329.0,16.3,5.0,26.0,33.0
11.1,7.2,277.0,13.9,4.7,26.0,33.0
11.1,6.7,220.0,11.4,4.3,27.0,33.0
11.3,6.6,182.0,9.5,4.1,28.0,33.0
12.0,6.7,170.0,8.7,4.2,27.0,33.0
12.6,6.8,176.0,8.5,4.5,27.0,33.0
10.3,5.6,200.0,7.4,4.4,28.0,34.0
9.2,5.4,260.0,7.6,4.5,28.0,34.0
8.7,5.5,338.0,7.8,4.5,29.0,34.0
7.5,4.9,378.0,7.5,4.4,32.0,34.0
6.8,4.6,342.0,6.2,4.0,41.0,34.0
7.0,4.5,267.0,4.4,3.3,52.0,34.0
7.8,4.6,213.0,3.0,2.8,62.0,34.0
8.7,4.8,198.0,2.4,2.4,68.0,34.0
10.8,5.4,203.0,2.3,2.1,72.0,35.0
13.3,6.4,227.0,2.7,2.0,73.0,35.0
14.4,6.9,285.0,3.9,2.0,72.0,35.0
14.3,7.2,363.0,5.6,2.1,68.0,36.0
19.2,10.0,412.0,7.4,2.5,65.0,37.0
17.2,10.7,409.0,11.1,3.4,58.0,38.0
17.4,11.9,378.0,16.0,4.5,49.0,38.0
17.9,12.4,345.0,19.0,5.3,42.0,39.0
17.4,12.2,319.0,18.3,5.3,38.0,40.0
15.7,11.3,291.0,15.7,4.8,36.0,41.0
13.2,9.7,260.0,13.2,4.4,34.0,41.0
9.3,6.9,221.0,11.4,4.1,33.0,41.0
8.4,5.8,179.0,9.7,3.9,32.0,41.0
9.3,5.7,153.0,8.4,3.7,31.0,41.0
10.6,5.9,148.0,7.7,3.8,30.0,41.0
11.4,6.1,158.0,7.3,3.9,30.0,40.0
6.0,3.5,186.0,6.0,3.9,31.0,40.0
5.8,3.8,251.0,7.0,4.0,30.0,40.0
6.3,4.6,333.0,8.4,4.2,28.0,39.0
5.6,4.2,376.0,8.8,4.2,32.0,39.0
10.4,5.4,342.0,7.3,3.8,45.0,39.0
19.0,8.4,269.0,4.9,3.2,63.0,40.0
28.9,12.1,215.0,3.2,2.7,77.0,42.0
33.2,14.1,197.0,2.6,2.3,82.0,44.0
36.3,15.4,199.0,2.7,2.0,82.0,46.0
43.0,17.4,224.0,3.6,1.8,80.0,49.0
51.7,20.7,294.0,5.6,1.9,77.0,51.0
58.7,23.2,388.0,8.4,2.1,71.0,52.0
38.4,19.3,447.0,18.5,3.4,55.0,53.0
37.3,19.8,439.0,19.7,4.0,49.0,53.0
30.7,18.0,397.0,21.3,4.8,41.0,54.0
25.5,16.0,361.0,22.1,5.3,35.0,54.0
20.3,13.4,351.0,21.5,5.4,31.0,54.0
16.8,11.8,347.0,20.1,5.3,29.0,54.0
12.8,9.5,327.0,18.2,5.1,28.0,54.0
9.2,7.0,272.0,15.7,4.8,27.0,54.0
7.4,5.7,202.0,12.7,4.4,27.0,54.0
6.9,5.0,155.0,10.5,4.1,27.0,54.0
7.5,5.0,147.0,9.6,4.2,26.0,54.0
8.5,5.4,162.0,9.5,4.4,24.0,54.0
9.8,6.1,193.0,8.5,4.6,25.0,54.0
10.6,6.4,255.0,8.2,4.5,26.0,55.0
11.9,7.2,333.0,7.6,4.2,29.0,55.0
12.9,7.7,374.0,6.8,3.9,34.0,55.0
14.3,8.2,341.0,5.4,3.4,45.0,55.0
15.0,8.3,271.0,3.8,2.7,59.0,55.0
15.3,8.0,218.0,2.6,2.2,70.0,55.0
14.3,7.5,196.0,2.0,2.0,76.0,54.0
12.9,6.9,192.0,2.0,1.9,79.0,54.0
13.0,6.9,217.0,2.7,1.9,79.0,53.0
11.0,6.0,297.0,4.6,2.0,74.0,52.0
10.2,6.2,408.0,7.2,2.2,66.0,50.0
15.8,9.1,484.0,11.6,2.7,58.0,49.0
16.3,11.3,498.0,16.9,3.6,49.0,47.0
16.9,12.5,479.0,24.0,4.8,37.0,46.0
16.6,12.4,445.0,27.8,5.6,28.0,45.0
16.8,12.0,399.0,25.3,5.5,27.0,44.0
15.1,10.7,339.0,19.6,4.9,30.0,44.0
13.0,9.1,281.0,14.5,4.3,33.0,44.0
10.5,7.3,227.0,11.6,3.9,34.0,44.0
7.9,5.7,175.0,9.4,3.5,34.0,44.0
6.4,4.6,138.0,7.6,3.2,34.0,44.0
5.6,4.0,120.0,6.3,3.0,35.0,44.0
6.4,4.1,117.0,5.4,2.8,36.0,44.0
5.5,3.7,129.0,5.7,3.0,35.0,43.0
5.2,3.5,171.0,5.8,3.1,35.0,42.0
5.6,3.9,230.0,5.8,3.1,35.0,42.0
5.3,3.7,262.0,5.5,3.1,38.0,41.0
6.3,4.2,241.0,4.5,2.9,45.0,40.0
8.7,5.3,194.0,3.2,2.6,55.0,39.0
10.5,6.1,164.0,2.2,2.4,62.0,39.0
13.9,7.2,166.0,1.7,2.2,66.0,39.0
13.9,7.2,185.0,1.6,1.9,67.0,39.0
15.5,7.7,221.0,2.2,1.9,67.0,39.0
17.6,8.9,296.0,3.8,2.2,66.0,39.0
16.5,9.3,387.0,6.0,2.6,64.0,40.0
19.3,10.0,435.0,6.8,2.5,62.0,40.0
19.4,11.5,398.0,8.3,3.1,58.0,40.0
20.2,12.7,316.0,10.3,4.0,53.0,40.0
20.1,12.7,249.0,11.5,4.5,48.0,41.0
15.4,10.5,220.0,11.0,4.5,45.0,40.0
11.3,8.1,206.0,9.6,4.1,43.0,40.0
7.6,5.8,190.0,8.3,3.8,41.0,39.0
5.3,4.1,165.0,7.2,3.5,40.0,38.0
4.2,3.2,138.0,6.1,3.1,40.0,38.0
4.2,2.8,119.0,5.3,2.9,40.0,37.0
4.0,2.6,108.0,4.7,2.9,39.0,37.0
3.6,2.3,105.0,4.4,3.0,39.0,36.0
3.0,2.0,121.0,4.4,3.0,39.0,36.0
2.9,2.1,176.0,5.4,3.1,38.0,36.0
3.2,2.7,250.0,6.7,3.3,36.0,35.0
3.8,3.0,295.0,7.4,3.4,37.0,35.0
5.7,3.8,280.0,6.8,3.3,42.0,35.0
10.4,5.3,235.0,5.6,3.1,48.0,35.0
11.4,6.1,203.0,4.6,2.9,55.0,35.0
12.2,6.4,197.0,3.8,2.6,61.0,35.0
14.1,6.8,204.0,3.1,2.3,67.0,35.0
17.8,8.1,226.0,3.2,2.2,70.0,35.0
21.1,9.4,274.0,4.7,2.3,69.0,35.0
23.5,10.2,338.0,7.1,2.6,65.0,35.0
27.9,14.1,382.0,17.1,3.8,50.0,36.0
24.7,14.2,393.0,17.0,4.3,48.0,37.0
25.8,14.8,385.0,16.9,4.9,46.0,37.0
23.6,14.1,370.0,16.2,5.3,44.0,38.0
18.6,11.8,349.0,14.8,5.2,42.0,38.0
12.7,8.8,321.0,12.8,4.8,40.0,38.0
8.2,6.2,288.0,11.0,4.4,38.0,38.0
5.3,4.3,244.0,9.3,4.1,37.0,38.0
4.3,3.4,196.0,7.7,3.7,37.0,38.0
4.4,3.0,162.0,6.4,3.5,37.0,38.0
4.5,2.8,149.0,5.6,3.4,37.0,38.0
4.8,2.8,150.0,5.2,3.4,37.0,38.0
3.5,2.3,167.0,4.8,3.1,38.0,39.0
3.5,2.4,214.0,5.9,3.3,37.0,39.0
3.8,3.1,276.0,7.4,3.6,36.0,39.0
4.6,3.4,310.0,8.0,3.7,37.0,39.0
6.0,3.8,288.0,6.9,3.4,44.0,39.0
7.9,4.4,238.0,4.8,3.0,53.0,39.0
11.1,5.5,200.0,3.3,2.6,61.0,38.0
13.8,6.4,187.0,2.6,2.4,66.0,38.0
11.6,5.8,186.0,2.5,2.2,70.0,38.0
11.5,5.8,197.0,3.1,2.1,71.0,38.0
11.8,5.9,230.0,5.0,2.2,68.0,37.0
12.8,6.4,275.0,7.6,2.4,63.0,36.0
14.8,7.5,304.0,7.6,2.4,61.0,34.0
13.4,7.7,302.0,9.6,2.9,56.0,33.0
12.6,8.0,285.0,12.4,3.6,48.0,31.0
12.3,7.9,266.0,14.1,4.1,42.0,30.0
11.5,7.3,252.0,14.0,4.2,38.0,29.0
9.8,6.4,238.0,12.8,4.1,36.0,28.0
7.7,5.3,219.0,11.4,4.0,35.0,28.0
8.3,4.9,190.0,9.8,3.8,35.0,28.0
4.7,3.3,158.0,7.8,3.5,36.0,28.0
3.2,2.5,136.0,6.4,3.3,37.0,28.0
2.3,2.0,127.0,5.6,3.3,37.0,28.0
2.1,1.8,128.0,5.3,3.5,37.0,28.0
6.4,2.9,148.0,4.5,3.1,38.0,28.0
7.4,3.4,207.0,5.7,3.3,37.0,28.0
5.6,3.7,284.0,7.2,3.5,36.0,28.0
5.3,3.5,328.0,7.9,3.5,37.0,28.0
5.9,3.4,304.0,6.8,3.2,43.0,28.0
6.1,3.5,246.0,4.7,2.7,53.0,28.0
8.4,3.9,204.0,3.2,2.3,60.0,28.0
11.9,5.1,195.0,2.6,2.1,64.0,27.0
14.1,5.6,201.0,2.6,2.0,67.0,27.0
18.0,6.9,222.0,3.0,2.0,68.0,28.0
19.5,7.8,269.0,4.0,2.0,67.0,28.0
17.7,7.7,330.0,5.6,2.0,64.0,28.0
24.5,10.6,367.0,6.3,2.1,59.0,29.0
17.1,9.5,357.0,8.5,2.6,54.0,29.0
14.0,8.5,322.0,11.4,3.3,46.0,29.0
12.8,7.9,289.0,13.3,3.8,40.0,29.0
12.0,7.2,270.0,13.3,3.9,37.0,29.0
10.8,6.5,253.0,12.2,3.8,36.0,29.0
10.9,6.2,231.0,10.8,3.7,36.0,30.0
11.0,5.8,197.0,9.1,3.5,37.0,30.0
10.2,5.3,159.0,7.2,3.2,39.0,30.0
8.8,4.5,132.0,5.6,3.0,40.0,31.0
5.8,3.1,120.0,4.6,2.9,41.0,31.0
5.2,2.6,118.0,4.1,2.9,41.0,31.0
4.4,2.5,135.0,4.2,3.0,41.0,31.0
4.2,2.4,187.0,5.8,3.2,38.0,31.0
4.6,3.4,257.0,8.0,3.5,35.0,31.0
4.6,3.3,298.0,9.0,3.6,35.0,31.0
4.6,3.3,282.0,7.8,3.3,40.0,31.0
5.8,3.5,238.0,5.5,2.9,49.0,31.0
8.0,4.1,206.0,3.7,2.5,56.0,31.0
10.9,5.1,199.0,3.1,2.3,60.0,31.0
17.3,7.3,204.0,3.1,2.2,63.0,31.0
17.8,7.8,219.0,3.6,2.2,64.0,31.0
15.4,6.9,254.0,4.7,2.2,61.0,31.0
10.1,5.6,299.0,6.4,2.3,56.0,31.0
13.4,7.6,327.0,8.4,2.6,58.0,30.0
11.5,7.0,322.0,9.6,3.0,53.0,29.0
10.8,7.2,299.0,11.3,3.4,45.0,29.0
10.2,6.8,274.0,12.3,3.8,39.0,29.0
8.2,5.5,250.0,12.3,4.0,35.0,29.0
7.9,5.2,223.0,11.6,4.0,33.0,28.0
5.1,3.9,197.0,10.6,3.9,31.0,28.0
5.4,3.4,170.0,9.0,3.6,31.0,27.0
5.5,3.1,144.0,7.0,3.3,32.0,27.0
4.4,2.6,127.0,5.4,3.0,33.0,26.0
3.1,2.0,118.0,4.5,2.9,33.0,26.0
2.6,1.7,119.0,4.1,2.8,32.0,26.0
4.0,2.2,135.0,3.7,2.7,32.0,26.0
4.3,2.4,185.0,4.7,2.9,30.0,26.0
5.6,3.5,250.0,6.0,3.2,29.0,26.0
6.4,4.0,289.0,6.6,3.3,30.0,26.0
7.4,4.1,273.0,5.7,3.2,38.0,26.0
9.5,4.5,230.0,4.1,2.9,49.0,26.0
11.5,5.4,199.0,2.8,2.6,58.0,27.0
12.1,5.8,189.0,2.2,2.4,65.0,27.0
13.8,6.4,192.0,2.0,2.2,70.0,27.0
13.5,6.5,213.0,2.5,2.1,71.0,26.0
13.3,6.5,273.0,4.1,2.1,66.0,26.0
10.7,5.6,352.0,6.3,2.2,58.0,28.0
15.3,9.0,402.0,13.0,3.0,48.0,28.0
14.2,9.2,395.0,14.2,3.5,43.0,28.0
12.8,9.0,358.0,15.7,4.1,36.0,27.0
11.0,8.1,322.0,16.4,4.5,31.0,28.0
9.4,6.9,300.0,15.5,4.5,28.0,28.0
7.7,5.9,280.0,13.7,4.3,27.0,28.0
5.6,4.6,254.0,11.8,4.1,27.0,28.0
3.8,3.3,213.0,10.0,3.9,28.0,28.0
2.9,2.6,167.0,8.1,3.6,29.0,28.0
2.7,2.2,135.0,6.6,3.4,30.0,28.0
3.0,2.2,120.0,5.7,3.3,31.0,28.0
3.2,2.1,119.0,5.2,3.4,31.0,28.0
3.0,2.3,143.0,5.8,3.5,31.0,28.0
2.8,2.3,219.0,6.6,3.6,30.0,28.0
3.2,2.7,319.0,7.7,3.7,30.0,28.0
4.8,3.5,375.0,8.0,3.7,32.0,28.0
4.6,3.2,341.0,6.7,3.4,39.0,28.0
4.9,3.0,262.0,4.6,2.9,50.0,27.0
5.5,3.1,204.0,3.0,2.5,59.0,27.0
9.6,4.4,187.0,2.2,2.3,66.0,27.0
14.3,6.2,191.0,1.8,2.1,72.0,26.0
19.3,7.9,225.0,2.6,2.1,75.0,27.0
20.0,8.0,319.0,5.2,2.3,73.0,27.0
17.5,8.7,443.0,8.9,2.6,67.0,29.0
11.5,6.5,521.0,8.9,2.4,48.0,30.0
8.5,6.0,511.0,12.2,3.0,42.0,29.0
7.5,5.9,454.0,16.7,3.7,34.0,28.0
6.0,5.2,394.0,19.2,4.2,28.0,25.0
5.1,4.3,344.0,18.0,4.2,27.0,25.0
5.7,4.3,292.0,14.9,3.8,29.0,24.0
5.4,3.9,245.0,11.9,3.5,31.0,24.0
4.0,2.9,203.0,9.6,3.2,33.0,24.0
2.7,2.1,166.0,7.5,2.9,35.0,24.0
2.8,2.0,140.0,5.8,2.7,36.0,24.0
4.9,2.6,127.0,4.8,2.6,37.0,24.0
5.6,2.9,126.0,4.4,2.6,37.0,24.0
2.5,1.8,140.0,4.7,2.9,37.0,24.0
2.3,1.8,185.0,5.0,3.0,38.0,24.0
2.7,2.3,246.0,5.4,3.0,40.0,24.0
2.5,2.2,279.0,5.3,3.0,43.0,23.0
2.3,2.0,257.0,4.3,2.7,49.0,23.0
2.6,2.0,208.0,2.9,2.4,57.0,23.0
4.5,2.5,171.0,1.9,2.1,63.0,23.0
9.3,4.2,159.0,1.6,1.9,66.0,23.0
13.6,5.8,160.0,1.7,1.9,66.0,24.0
16.5,6.9,170.0,2.4,1.9,65.0,26.0
19.9,8.2,194.0,4.2,2.1,62.0,27.0
19.4,8.4,229.0,6.7,2.4,57.0,28.0
17.7,9.5,258.0,10.2,3.0,49.0,28.0
19.8,10.6,280.0,10.6,3.3,46.0,27.0
15.7,9.1,296.0,11.2,3.8,43.0,26.0
13.5,8.1,301.0,11.3,4.1,40.0,26.0
15.4,8.5,289.0,10.8,4.1,38.0,27.0
14.5,8.1,264.0,9.8,4.0,37.0,27.0
13.2,7.4,237.0,8.8,3.8,36.0,28.0
11.4,6.2,206.0,7.8,3.6,36.0,29.0
10.7,5.5,172.0,6.6,3.3,36.0,30.0
10.3,5.1,148.0,5.8,3.1,37.0,30.0
10.9,5.2,133.0,5.2,3.1,37.0,31.0
11.4,5.3,129.0,4.9,3.1,38.0,32.0
8.3,4.1,149.0,5.5,3.4,37.0,32.0
8.3,4.3,221.0,6.9,3.7,36.0,33.0
11.1,5.8,318.0,8.7,4.1,34.0,34.0
14.1,6.6,372.0,9.5,4.3,36.0,35.0
17.9,7.7,339.0,8.0,4.0,44.0,36.0
28.1,10.7,264.0,5.5,3.4,55.0,38.0
22.8,9.1,215.0,3.9,3.0,63.0,39.0
27.8,10.7,216.0,3.9,3.0,66.0,41.0
25.3,10.3,243.0,4.9,3.2,65.0,42.0
21.1,10.0,289.0,6.8,3.5,63.0,43.0
17.2,9.3,370.0,10.1,3.7,58.0,43.0
13.6,8.5,470.0,14.3,4.0,52.0,43.0
25.6,12.2,529.0,10.3,3.6,59.0,44.0
25.6,15.1,515.0,14.6,4.3,52.0,45.0
25.2,15.8,460.0,20.4,5.3,43.0,46.0
21.6,13.6,408.0,23.9,5.9,36.0,47.0
19.5,12.2,375.0,23.1,5.9,34.0,48.0
13.6,9.4,345.0,20.1,5.4,34.0,49.0
10.6,7.9,310.0,16.9,5.0,35.0,49.0
7.4,5.7,260.0,14.0,4.6,36.0,49.0
5.7,4.4,204.0,11.0,4.1,38.0,48.0
5.1,3.7,166.0,8.6,3.7,39.0,48.0
5.0,3.4,152.0,7.2,3.5,40.0,48.0
5.2,3.3,155.0,6.4,3.5,40.0,47.0
4.1,2.9,176.0,6.9,4.0,39.0,47.0
3.8,3.0,235.0,7.9,4.1,39.0,47.0
4.5,3.7,312.0,9.2,4.3,39.0,46.0
5.0,4.0,354.0,9.8,4.3,40.0,46.0
5.3,3.8,325.0,9.0,4.0,43.0,45.0
8.6,4.2,262.0,7.4,3.7,48.0,43.0
10.4,5.5,216.0,6.1,3.3,53.0,42.0
11.3,6.3,205.0,4.9,3.0,59.0,41.0
11.5,6.4,213.0,4.1,2.7,65.0,40.0
11.1,5.9,241.0,5.1,2.7,67.0,39.0
10.2,6.2,308.0,9.6,3.0,61.0,39.0
10.2,7.4,395.0,15.9,3.6,51.0,38.0
9.6,8.1,455.0,18.6,3.7,52.0,37.0
11.0,9.5,463.0,21.3,4.1,46.0,36.0
12.3,10.0,442.0,24.9,4.7,39.0,35.0
12.4,9.8,415.0,26.7,5.2,33.0,34.0
11.3,8.6,389.0,25.1,5.4,32.0,33.0
11.0,8.5,356.0,21.6,5.5,33.0,33.0
10.9,8.0,317.0,18.1,5.3,34.0,33.0
9.4,6.6,265.0,14.9,4.8,36.0,33.0
7.9,5.4,206.0,11.6,4.0,38.0,33.0
5.9,4.0,165.0,9.1,3.5,39.0,33.0
5.2,3.4,145.0,7.8,3.5,39.0,33.0
5.0,3.2,143.0,7.3,3.8,39.0,33.0
4.4,3.3,170.0,7.4,3.9,38.0,34.0
5.2,3.6,259.0,9.5,4.2,35.0,34.0
8.3,4.6,376.0,12.3,4.7,32.0,34.0
9.7,6.4,440.0,13.3,4.8,33.0,34.0
10.6,6.5,392.0,10.9,4.3,41.0,35.0
14.2,7.3,289.0,6.7,3.4,54.0,36.0
18.6,8.6,220.0,3.8,2.8,63.0,36.0
19.3,8.6,226.0,3.1,2.7,66.0,37.0
20.5,9.6,266.0,3.6,2.8,66.0,38.0
21.7,10.4,309.0,5.3,3.0,64.0,39.0
20.8,11.2,350.0,8.7,3.1,60.0,40.0
21.5,11.7,394.0,13.2,3.3,55.0,41.0
16.5,10.0,422.0,12.4,3.3,50.0,41.0
16.4,10.6,427.0,15.7,4.0,44.0,42.0
16.1,11.1,416.0,20.1,5.0,35.0,42.0
15.0,10.4,399.0,22.8,5.6,29.0,42.0
14.2,9.7,378.0,22.4,5.5,27.0,42.0
13.0,9.1,350.0,20.3,5.0,28.0,42.0
10.9,7.8,315.0,17.9,4.6,29.0,42.0
8.8,6.1,264.0,15.3,4.3,30.0,42.0
6.7,4.9,206.0,12.4,4.1,32.0,42.0
5.0,3.9,165.0,10.1,3.9,33.0,42.0
4.0,3.1,149.0,8.6,3.9,33.0,42.0
4.2,3.0,150.0,7.7,4.0,32.0,42.0
6.1,3.8,171.0,6.9,4.0,34.0,42.0
6.5,4.0,230.0,7.9,4.2,33.0,42.0
8.1,5.5,308.0,9.2,4.5,32.0,42.0
8.5,5.4,354.0,9.6,4.6,34.0,42.0
9.7,5.6,334.0,8.1,4.2,42.0,42.0
14.0,6.9,280.0,5.6,3.5,54.0,42.0
16.3,7.9,241.0,4.0,3.0,63.0,42.0
19.0,8.5,229.0,3.7,3.0,68.0,42.0
20.5,10.2,231.0,4.1,3.1,70.0,42.0
22.1,11.0,254.0,5.7,3.3,70.0,42.0
24.1,12.0,318.0,9.1,3.4,66.0,42.0
25.8,12.1,403.0,13.6,3.4,60.0,42.0
30.6,14.9,451.0,13.5,3.5,56.0,43.0
27.1,15.5,428.0,15.8,4.2,51.0,45.0
30.4,17.1,369.0,18.8,5.0,44.0,46.0
22.5,14.1,319.0,20.4,5.6,39.0,47.0
18.4,11.8,299.0,19.4,5.5,36.0,47.0
14.5,9.9,288.0,16.9,5.1,35.0,47.0
10.8,7.9,269.0,14.3,4.7,35.0,47.0
7.3,5.6,229.0,11.9,4.2,36.0,47.0
5.2,4.0,180.0,9.4,3.8,37.0,47.0
4.2,3.2,147.0,7.4,3.4,38.0,47.0
4.1,3.0,131.0,6.2,3.3,39.0,47.0
3.9,2.7,131.0,5.5,3.3,39.0,47.0
4.4,2.7,158.0,5.6,3.4,38.0,47.0
5.0,3.1,244.0,7.1,3.6,37.0,46.0
7.0,4.6,359.0,9.1,3.9,35.0,46.0
8.2,5.2,422.0,9.9,3.9,36.0,46.0
7.9,5.1,381.0,8.1,3.5,42.0,46.0
6.7,4.3,288.0,5.2,2.8,51.0,45.0
6.7,3.8,221.0,3.9,2.4,57.0,45.0
8.1,4.3,200.0,5.5,2.6,56.0,44.0
10.0,5.9,205.0,8.7,3.0,52.0,43.0
10.6,6.8,250.0,12.1,3.5,47.0,42.0
12.5,8.1,376.0,15.9,3.9,42.0,41.0
13.9,8.8,543.0,19.9,4.3,36.0,40.0
8.2,5.8,645.0,12.6,3.1,45.0,38.0
13.2,8.7,627.0,16.8,3.8,38.0,36.0
12.9,9.3,544.0,22.4,4.9,29.0,34.0
11.3,8.7,461.0,25.5,5.5,23.0,33.0
8.5,7.2,395.0,24.1,5.4,22.0,32.0
6.4,5.8,328.0,20.2,5.0,24.0,31.0
5.0,4.7,268.0,16.4,4.5,26.0,30.0
4.0,3.7,216.0,13.4,4.1,28.0,30.0
3.1,2.9,171.0,10.6,3.6,30.0,30.0
2.8,2.4,142.0,8.4,3.3,31.0,30.0
3.0,2.3,127.0,7.0,3.2,32.0,29.0
3.0,2.2,127.0,6.1,3.2,32.0,29.0
1.9,1.8,154.0,6.1,3.2,33.0,29.0
2.3,1.9,235.0,7.5,3.4,31.0,29.0
3.8,3.2,343.0,9.4,3.6,29.0,28.0
5.5,4.3,402.0,10.1,3.7,31.0,28.0
6.6,4.5,358.0,8.3,3.5,41.0,28.0
8.3,5.0,265.0,5.3,3.1,54.0,28.0
9.4,5.4,210.0,3.4,2.8,63.0,29.0
14.1,6.9,233.0,3.5,2.6,64.0,29.0
10.5,5.5,295.0,4.8,2.6,61.0,29.0
11.3,6.5,362.0,7.0,2.6,58.0,29.0
13.3,7.9,439.0,10.6,2.7,55.0,29.0
15.2,8.9,522.0,15.1,3.0,52.0,29.0
22.1,12.5,562.0,18.5,3.2,42.0,31.0
19.4,12.9,528.0,22.0,4.0,37.0,32.0
17.8,12.9,452.0,26.6,5.1,29.0,32.0
15.3,11.7,381.0,28.7,5.7,24.0,33.0
11.9,9.7,332.0,26.1,5.6,24.0,34.0
9.0,7.7,289.0,21.0,5.0,26.0,34.0
6.9,6.0,248.0,16.3,4.4,28.0,34.0
5.0,4.3,205.0,12.9,3.9,30.0,35.0
3.8,3.3,164.0,9.8,3.4,32.0,35.0
3.2,2.7,138.0,7.5,3.0,33.0,35.0
3.2,2.5,133.0,6.2,2.9,34.0,35.0
3.4,2.4,144.0,5.7,2.8,34.0,35.0
2.8,2.2,161.0,6.0,3.0,34.0,35.0
2.8,2.2,191.0,5.9,3.0,35.0,35.0
3.2,2.4,228.0,5.7,2.9,37.0,35.0
4.3,2.8,247.0,5.2,2.8,40.0,34.0
4.8,3.4,232.0,4.2,2.7,47.0,34.0
7.0,3.8,198.0,2.9,2.5,55.0,34.0
7.1,3.8,172.0,2.1,2.4,61.0,34.0
9.1,4.6,158.0,1.9,2.3,63.0,33.0
10.7,5.2,151.0,2.2,2.1,63.0,33.0
15.7,7.4,162.0,3.0,2.2,62.0,33.0
13.6,6.8,204.0,4.7,2.5,62.0,33.0
12.5,7.2,264.0,6.9,3.0,62.0,33.0
22.1,12.1,311.0,9.9,3.5,55.0,32.0
21.9,14.1,337.0,13.1,4.4,49.0,33.0
20.8,14.2,351.0,17.4,5.5,42.0,33.0
18.4,13.1,348.0,19.9,6.3,36.0,33.0
15.1,11.2,320.0,18.9,6.3,35.0,34.0
12.9,10.1,275.0,16.2,5.9,36.0,34.0
11.0,8.8,233.0,13.5,5.4,36.0,35.0
8.9,7.1,198.0,11.5,4.8,35.0,36.0
7.6,6.0,166.0,9.6,4.2,34.0,36.0
6.7,5.1,144.0,8.1,3.7,33.0,37.0
6.2,4.5,130.0,7.0,3.4,32.0,37.0
5.8,4.0,126.0,6.2,3.3,31.0,38.0
5.6,3.9,144.0,6.0,3.4,32.0,38.0
5.6,4.1,209.0,7.2,3.7,31.0,38.0
5.8,4.1,296.0,8.8,4.0,29.0,39.0
6.6,4.9,347.0,9.3,4.1,31.0,39.0
7.1,4.9,324.0,7.8,3.8,40.0,40.0
9.0,5.4,265.0,5.2,3.3,52.0,40.0
11.3,6.3,222.0,3.2,2.9,63.0,41.0
13.0,7.0,206.0,2.2,2.6,71.0,41.0
14.2,7.5,205.0,1.8,2.3,77.0,42.0
14.6,7.4,238.0,2.8,2.3,79.0,42.0
15.4,7.6,334.0,5.9,2.5,73.0,42.0
14.8,8.4,464.0,10.4,3.0,63.0,42.0
14.3,9.8,558.0,17.4,3.4,50.0,42.0
13.8,10.3,589.0,22.4,4.4,42.0,41.0
16.1,12.9,585.0,29.1,5.7,31.0,40.0
16.4,13.3,558.0,32.8,6.6,23.0,40.0
15.2,12.2,503.0,30.8,6.6,22.0,41.0
14.0,11.2,425.0,25.8,6.0,24.0,41.0
12.5,10.0,351.0,21.1,5.5,26.0,41.0
10.7,8.4,286.0,17.8,5.0,26.0,41.0
9.2,7.2,224.0,14.8,4.5,26.0,42.0
8.0,6.2,182.0,12.4,4.1,26.0,42.0
7.5,5.6,161.0,10.8,4.1,26.0,42.0
7.6,5.4,159.0,9.9,4.2,26.0,43.0
7.4,5.3,182.0,10.7,4.6,24.0,43.0
7.4,5.5,253.0,10.8,4.7,25.0,43.0
8.2,6.3,349.0,10.7,4.8,26.0,44.0
7.5,5.5,403.0,10.1,4.7,30.0,44.0
8.2,5.6,374.0,8.3,4.3,39.0,44.0
9.5,5.9,303.0,5.8,3.8,51.0,44.0
12.0,6.9,251.0,3.9,3.3,62.0,44.0
13.4,7.4,227.0,2.8,2.9,71.0,44.0
14.2,7.8,222.0,2.4,2.6,80.0,44.0
14.7,8.1,263.0,2.9,2.5,84.0,45.0
15.0,8.2,399.0,4.8,2.6,82.0,45.0
13.6,8.5,581.0,7.7,3.0,77.0,45.0
20.8,12.6,690.0,18.1,3.5,57.0,45.0
21.1,14.5,663.0,21.9,4.5,50.0,46.0
21.9,15.7,563.0,27.0,5.8,41.0,47.0
22.6,16.0,465.0,29.4,6.6,35.0,48.0
20.4,14.5,392.0,26.6,6.5,34.0,48.0
17.1,12.5,321.0,21.0,5.9,35.0,49.0
13.6,10.2,261.0,16.2,5.3,36.0,49.0
10.5,8.0,213.0,13.3,4.8,35.0,48.0
8.6,6.4,174.0,11.2,4.3,34.0,48.0
7.9,5.6,150.0,9.6,4.0,33.0,48.0
8.0,5.4,138.0,8.6,4.0,32.0,48.0
8.4,5.4,140.0,8.3,4.2,31.0,48.0
7.4,4.7,162.0,7.5,4.1,32.0,48.0
7.7,4.9,225.0,8.1,4.2,32.0,48.0
8.6,5.2,308.0,8.9,4.3,32.0,48.0
9.6,5.8,357.0,8.9,4.3,35.0,48.0
10.8,6.2,337.0,7.4,3.9,43.0,48.0
11.9,6.5,282.0,5.3,3.4,54.0,48.0
13.6,7.1,241.0,3.6,3.0,64.0,48.0
13.2,7.0,229.0,2.8,2.7,72.0,48.0
11.6,6.4,232.0,2.6,2.6,79.0,48.0
9.5,5.7,255.0,3.2,2.5,83.0,47.0
8.4,5.2,316.0,5.0,2.5,82.0,46.0
8.1,5.1,398.0,7.6,2.5,77.0,46.0
16.8,10.7,457.0,19.3,3.6,53.0,45.0
16.8,12.2,478.0,21.7,4.4,48.0,45.0
17.2,12.8,476.0,25.0,5.6,42.0,44.0
17.5,12.9,456.0,26.5,6.3,37.0,43.0
16.3,12.0,411.0,24.8,6.3,35.0,43.0
15.7,11.5,348.0,21.3,5.8,34.0,42.0
13.9,10.1,288.0,18.0,5.3,34.0,42.0
12.4,8.8,236.0,15.3,4.8,34.0,43.0
11.1,7.7,187.0,12.7,4.4,33.0,43.0
10.1,6.8,154.0,10.6,4.0,33.0,43.0
9.0,6.0,138.0,8.9,3.8,33.0,43.0
7.7,5.2,138.0,7.7,3.8,32.0,43.0
5.0,3.8,162.0,8.1,4.1,32.0,43.0
4.5,3.6,234.0,8.3,4.0,32.0,43.0
4.3,3.5,329.0,8.4,4.0,33.0,42.0
4.2,3.5,382.0,8.0,3.8,36.0,42.0
4.7,3.6,351.0,6.5,3.5,45.0,41.0
4.7,3.6,277.0,4.4,3.2,58.0,40.0
5.2,3.8,222.0,3.0,2.9,67.0,40.0
5.2,3.7,202.0,2.5,2.5,70.0,39.0
6.1,4.0,200.0,2.6,2.1,69.0,38.0
13.8,7.6,228.0,3.8,2.0,67.0,39.0
11.2,6.6,307.0,6.6,2.3,63.0,39.0
13.0,8.1,416.0,10.5,3.0,58.0,40.0
16.9,10.9,500.0,15.5,3.2,50.0,40.0
17.5,13.2,545.0,19.8,4.1,44.0,40.0
17.0,13.1,565.0,25.6,5.4,37.0,40.0
16.7,13.0,551.0,29.0,6.3,31.0,40.0
16.2,12.5,483.0,28.0,6.4,29.0,40.0
16.0,12.1,381.0,24.6,6.1,29.0,40.0
15.5,11.2,292.0,21.0,5.7,30.0,41.0
14.3,9.7,230.0,17.5,5.1,31.0,41.0
12.9,8.5,182.0,13.7,4.5,32.0,41.0
11.1,7.3,151.0,10.9,4.0,33.0,41.0
9.5,6.4,139.0,9.5,4.0,33.0,41.0
8.1,5.6,144.0,8.9,4.1,32.0,41.0
6.0,4.4,171.0,8.4,4.1,32.0,42.0
5.9,4.3,240.0,9.0,4.1,31.0,42.0
5.9,4.3,330.0,9.7,4.0,30.0,42.0
6.7,4.8,379.0,9.5,3.9,33.0,42.0
6.2,4.6,347.0,7.6,3.6,42.0,42.0
6.2,4.3,274.0,4.9,3.1,55.0,43.0
5.6,3.8,220.0,3.0,2.7,65.0,43.0
5.7,3.9,200.0,2.2,2.4,71.0,43.0
5.4,3.7,198.0,2.1,2.1,73.0,43.0
7.7,4.6,225.0,3.5,2.1,73.0,42.0
9.1,5.1,309.0,7.3,2.4,68.0,42.0
9.7,5.9,422.0,12.5,2.9,60.0,41.0
10.9,7.8,494.0,16.2,3.0,53.0,40.0
12.7,10.1,490.0,18.5,3.8,49.0,40.0
13.3,10.8,446.0,21.5,4.8,44.0,39.0
12.0,9.6,396.0,23.2,5.5,39.0,38.0
11.7,9.4,349.0,22.6,5.6,36.0,38.0
11.4,9.3,297.0,20.7,5.4,33.0,37.0
10.2,8.3,250.0,18.3,5.1,32.0,36.0
8.3,6.6,209.0,15.1,4.6,33.0,36.0
7.0,5.1,173.0,11.3,3.9,35.0,35.0
6.3,4.3,148.0,8.5,3.5,36.0,34.0
6.1,3.9,135.0,7.2,3.4,36.0,33.0
6.5,3.9,134.0,6.9,3.6,36.0,33.0
7.7,4.5,151.0,7.6,3.8,35.0,33.0
8.3,4.9,204.0,8.2,3.9,35.0,33.0
9.7,5.8,275.0,8.9,4.0,36.0,34.0
10.1,5.7,317.0,9.0,4.0,38.0,34.0
11.0,6.3,300.0,7.7,3.7,44.0,34.0
13.7,7.1,253.0,5.7,3.1,51.0,35.0
16.6,8.1,217.0,4.2,2.7,58.0,36.0
19.7,9.3,203.0,3.4,2.4,64.0,37.0
14.5,7.4,199.0,3.1,2.2,70.0,38.0
11.5,6.3,208.0,3.4,2.1,73.0,38.0
10.2,5.7,238.0,4.6,2.0,72.0,38.0
10.0,5.7,281.0,6.4,2.1,67.0,38.0
12.5,7.2,317.0,8.8,2.3,62.0,38.0
14.6,9.8,342.0,12.8,3.2,56.0,38.0
15.8,11.3,360.0,18.2,4.3,48.0,38.0
15.1,11.0,362.0,21.5,5.1,41.0,39.0
13.8,10.2,340.0,20.7,5.2,38.0,39.0
13.1,9.7,303.0,17.7,4.9,37.0,39.0
11.5,8.5,264.0,14.8,4.5,37.0,39.0
9.7,7.1,224.0,12.5,4.1,37.0,39.0
8.3,6.0,182.0,10.2,3.6,37.0,39.0
7.5,5.2,155.0,8.4,3.3,37.0,39.0
7.0,4.7,151.0,7.4,3.2,37.0,40.0
6.8,4.4,160.0,7.0,3.3,36.0,40.0
5.6,3.9,174.0,7.2,3.5,36.0,40.0
5.4,3.8,194.0,7.0,3.7,37.0,39.0
6.2,4.2,218.0,6.8,3.9,38.0,39.0
7.1,4.5,229.0,6.2,3.9,41.0,39.0
8.5,4.9,214.0,5.0,3.7,48.0,38.0
10.0,5.4,186.0,3.6,3.3,57.0,38.0
11.0,5.9,166.0,2.5,2.9,65.0,38.0
10.7,5.6,161.0,2.0,2.5,70.0,37.0
9.9,5.3,163.0,1.8,2.2,72.0,36.0
9.0,5.0,171.0,2.2,2.0,73.0,36.0
8.8,5.0,187.0,3.2,2.1,71.0,36.0
10.8,6.3,208.0,4.7,2.3,66.0,36.0
17.8,9.5,224.0,7.6,2.6,60.0,36.0
19.8,11.9,230.0,11.1,3.6,54.0,37.0
21.8,14.2,231.0,15.8,5.0,45.0,38.0
21.8,14.8,229.0,18.5,5.9,39.0,38.0
20.3,13.9,226.0,17.3,5.9,38.0,39.0
18.6,12.8,219.0,14.2,5.3,40.0,40.0
16.2,11.1,208.0,11.4,4.8,41.0,41.0
13.6,9.1,185.0,9.8,4.4,41.0,41.0
11.8,7.8,157.0,8.5,4.0,40.0,41.0
10.3,6.8,140.0,7.5,3.8,39.0,42.0
8.9,5.9,137.0,6.8,3.8,38.0,42.0
7.7,5.2,145.0,6.4,3.8,37.0,42.0
8.7,5.4,166.0,6.2,3.9,38.0,43.0
7.5,4.9,218.0,7.5,4.2,37.0,43.0
8.1,5.0,283.0,9.1,4.7,35.0,43.0
10.0,6.2,318.0,9.7,4.8,37.0,43.0
12.6,6.8,292.0,8.2,4.3,45.0,44.0
18.1,8.3,236.0,5.6,3.6,56.0,45.0
21.2,9.4,195.0,3.7,3.0,65.0,45.0
21.7,9.7,186.0,2.9,2.7,71.0,46.0
19.6,9.2,192.0,2.9,2.6,76.0,47.0
17.3,8.7,208.0,3.9,2.6,77.0,48.0
17.1,8.8,234.0,6.6,2.6,74.0,49.0
16.8,8.7,270.0,10.3,2.7,68.0,50.0
18.3,10.3,304.0,14.0,3.2,59.0,50.0
18.2,11.5,341.0,17.4,4.2,53.0,50.0
18.6,12.7,378.0,21.8,5.5,44.0,49.0
18.7,13.3,392.0,24.3,6.3,37.0,49.0
16.9,12.3,370.0,22.9,6.2,35.0,49.0
14.5,10.9,327.0,19.4,5.6,36.0,48.0
12.0,9.1,283.0,16.2,5.1,36.0,48.0
10.2,7.5,242.0,14.1,4.8,36.0,47.0
9.9,6.9,200.0,12.2,4.5,36.0,47.0
10.5,6.8,171.0,10.9,4.3,35.0,47.0
11.8,7.1,157.0,10.3,4.4,33.0,47.0
13.2,7.6,154.0,10.2,4.5,32.0,48.0
14.1,7.6,169.0,8.9,4.2,33.0,48.0
14.1,7.8,217.0,9.1,4.2,33.0,49.0
14.2,8.3,283.0,9.2,4.1,34.0,50.0
12.2,7.1,320.0,8.8,4.0,37.0,50.0
12.0,7.3,300.0,7.2,3.8,45.0,50.0
12.7,6.9,251.0,5.0,3.4,56.0,50.0
13.1,7.2,216.0,3.4,3.1,65.0,49.0
14.8,8.0,204.0,2.5,2.7,72.0,49.0
15.9,8.4,205.0,2.3,2.3,77.0,49.0
16.9,8.6,229.0,3.1,2.2,78.0,49.0
19.9,9.5,294.0,5.5,2.5,74.0,49.0
18.3,9.7,383.0,9.0,3.0,65.0,49.0
22.5,13.4,452.0,19.1,3.5,50.0,50.0
22.8,15.7,489.0,22.4,4.5,45.0,50.0
21.4,15.4,508.0,26.8,5.8,38.0,51.0
19.9,14.6,500.0,29.1,6.7,33.0,51.0
18.0,13.5,455.0,27.7,6.8,32.0,51.0
16.3,12.5,384.0,24.3,6.4,32.0,51.0
14.6,11.1,318.0,20.8,5.9,32.0,51.0
12.2,9.2,263.0,17.4,5.4,31.0,51.0
10.3,7.7,213.0,13.9,4.7,31.0,51.0
8.8,6.6,178.0,11.2,4.3,30.0,51.0
7.5,5.7,160.0,9.9,4.3,29.0,51.0
6.8,5.2,157.0,9.4,4.4,27.0,51.0
6.1,4.5,175.0,8.5,4.3,27.0,51.0
6.7,4.8,237.0,8.6,4.3,27.0,50.0
8.5,5.8,320.0,8.7,4.2,28.0,50.0
9.4,5.9,365.0,8.3,4.1,32.0,50.0
10.0,5.8,335.0,6.9,3.8,41.0,50.0
9.6,5.7,268.0,5.0,3.4,53.0,50.0
9.4,5.4,217.0,3.6,3.0,62.0,49.0
10.6,5.7,191.0,2.5,2.7,68.0,49.0
13.3,6.5,181.0,1.9,2.4,71.0,48.0
16.2,7.6,219.0,3.3,2.3,70.0,48.0
18.5,8.6,356.0,8.3,2.6,62.0,48.0
16.5,9.0,541.0,15.3,3.2,49.0,48.0
18.7,11.6,651.0,18.1,3.7,44.0,47.0
26.7,15.7,612.0,19.3,4.2,40.0,47.0
30.4,17.2,498.0,20.9,5.0,34.0,48.0
25.8,15.5,405.0,21.4,5.4,30.0,48.0
24.3,14.3,377.0,19.7,5.3,28.0,48.0
22.8,13.5,371.0,16.9,4.9,28.0,48.0
14.9,9.9,349.0,14.3,4.6,28.0,48.0
9.5,6.9,287.0,12.4,4.4,27.0,47.0
7.1,5.3,211.0,10.7,4.1,27.0,47.0
6.2,4.6,158.0,9.4,4.0,26.0,46.0
7.1,4.7,145.0,8.4,4.0,26.0,46.0
7.2,4.5,157.0,7.7,4.0,26.0,46.0
6.7,4.2,182.0,7.1,4.0,27.0,46.0
7.6,4.7,232.0,7.6,4.0,27.0,46.0
8.9,5.6,296.0,8.3,3.9,28.0,46.0
10.2,5.7,331.0,8.2,3.8,32.0,46.0
14.4,7.1,306.0,6.7,3.5,41.0,46.0
16.8,7.8,252.0,4.5,3.1,52.0,47.0
19.5,8.4,213.0,3.0,2.8,61.0,47.0
33.4,12.6,195.0,2.4,2.5,64.0,49.0
22.8,9.1,193.0,2.6,2.1,65.0,50.0
24.1,9.4,235.0,4.1,2.1,63.0,50.0
25.3,9.9,354.0,8.0,2.5,58.0,50.0
25.0,11.3,517.0,13.3,3.1,51.0,50.0
11.1,7.9,652.0,16.9,3.5,50.0,50.0
14.5,10.4,752.0,20.2,4.3,45.0,49.0
15.5,11.7,825.0,24.7,5.4,37.0,47.0
15.3,11.2,822.0,26.8,6.1,32.0,46.0
13.5,10.0,689.0,24.6,6.0,31.0,45.0
12.3,9.4,480.0,20.1,5.4,33.0,45.0
11.1,8.6,313.0,16.1,4.9,34.0,44.0
9.6,7.4,234.0,13.3,4.4,34.0,44.0
8.6,6.5,197.0,10.9,4.0,34.0,45.0
8.0,6.0,174.0,9.2,3.7,33.0,45.0
8.0,5.8,157.0,8.3,3.7,32.0,45.0
8.0,5.7,155.0,8.0,3.9,30.0,45.0
8.3,6.0,170.0,8.6,4.2,28.0,46.0
9.0,6.4,219.0,8.4,4.2,29.0,46.0
10.7,7.3,285.0,8.1,4.2,31.0,47.0
11.7,7.7,325.0,7.5,4.1,35.0,47.0
13.8,8.4,311.0,6.4,3.8,43.0,47.0
16.6,8.9,269.0,5.1,3.4,53.0,48.0
18.2,9.4,237.0,4.1,3.0,62.0,48.0
25.4,11.5,223.0,3.1,2.7,69.0,48.0
27.1,11.6,218.0,2.3,2.4,76.0,48.0
24.8,10.8,232.0,3.1,2.3,78.0,49.0
21.9,9.9,282.0,6.8,2.5,74.0,49.0
18.9,9.5,352.0,12.1,2.9,66.0,48.0
17.5,9.0,403.0,11.5,2.7,64.0,48.0
18.0,12.8,422.0,15.4,3.6,58.0,49.0
20.5,14.6,423.0,20.5,4.9,49.0,50.0
19.5,13.8,408.0,23.3,5.7,42.0,50.0
15.9,11.9,370.0,21.4,5.5,40.0,50.0
13.8,10.7,316.0,17.0,4.9,40.0,50.0
11.3,9.0,267.0,13.3,4.4,40.0,50.0
9.9,7.8,227.0,11.4,4.3,38.0,50.0
9.1,7.2,191.0,10.2,4.2,36.0,50.0
8.6,6.8,167.0,9.3,4.2,34.0,51.0
8.1,6.4,158.0,8.4,4.1,33.0,51.0
7.7,6.1,161.0,7.7,4.0,32.0,51.0
5.9,4.8,178.0,7.1,4.1,33.0,50.0
5.0,4.3,222.0,7.9,4.1,32.0,50.0
4.8,4.4,280.0,9.0,4.1,32.0,50.0
3.7,3.4,314.0,9.2,4.0,34.0,49.0
3.3,3.1,299.0,7.7,3.6,42.0,48.0
3.1,2.9,260.0,5.3,3.0,53.0,47.0
3.0,2.6,231.0,3.5,2.5,62.0,45.0
3.4,2.8,221.0,2.5,2.1,67.0,43.0
4.2,3.1,220.0,2.2,1.8,69.0,41.0
6.0,3.9,240.0,3.5,1.8,69.0,40.0
7.1,4.6,297.0,7.5,2.1,64.0,38.0
7.6,5.7,374.0,13.1,2.7,56.0,37.0
12.6,9.5,427.0,22.4,3.4,42.0,38.0
15.4,12.5,437.0,24.1,4.1,39.0,37.0
16.6,13.5,424.0,26.3,5.1,34.0,37.0
14.4,11.4,402.0,26.6,5.6,31.0,37.0
12.4,9.7,375.0,23.3,5.3,31.0,36.0
11.3,8.6,339.0,18.2,4.7,32.0,36.0
9.7,7.3,298.0,13.9,4.1,33.0,35.0
8.8,6.5,246.0,11.6,3.9,33.0,35.0
8.1,6.0,190.0,10.2,3.7,32.0,35.0
7.6,5.5,150.0,9.0,3.6,31.0,34.0
7.3,5.2,136.0,7.8,3.5,31.0,34.0
6.8,4.7,138.0,6.8,3.3,32.0,34.0
6.2,4.3,151.0,6.2,3.3,33.0,34.0
5.8,4.4,184.0,6.8,3.5,32.0,34.0
5.6,4.1,227.0,7.6,3.8,31.0,34.0
5.8,4.5,251.0,7.6,3.9,33.0,34.0
6.3,4.4,235.0,6.2,3.6,41.0,34.0
7.1,4.6,198.0,4.0,3.0,51.0,35.0
7.2,4.4,173.0,2.4,2.6,60.0,35.0
7.3,4.3,165.0,1.6,2.3,66.0,35.0
6.8,4.2,167.0,1.4,2.2,70.0,36.0
7.0,4.3,193.0,2.2,2.2,70.0,36.0
8.7,4.9,270.0,5.0,2.4,65.0,36.0
10.1,6.2,370.0,8.8,2.8,56.0,36.0
15.8,9.7,421.0,11.8,3.4,48.0,36.0
13.8,9.6,376.0,13.1,3.9,44.0,35.0
11.9,9.0,283.0,14.9,4.7,38.0,34.0
11.3,8.8,210.0,15.7,5.1,34.0,34.0
10.6,8.3,190.0,14.8,5.0,32.0,33.0
9.5,7.4,190.0,12.9,4.7,31.0,33.0
8.5,6.7,186.0,11.0,4.3,31.0,33.0
7.7,5.8,166.0,9.3,4.0,31.0,33.0
6.5,4.9,141.0,7.6,3.7,32.0,32.0
5.6,4.2,124.0,6.3,3.5,32.0,32.0
5.1,3.7,113.0,5.4,3.3,32.0,32.0
4.5,3.3,109.0,4.9,3.3,32.0,31.0
3.6,2.8,127.0,5.3,3.3,31.0,31.0
3.9,3.1,191.0,6.2,3.5,30.0,31.0
4.4,3.7,277.0,7.4,3.8,29.0,31.0
4.1,3.3,327.0,7.8,3.8,31.0,30.0
4.5,3.3,304.0,6.4,3.4,39.0,30.0
6.5,3.8,245.0,4.1,2.8,50.0,30.0
8.4,4.5,207.0,3.1,2.4,57.0,30.0
10.8,5.3,209.0,4.2,2.6,57.0,30.0
12.5,6.9,232.0,6.5,3.1,54.0,31.0
12.5,7.7,277.0,9.3,3.4,50.0,32.0
14.2,7.9,365.0,13.0,3.4,45.0,32.0
15.6,8.7,475.0,17.2,3.2,40.0,33.0
10.4,7.5,541.0,19.2,3.2,36.0,32.0
10.7,8.6,527.0,20.4,3.9,33.0,32.0
10.7,9.0,469.0,21.8,4.8,29.0,32.0
9.3,8.0,411.0,21.9,5.4,26.0,32.0
8.2,6.8,367.0,19.5,5.2,26.0,32.0
6.9,5.8,324.0,15.8,4.7,28.0,31.0
5.9,4.8,283.0,12.4,4.2,30.0,31.0
5.1,3.9,243.0,9.9,3.8,31.0,30.0
4.7,3.4,205.0,7.8,3.5,32.0,30.0
4.1,3.0,178.0,6.4,3.4,33.0,30.0
3.4,2.6,158.0,5.9,3.6,33.0,30.0
2.9,2.4,149.0,6.1,3.9,32.0,29.0
3.2,2.4,175.0,5.7,3.8,34.0,29.0
3.6,2.9,276.0,7.2,4.1,32.0,29.0
5.0,4.3,412.0,9.2,4.4,30.0,29.0
4.8,4.1,487.0,9.9,4.5,31.0,30.0
8.8,5.1,438.0,8.1,3.9,38.0,30.0
8.6,4.8,328.0,5.0,3.0,49.0,30.0
10.7,5.6,246.0,2.9,2.4,57.0,30.0
8.6,4.6,223.0,2.7,2.2,59.0,30.0
12.2,6.0,228.0,3.6,2.3,59.0,30.0
8.1,4.8,253.0,4.7,2.4,58.0,29.0
7.8,4.7,313.0,6.0,2.5,57.0,29.0
8.0,5.0,394.0,7.7,2.6,55.0,28.0
10.0,6.1,442.0,8.8,2.7,60.0,27.0
9.9,6.9,428.0,10.7,3.3,54.0,27.0
9.3,7.2,381.0,13.2,4.1,47.0,27.0
7.8,6.4,338.0,14.8,4.6,40.0,26.0
6.3,5.4,312.0,14.8,4.7,35.0,26.0
5.5,4.9,289.0,13.8,4.5,32.0,26.0
5.0,4.4,262.0,12.5,4.3,30.0,26.0
4.5,3.7,223.0,10.8,4.1,30.0,26.0
3.9,3.2,180.0,8.8,3.8,32.0,26.0
3.7,2.8,152.0,7.2,3.6,33.0,26.0
4.1,2.7,146.0,6.2,3.5,34.0,26.0
5.7,3.2,155.0,5.6,3.4,35.0,26.0
5.4,3.3,180.0,5.7,3.7,34.0,26.0
8.3,4.7,238.0,6.8,3.8,34.0,26.0
13.9,6.4,312.0,8.2,4.0,33.0,27.0
20.7,8.7,354.0,8.7,4.0,36.0,28.0
19.8,8.9,329.0,7.4,3.8,43.0,29.0
29.9,12.0,272.0,5.3,3.5,53.0,30.0
19.2,8.8,233.0,3.7,3.2,62.0,31.0
16.8,8.0,229.0,3.0,2.8,68.0,32.0
13.8,7.1,243.0,2.8,2.3,73.0,32.0
20.4,8.6,275.0,3.8,2.2,75.0,33.0
15.9,7.7,338.0,6.9,2.6,71.0,34.0
13.3,8.4,419.0,11.1,3.3,65.0,35.0
33.8,17.3,484.0,17.3,3.6,51.0,37.0
26.9,16.3,527.0,18.9,4.2,48.0,39.0
23.7,15.3,554.0,21.1,5.1,43.0,41.0
21.4,14.2,542.0,21.7,5.6,40.0,43.0
19.6,12.9,465.0,19.5,5.4,39.0,45.0
16.5,10.8,350.0,15.8,4.8,40.0,46.0
13.2,8.6,254.0,12.4,4.2,40.0,47.0
11.1,6.9,200.0,9.9,3.8,40.0,48.0
8.4,5.1,165.0,7.6,3.5,40.0,48.0
7.2,4.3,144.0,6.1,3.3,40.0,49.0
6.5,3.8,132.0,5.5,3.3,39.0,49.0
5.8,3.4,133.0,5.5,3.4,37.0,49.0
4.9,2.8,152.0,5.4,3.4,37.0,49.0
6.7,3.9,208.0,6.1,3.5,37.0,49.0
10.5,5.1,281.0,6.9,3.6,36.0,48.0
16.8,6.8,324.0,7.3,3.6,38.0,48.0
20.0,8.3,304.0,6.7,3.5,43.0,48.0
23.1,9.1,253.0,5.6,3.3,49.0,47.0
27.8,10.5,216.0,4.6,3.1,56.0,48.0
32.0,12.3,204.0,3.6,2.8,64.0,48.0
30.6,12.1,204.0,2.8,2.4,73.0,50.0
26.9,11.1,228.0,3.2,2.2,78.0,50.0
22.8,9.9,292.0,5.7,2.3,76.0,50.0
18.8,9.3,379.0,9.3,2.6,69.0,50.0
17.5,9.6,445.0,12.5,3.1,62.0,49.0
18.2,11.5,476.0,15.0,3.8,56.0,48.0
17.3,11.2,485.0,17.0,4.7,49.0,47.0
15.2,10.0,472.0,17.9,5.2,44.0,46.0
13.4,9.0,426.0,17.0,5.0,40.0,45.0
12.0,7.9,357.0,15.0,4.5,38.0,45.0
10.8,7.0,293.0,12.9,4.0,36.0,44.0
9.9,6.1,238.0,10.9,3.7,35.0,44.0
9.5,5.6,187.0,8.8,3.4,36.0,44.0
9.3,5.3,153.0,7.2,3.3,36.0,44.0
8.9,5.0,140.0,6.4,3.4,36.0,45.0
8.3,4.7,144.0,6.1,3.5,35.0,45.0
8.7,5.0,165.0,7.1,3.7,33.0,45.0
8.2,5.1,221.0,7.5,3.7,33.0,46.0
9.5,5.2,294.0,7.9,3.8,34.0,46.0
13.7,6.4,334.0,7.8,3.7,37.0,46.0
15.9,7.1,307.0,6.6,3.5,43.0,45.0
18.3,7.8,247.0,4.8,3.2,52.0,45.0
23.9,9.2,203.0,3.4,2.9,60.0,45.0
25.0,9.3,187.0,2.2,2.5,68.0,44.0
26.1,9.8,187.0,1.5,2.1,76.0,44.0
24.8,9.5,219.0,2.7,2.0,78.0,43.0
22.4,9.0,314.0,7.8,2.4,71.0,43.0
19.0,9.1,441.0,14.9,3.1,59.0,43.0
23.2,11.9,521.0,16.1,3.3,53.0,43.0
21.2,11.6,513.0,17.4,4.0,50.0,43.0
19.0,12.1,457.0,19.2,4.9,45.0,44.0
16.5,11.0,400.0,19.8,5.4,41.0,44.0
13.9,9.6,355.0,18.3,5.2,39.0,44.0
11.6,8.3,309.0,15.7,4.6,37.0,44.0
9.3,6.8,265.0,13.2,4.1,36.0,44.0
7.6,5.4,223.0,11.0,3.8,35.0,44.0
6.8,4.5,184.0,9.0,3.6,35.0,44.0
6.8,4.1,157.0,7.5,3.4,35.0,43.0
7.2,4.0,143.0,6.9,3.4,34.0,43.0
8.1,4.0,140.0,6.8,3.5,33.0,43.0
5.7,3.6,156.0,6.4,3.4,33.0,43.0
7.5,4.4,209.0,7.3,3.5,32.0,43.0
8.4,5.2,280.0,8.4,3.6,32.0,43.0
8.4,5.2,320.0,8.6,3.6,34.0,42.0
9.7,5.4,297.0,7.0,3.2,42.0,42.0
12.0,5.7,243.0,4.5,2.7,52.0,41.0
12.5,5.7,203.0,2.7,2.2,61.0,41.0
13.1,6.0,186.0,1.9,1.9,67.0,40.0
14.2,6.4,183.0,1.7,1.8,72.0,39.0
17.5,7.4,216.0,2.5,1.8,74.0,39.0
18.6,8.1,325.0,4.9,2.0,71.0,38.0
16.5,8.5,471.0,8.3,2.3,64.0,38.0
23.3,11.1,555.0,10.5,2.6,58.0,38.0
21.4,11.5,518.0,11.9,3.1,54.0,38.0
21.5,12.2,420.0,13.8,3.7,47.0,38.0
21.1,12.3,339.0,15.0,4.1,42.0,38.0
19.3,11.8,309.0,14.8,4.1,38.0,39.0
16.9,10.9,296.0,13.8,3.8,36.0,39.0
13.7,9.0,276.0,12.6,3.6,34.0,40.0
11.4,7.5,232.0,11.0,3.4,33.0,40.0
10.3,6.6,181.0,9.0,3.2,33.0,41.0
9.4,6.0,146.0,7.6,3.1,33.0,41.0
8.7,5.4,136.0,7.1,3.2,32.0,42.0
7.9,5.0,142.0,7.2,3.3,30.0,42.0
6.6,4.5,157.0,6.5,3.3,31.0,42.0
6.9,4.8,187.0,6.3,3.4,32.0,42.0
7.3,5.1,226.0,6.0,3.6,34.0,42.0
7.8,5.0,246.0,5.4,3.6,38.0,42.0
7.9,4.9,230.0,4.3,3.3,45.0,42.0
7.9,4.9,196.0,3.0,2.7,54.0,42.0
8.0,4.9,170.0,2.0,2.3,61.0,42.0
8.3,4.9,162.0,1.4,2.0,66.0,41.0
8.7,5.1,162.0,1.2,1.9,70.0,41.0
8.0,4.9,170.0,2.0,1.9,70.0,40.0
7.9,5.0,191.0,4.7,2.2,64.0,40.0
7.5,4.8,220.0,8.3,2.6,55.0,39.0
11.8,7.7,242.0,9.8,2.7,50.0,38.0
10.9,8.1,251.0,11.0,3.4,46.0,37.0
11.1,8.7,254.0,12.5,4.3,41.0,37.0
11.1,8.8,251.0,13.1,4.8,37.0,36.0
10.2,8.0,244.0,12.0,4.6,35.0,35.0
9.1,7.1,231.0,9.9,4.0,35.0,34.0
7.1,5.6,214.0,8.1,3.5,35.0,33.0
6.0,4.7,188.0,6.9,3.2,35.0,33.0
5.4,4.1,157.0,5.9,3.0,34.0,32.0
5.5,4.0,136.0,5.2,2.9,34.0,31.0
4.8,3.5,127.0,4.7,2.9,34.0,31.0
4.2,3.1,127.0,4.4,3.0,34.0,31.0
3.2,2.5,143.0,4.2,2.9,35.0,30.0
4.3,3.4,191.0,5.3,3.1,34.0,30.0
5.5,4.2,255.0,6.8,3.4,34.0,30.0
6.5,4.4,291.0,7.4,3.5,36.0,29.0
6.4,4.4,272.0,6.4,3.3,42.0,29.0
6.8,4.4,225.0,4.6,2.9,51.0,29.0
7.3,4.6,192.0,3.2,2.6,58.0,29.0
6.9,4.4,185.0,2.2,2.3,64.0,29.0
6.3,4.0,191.0,1.7,2.1,70.0,29.0
6.0,3.9,210.0,2.9,2.1,71.0,29.0
7.0,4.3,248.0,7.2,2.4,65.0,28.0
6.4,4.3,300.0,13.2,3.0,55.0,28.0
11.1,7.2,351.0,10.4,2.8,60.0,29.0
12.1,9.0,406.0,16.6,4.2,51.0,29.0
14.8,11.6,461.0,25.0,6.1,37.0,29.0
16.6,13.5,488.0,30.2,7.4,28.0,30.0
17.5,14.5,473.0,29.6,7.5,26.0,32.0
16.9,14.0,431.0,25.9,7.0,27.0,33.0
14.8,11.9,380.0,21.8,6.3,28.0,35.0
11.7,9.2,315.0,17.6,5.6,29.0,36.0
9.2,7.3,242.0,12.9,4.7,31.0,36.0
7.8,6.3,190.0,9.7,4.2,31.0,37.0
6.8,5.6,172.0,9.0,4.2,29.0,38.0
6.3,5.2,176.0,9.7,4.6,26.0,38.0
5.3,4.4,198.0,9.2,4.6,27.0,38.0
6.2,5.4,255.0,9.2,4.7,27.0,39.0
6.1,5.2,330.0,9.0,4.7,28.0,39.0
6.1,4.9,368.0,8.4,4.6,31.0,39.0
6.4,4.7,331.0,6.8,4.1,40.0,39.0
7.5,5.0,257.0,4.7,3.5,52.0,39.0
7.9,5.2,204.0,3.2,3.0,62.0,40.0
7.9,5.1,192.0,2.4,2.7,69.0,40.0
7.5,4.9,202.0,2.1,2.5,74.0,40.0
7.1,4.8,236.0,3.0,2.5,75.0,40.0
6.7,4.6,308.0,5.7,2.6,71.0,40.0
6.3,4.6,403.0,9.7,2.9,62.0,40.0
4.6,4.2,486.0,14.7,3.4,54.0,40.0
8.1,7.9,551.0,20.5,4.6,44.0,39.0
9.5,9.3,603.0,28.4,6.3,31.0,39.0
10.3,10.0,617.0,33.3,7.5,22.0,38.0
10.9,10.5,571.0,32.8,7.6,20.0,37.0
10.8,10.2,486.0,29.3,7.2,23.0,36.0
10.2,9.4,402.0,25.5,6.7,25.0,36.0
9.2,8.3,324.0,22.0,6.2,26.0,35.0
8.5,7.5,246.0,18.1,5.5,28.0,35.0
8.0,7.0,193.0,15.1,5.1,28.0,36.0
7.6,6.5,174.0,13.5,5.0,27.0,36.0
7.3,6.2,179.0,12.7,5.1,25.0,36.0
6.7,5.7,200.0,11.3,5.1,26.0,36.0
7.7,6.6,252.0,10.8,5.2,26.0,37.0
8.3,6.8,321.0,10.1,5.3,28.0,37.0
9.2,6.7,357.0,9.0,5.2,32.0,37.0
10.9,7.0,328.0,7.1,4.5,43.0,38.0
13.0,7.3,265.0,4.8,3.6,57.0,38.0
14.3,7.6,219.0,3.2,2.9,68.0,39.0
14.2,7.6,204.0,2.1,2.5,75.0,40.0
13.6,7.3,205.0,1.7,2.3,80.0,40.0
13.0,7.0,224.0,3.0,2.3,80.0,41.0
12.4,6.9,267.0,7.1,2.6,74.0,41.0
11.1,6.8,328.0,13.0,3.1,64.0,42.0
16.6,9.7,391.0,15.2,3.1,57.0,43.0
16.9,12.7,461.0,20.1,4.3,48.0,44.0
15.2,12.0,532.0,26.8,5.9,35.0,45.0
15.3,12.3,574.0,30.7,7.0,26.0,45.0
15.1,12.0,573.0,29.4,7.0,23.0,46.0
14.8,11.8,543.0,25.4,6.5,24.0,46.0
13.4,10.5,492.0,21.2,5.9,25.0,46.0
12.0,9.1,407.0,17.4,5.4,25.0,46.0
11.0,8.1,301.0,13.6,4.8,25.0,47.0
10.2,7.4,223.0,10.9,4.5,25.0,47.0
9.7,6.9,189.0,10.4,4.6,23.0,47.0
9.5,6.8,184.0,11.0,5.0,20.0,47.0
8.8,6.3,202.0,10.0,4.9,21.0,47.0
10.7,8.0,266.0,10.0,5.4,22.0,47.0
11.0,7.9,355.0,10.0,6.0,24.0,48.0
11.9,8.5,401.0,9.4,6.2,29.0,48.0
13.6,8.5,360.0,7.6,5.4,39.0,48.0
16.0,8.6,275.0,5.3,4.1,51.0,49.0
16.9,8.7,212.0,3.6,3.1,61.0,49.0
18.2,9.4,189.0,2.3,2.6,68.0,49.0
15.0,7.8,188.0,1.7,2.5,72.0,49.0
13.4,7.3,217.0,3.5,2.5,71.0,50.0
12.1,6.9,293.0,9.7,2.7,62.0,50.0
11.6,6.5,399.0,18.4,3.1,48.0,49.0
14.3,10.2,491.0,22.6,3.4,44.0,50.0
14.7,11.7,565.0,27.2,4.6,37.0,49.0
16.2,13.5,625.0,33.3,6.3,28.0,50.0
16.9,14.1,635.0,36.7,7.5,21.0,50.0
16.9,14.1,560.0,35.2,7.6,20.0,50.0
16.3,13.4,436.0,31.0,7.2,22.0,50.0
14.8,12.1,329.0,26.6,6.7,24.0,50.0
13.0,10.3,262.0,22.3,6.1,25.0,51.0
11.6,9.1,214.0,17.8,5.5,27.0,51.0
10.7,8.4,184.0,14.5,5.1,27.0,51.0
10.3,7.9,175.0,13.6,5.2,25.0,51.0
10.3,7.9,186.0,13.9,5.6,22.0,51.0
7.9,6.1,210.0,10.1,5.0,24.0,51.0
9.2,7.5,261.0,10.2,5.1,25.0,51.0
9.2,7.4,325.0,10.2,5.3,26.0,51.0
9.0,6.7,358.0,9.6,5.2,30.0,51.0
8.9,6.4,329.0,7.7,4.6,40.0,50.0
9.3,6.1,268.0,5.2,3.8,53.0,50.0
9.3,5.8,222.0,3.4,3.1,64.0,50.0
8.8,5.5,207.0,2.6,2.8,72.0,49.0
8.2,5.3,208.0,2.4,2.6,77.0,49.0
7.7,5.0,222.0,3.3,2.6,79.0,48.0
7.2,4.8,238.0,5.0,2.6,76.0,48.0
7.0,4.7,268.0,7.8,2.8,68.0,47.0
10.5,8.2,347.0,21.6,3.6,43.0,47.0
16.4,14.5,535.0,26.1,4.6,36.0,47.0
18.2,16.5,772.0,32.3,6.0,26.0,48.0
13.9,12.5,911.0,36.3,7.1,18.0,48.0
14.7,13.4,870.0,36.4,7.5,15.0,48.0
14.9,13.6,730.0,34.4,7.5,15.0,48.0
13.3,12.0,588.0,31.6,7.4,16.0,48.0
11.7,10.5,462.0,28.0,7.0,17.0,48.0
11.2,9.8,335.0,23.7,6.4,19.0,48.0
11.5,10.0,249.0,20.3,6.0,20.0,48.0
11.8,10.1,227.0,18.9,6.2,19.0,49.0
11.8,9.8,246.0,18.4,6.6,17.0,49.0
12.9,10.5,280.0,18.0,7.0,21.0,50.0
15.0,12.3,341.0,15.9,6.7,25.0,50.0
15.1,11.9,417.0,12.9,6.3,32.0,51.0
13.4,9.1,449.0,10.0,5.7,40.0,51.0
13.9,8.8,393.0,7.4,4.9,52.0,51.0
15.3,8.9,293.0,5.0,4.0,67.0,51.0
15.9,8.9,219.0,3.3,3.3,78.0,52.0
15.7,8.6,200.0,2.4,2.8,84.0,52.0
14.6,8.0,206.0,2.3,2.5,87.0,52.0
13.5,7.6,224.0,2.9,2.3,87.0,52.0
12.7,7.2,233.0,3.6,2.2,86.0,52.0
12.6,7.3,253.0,5.1,2.2,82.0,53.0
6.2,5.1,326.0,12.7,2.9,69.0,52.0
10.5,9.3,530.0,23.5,4.6,53.0,52.0
15.4,14.1,787.0,38.1,7.0,30.0,52.0
16.9,15.4,908.0,46.9,8.5,15.0,52.0
17.3,15.5,763.0,44.5,8.4,13.0,52.0
16.2,14.3,482.0,36.2,7.5,19.0,52.0
14.3,12.2,263.0,28.5,6.6,24.0,52.0
12.9,10.5,191.0,23.1,6.0,27.0,52.0
12.6,9.9,181.0,18.2,5.4,30.0,52.0
13.3,10.1,180.0,15.0,5.2,31.0,52.0
14.5,10.9,169.0,14.8,5.6,28.0,52.0
15.4,11.5,168.0,16.2,6.3,24.0,53.0
21.7,15.4,179.0,16.8,6.6,21.0,53.0
21.2,15.1,215.0,13.8,6.3,27.0,53.0
21.1,13.2,264.0,9.7,5.8,36.0,53.0
24.5,12.9,289.0,6.3,5.2,46.0,54.0
31.0,15.1,266.0,4.3,4.5,58.0,54.0
30.3,14.2,218.0,3.0,3.7,71.0,54.0
28.6,13.3,183.0,2.2,3.1,81.0,55.0
26.8,12.4,173.0,1.7,2.7,85.0,55.0
26.7,12.4,175.0,1.7,2.4,85.0,55.0
26.7,12.4,183.0,2.1,2.3,84.0,56.0
26.4,12.4,185.0,2.8,2.2,82.0,56.0
26.5,12.7,193.0,3.9,2.2,78.0,57.0
30.4,14.9,240.0,6.3,2.7,72.0,57.0
30.6,18.4,375.0,14.2,4.5,59.0,58.0
34.2,22.4,549.0,24.8,6.9,41.0,59.0
33.6,22.7,640.0,31.1,8.4,29.0,59.0
30.4,20.9,572.0,29.1,8.2,29.0,60.0
26.2,18.6,421.0,22.8,7.1,35.0,60.0
21.2,15.7,296.0,17.1,6.1,39.0,60.0
17.0,12.9,238.0,13.6,5.3,39.0,61.0
14.4,11.1,206.0,10.8,4.6,38.0,61.0
12.1,9.4,188.0,8.8,4.1,36.0,61.0
10.8,8.3,178.0,8.0,4.1,33.0,60.0
10.1,7.7,182.0,8.1,4.3,29.0,60.0
10.0,7.1,200.0,7.2,4.4,28.0,59.0
12.0,8.4,246.0,8.1,5.0,29.0,59.0
15.2,9.8,306.0,9.1,5.9,31.0,59.0
20.5,10.9,337.0,9.3,6.2,36.0,58.0
26.3,12.5,309.0,7.6,5.6,48.0,58.0
30.2,13.6,252.0,5.0,4.4,63.0,58.0
32.4,14.3,209.0,3.1,3.5,76.0,58.0
32.8,14.7,196.0,2.2,3.0,83.0,59.0
31.7,14.5,197.0,2.0,2.6,87.0,59.0
29.3,13.9,210.0,2.7,2.4,89.0,59.0
27.1,13.2,233.0,4.2,2.3,88.0,59.0
25.7,13.0,268.0,6.6,2.5,84.0,59.0
22.4,12.3,315.0,10.5,3.0,75.0,59.0
26.2,17.3,397.0,18.7,4.6,63.0,59.0
29.0,20.7,492.0,29.7,6.8,46.0,58.0
28.1,20.4,533.0,36.0,8.2,35.0,58.0
25.4,18.6,474.0,33.1,8.0,35.0,58.0
23.1,17.1,362.0,25.4,6.9,40.0,58.0
21.4,15.5,268.0,18.7,6.0,43.0,58.0
20.0,14.0,219.0,15.1,5.4,42.0,58.0
18.2,12.3,188.0,12.5,4.9,39.0,58.0
17.6,11.4,172.0,10.7,4.6,36.0,58.0
17.9,11.0,167.0,10.0,4.7,33.0,59.0
18.7,10.9,176.0,10.2,5.0,29.0,59.0
20.1,10.5,202.0,8.7,4.7,31.0,59.0
22.0,11.8,264.0,8.8,5.0,32.0,59.0
26.0,12.7,343.0,8.8,5.3,34.0,60.0
27.2,13.0,382.0,8.3,5.3,39.0,60.0
28.5,13.6,344.0,6.7,4.8,51.0,60.0
30.4,14.4,267.0,4.5,3.9,66.0,60.0
32.1,15.0,210.0,2.9,3.2,78.0,60.0
32.2,15.3,194.0,2.3,2.8,84.0,60.0
34.0,16.8,197.0,2.3,2.5,87.0,60.0
25.8,13.3,212.0,3.0,2.4,87.0,60.0
22.7,12.1,245.0,4.6,2.3,84.0,60.0
19.0,10.5,291.0,6.9,2.4,78.0,60.0
20.7,11.8,324.0,8.7,2.5,72.0,60.0
19.8,13.3,333.0,14.2,3.8,61.0,59.0
19.6,14.4,331.0,21.7,5.6,47.0,59.0
18.7,14.2,329.0,26.4,6.8,36.0,58.0
18.2,13.6,338.0,25.7,6.9,33.0,58.0
18.2,13.4,348.0,22.3,6.4,34.0,58.0
18.2,12.8,339.0,18.7,5.9,35.0,58.0
17.2,11.7,290.0,15.6,5.4,35.0,57.0
15.1,10.1,221.0,12.4,4.8,36.0,57.0
13.2,8.7,174.0,10.1,4.4,36.0,57.0
12.5,8.0,168.0,9.2,4.4,34.0,57.0
12.8,7.9,184.0,9.2,4.7,30.0,57.0
12.0,7.4,207.0,9.7,4.9,30.0,56.0
13.5,8.6,244.0,9.3,4.9,31.0,56.0
15.8,9.4,288.0,8.7,4.9,34.0,56.0
18.2,9.5,309.0,7.8,4.7,39.0,55.0
22.3,10.5,283.0,6.2,4.2,49.0,55.0
26.4,11.8,235.0,4.3,3.6,62.0,55.0
28.1,12.6,200.0,3.0,3.1,72.0,55.0
27.8,12.4,194.0,2.4,2.8,78.0,55.0
26.6,12.1,202.0,2.4,2.7,81.0,54.0
25.1,11.6,221.0,3.2,2.6,81.0,54.0
23.1,11.0,249.0,4.7,2.5,78.0,54.0
21.6,10.6,287.0,7.2,2.6,73.0,54.0
35.6,17.0,333.0,13.9,3.3,62.0,54.0
36.1,21.6,403.0,24.8,5.8,46.0,55.0
41.1,27.2,481.0,39.7,9.2,25.0,56.0
43.0,30.2,511.0,49.0,11.4,10.0,57.0
39.6,28.6,454.0,48.2,11.3,9.0,59.0
33.3,24.7,350.0,42.0,10.0,14.0,59.0
26.0,19.7,264.0,34.8,8.6,20.0,60.0
19.6,15.0,222.0,27.0,7.4,26.0,60.0
15.4,11.9,198.0,18.1,6.2,32.0,60.0
12.3,9.7,185.0,11.8,5.4,36.0,60.0
10.9,8.5,181.0,9.9,5.3,34.0,60.0
10.4,8.1,187.0,10.6,5.5,30.0,61.0
10.5,8.1,204.0,11.4,5.9,30.0,61.0
11.8,9.4,243.0,11.0,5.8,32.0,61.0
12.6,9.2,292.0,10.4,5.5,36.0,61.0
15.6,9.8,318.0,9.3,5.3,45.0,61.0
19.2,10.9,297.0,7.3,5.0,64.0,61.0
24.1,13.1,252.0,4.9,4.7,88.0,61.0
26.5,14.2,220.0,3.2,4.4,106.0,61.0
27.1,14.5,211.0,2.5,4.0,114.0,61.0
27.2,14.5,213.0,2.5,3.7,116.0,61.0
26.4,14.3,232.0,3.4,3.5,115.0,61.0
25.4,14.0,269.0,4.9,3.5,112.0,62.0
24.7,14.0,322.0,7.4,3.6,106.0,62.0
30.3,17.6,385.0,21.2,4.9,77.0,62.0
33.1,22.4,473.0,34.1,7.2,59.0,62.0
37.7,27.7,570.0,51.5,10.4,34.0,62.0
39.6,29.9,626.0,61.3,12.3,18.0,62.0
38.6,29.4,613.0,56.7,11.9,18.0,62.0
34.2,26.5,559.0,44.7,10.3,26.0,62.0
24.3,19.2,493.0,33.5,8.7,34.0,62.0
18.0,14.3,411.0,25.8,7.5,38.0,62.0
15.3,11.9,316.0,19.1,6.4,42.0,62.0
15.3,11.2,252.0,14.2,5.6,44.0,62.0
16.3,11.3,240.0,12.1,5.5,43.0,63.0
17.8,11.9,258.0,11.8,5.7,40.0,63.0
15.4,10.3,280.0,11.1,5.7,41.0,63.0
17.1,11.6,306.0,10.7,5.5,44.0,63.0
19.0,12.3,335.0,10.0,5.3,48.0,63.0
22.6,12.5,345.0,8.9,5.2,57.0,64.0
27.5,14.3,315.0,7.1,5.3,75.0,64.0
32.1,16.5,266.0,4.8,5.5,97.0,64.0
33.8,17.5,230.0,3.3,5.5,113.0,64.0
33.1,17.2,220.0,2.8,5.0,120.0,65.0
31.7,16.6,225.0,2.9,4.3,121.0,65.0
30.2,15.9,238.0,3.8,3.8,119.0,65.0
29.3,15.8,249.0,4.1,3.3,116.0,65.0
28.7,15.7,269.0,5.2,2.9,110.0,65.0
27.9,16.6,330.0,17.5,4.2,87.0,65.0
31.8,22.1,482.0,32.9,7.0,65.0,65.0
39.2,29.2,673.0,54.0,10.8,34.0,65.0
44.9,34.2,786.0,68.1,13.7,12.0,66.0
49.2,38.1,752.0,69.4,14.9,6.0,66.0
50.5,39.1,639.0,63.9,15.1,8.0,67.0
46.9,36.0,527.0,56.3,14.4,12.0,69.0
39.5,29.4,433.0,47.1,12.4,17.0,70.0
31.4,23.0,340.0,36.0,9.5,23.0,71.0
25.8,18.7,275.0,26.7,7.3,28.0,71.0
22.3,16.1,250.0,20.7,6.4,29.0,72.0
20.2,14.4,254.0,16.6,6.2,29.0,72.0
16.8,12.2,277.0,11.5,5.8,36.0,72.0
17.7,13.0,339.0,11.1,5.6,40.0,72.0
20.3,12.8,421.0,10.5,5.4,46.0,72.0
24.6,13.6,460.0,9.4,5.1,56.0,72.0
28.1,15.0,413.0,7.5,4.6,72.0,72.0
31.7,16.0,323.0,5.1,4.1,93.0,72.0
31.9,16.0,256.0,3.4,3.6,108.0,72.0
29.3,15.0,236.0,2.6,3.2,116.0,72.0
27.6,14.5,239.0,2.5,3.0,119.0,72.0
26.1,14.0,255.0,3.3,2.8,119.0,72.0
25.8,14.1,278.0,4.4,2.7,117.0,71.0
26.5,14.7,314.0,6.5,2.6,113.0,71.0
21.1,14.6,378.0,16.8,3.9,94.0,71.0
24.1,18.3,507.0,24.6,5.3,80.0,71.0
27.3,21.7,664.0,35.1,7.1,61.0,70.0
26.1,21.0,743.0,40.7,8.2,47.0,69.0
22.2,18.1,679.0,36.8,7.8,44.0,68.0
18.5,15.5,537.0,28.1,6.7,47.0,66.0
15.7,13.3,415.0,20.7,5.8,48.0,64.0
13.4,11.4,346.0,16.8,5.3,46.0,63.0
11.8,9.9,297.0,14.3,5.1,43.0,62.0
10.8,9.1,262.0,12.8,5.0,39.0,61.0
10.1,8.5,239.0,12.6,5.2,34.0,60.0
10.0,8.2,230.0,13.4,5.6,29.0,60.0
9.8,8.0,237.0,12.6,5.9,32.0,59.0
11.3,9.3,276.0,12.1,6.2,32.0,59.0
11.9,8.7,331.0,11.3,6.5,33.0,59.0
13.7,9.1,357.0,10.1,6.6,38.0,58.0
16.4,9.8,323.0,7.9,6.1,53.0,58.0
18.3,10.5,260.0,5.3,5.3,72.0,58.0
19.5,11.1,213.0,3.3,4.6,88.0,57.0
20.1,11.6,202.0,2.4,4.1,98.0,57.0
20.3,11.6,208.0,2.1,3.7,104.0,57.0
20.5,11.7,220.0,2.4,3.5,107.0,57.0
19.8,11.3,222.0,2.5,3.3,107.0,56.0
19.4,11.2,230.0,3.1,3.2,104.0,56.0
24.7,14.3,288.0,10.3,4.4,72.0,56.0
26.8,18.3,445.0,17.1,5.9,59.0,56.0
28.9,21.0,651.0,26.5,8.1,40.0,56.0
29.9,21.9,803.0,33.8,10.0,25.0,56.0
32.1,23.5,865.0,37.0,11.4,18.0,57.0
35.5,26.3,874.0,38.1,12.5,14.0,57.0
37.1,28.1,833.0,38.7,13.5,12.0,59.0
40.0,30.9,718.0,39.5,14.4,11.0,60.0
42.8,33.8,555.0,39.7,15.2,10.0,62.0
44.6,35.7,421.0,39.3,15.8,10.0,64.0
45.2,36.4,338.0,38.0,16.3,8.0,66.0
45.1,36.3,285.0,36.0,16.7,7.0,68.0
50.1,41.4,281.0,41.3,21.5,8.0,71.0
54.9,46.3,369.0,37.7,21.2,10.0,74.0
51.3,43.5,506.0,32.4,20.8,14.0,77.0
39.6,29.9,578.0,27.0,19.5,23.0,78.0
37.4,25.8,515.0,21.3,16.8,41.0,80.0
36.1,23.3,388.0,15.5,13.4,63.0,81.0
35.6,22.4,294.0,10.8,10.5,85.0,81.0
34.2,21.4,268.0,7.6,8.8,105.0,82.0
32.2,20.1,275.0,5.6,7.7,124.0,83.0
30.0,19.0,310.0,5.3,7.0,135.0,83.0
30.2,19.1,383.0,7.3,6.6,131.0,84.0
29.5,18.3,485.0,11.0,6.6,119.0,85.0
29.0,22.9,580.0,27.3,7.3,91.0,85.0
28.5,25.0,677.0,27.9,8.1,89.0,86.0
28.5,26.8,768.0,28.7,9.1,86.0,86.0
30.5,29.2,794.0,28.4,9.7,83.0,87.0
31.0,29.6,707.0,26.5,9.5,82.0,87.0
30.4,28.8,554.0,23.6,8.8,81.0,88.0
28.5,26.6,426.0,20.5,8.2,80.0,87.0
26.3,24.1,353.0,17.1,7.8,79.0,87.0
26.2,23.6,304.0,13.4,7.4,78.0,86.0
27.2,24.3,271.0,11.1,7.5,76.0,85.0
27.2,24.2,251.0,11.0,8.3,70.0,84.0
28.1,24.7,247.0,12.1,9.5,63.0,83.0
8.9,7.6,266.0,8.8,8.4,73.0,81.0
16.1,13.9,330.0,10.0,8.4,71.0,78.0
18.3,11.9,417.0,11.4,8.3,69.0,76.0
27.7,16.7,467.0,11.7,8.0,74.0,75.0
26.7,15.8,443.0,9.5,7.2,90.0,74.0
26.8,15.9,382.0,6.1,6.1,113.0,73.0
25.6,15.3,338.0,3.7,5.3,131.0,73.0
23.7,14.6,320.0,3.1,5.1,142.0,72.0
21.8,13.9,318.0,3.5,5.2,149.0,72.0
22.5,14.6,357.0,4.9,5.4,151.0,71.0
22.4,14.7,461.0,7.0,5.7,149.0,79.0
23.5,15.7,604.0,10.1,6.2,142.0,93.0
34.6,24.2,737.0,30.7,7.0,109.0,98.0
35.3,29.0,864.0,27.5,6.7,105.0,96.0
28.7,23.8,980.0,23.2,6.3,99.0,89.0
22.3,18.4,1018.0,20.7,6.3,91.0,78.0
20.1,16.8,922.0,22.4,6.9,81.0,69.0
21.3,17.8,748.0,26.0,7.9,69.0,68.0
22.2,18.5,592.0,27.2,8.6,61.0,68.0
22.8,19.2,486.0,23.3,8.6,60.0,67.0
16.0,12.9,398.0,17.2,8.3,63.0,66.0
15.5,11.8,335.0,12.7,8.2,64.0,65.0
16.6,12.1,292.0,11.7,8.6,60.0,64.0
17.3,12.4,273.0,12.5,9.2,55.0,63.0
13.5,8.8,294.0,8.4,6.0,57.0,64.0
14.2,10.1,396.0,10.1,6.5,55.0,63.0
17.9,12.1,538.0,12.2,7.2,53.0,63.0
20.9,14.1,609.0,12.9,7.4,58.0,63.0
22.9,14.9,536.0,10.5,6.7,75.0,63.0
23.7,15.4,393.0,6.6,5.6,99.0,63.0
22.7,14.9,290.0,3.9,4.7,117.0,63.0
21.2,14.2,275.0,3.2,4.3,125.0,63.0
19.2,13.2,300.0,3.6,4.1,127.0,63.0
18.7,13.0,335.0,5.1,4.1,126.0,63.0
18.7,12.9,343.0,6.0,3.8,123.0,63.0
19.4,13.5,360.0,7.9,3.7,117.0,62.0
11.8,11.0,462.0,28.7,6.1,88.0,63.0
30.6,29.7,769.0,45.6,11.3,64.0,61.0
48.3,46.4,1160.0,68.2,18.2,31.0,63.0
55.1,52.9,1347.0,81.1,22.0,11.0,66.0
39.5,37.8,1136.0,75.5,19.6,15.0,68.0
27.8,26.2,722.0,60.1,14.1,30.0,68.0
22.5,20.7,399.0,45.1,9.5,44.0,68.0
20.0,18.2,292.0,32.8,7.5,52.0,68.0
16.1,14.4,277.0,20.9,6.4,58.0,68.0
14.0,12.4,279.0,12.8,6.0,59.0,68.0
13.6,12.1,275.0,11.1,6.4,53.0,68.0
13.7,12.2,288.0,13.2,7.4,42.0,68.0
10.7,9.6,314.0,12.0,6.9,48.0,69.0
12.7,11.5,367.0,12.3,6.8,48.0,69.0
10.5,9.5,433.0,12.6,6.7,49.0,68.0
8.6,7.5,461.0,11.9,6.3,54.0,68.0
7.9,6.7,414.0,9.4,5.5,68.0,67.0
7.5,6.2,328.0,6.0,4.5,86.0,67.0
6.8,5.7,264.0,3.5,3.8,101.0,66.0
7.1,6.1,230.0,2.4,3.5,111.0,65.0
6.5,5.6,218.0,2.1,3.4,117.0,65.0
6.6,5.6,261.0,3.2,3.5,119.0,64.0
6.5,5.6,394.0,6.1,3.6,115.0,63.0
6.8,5.8,582.0,10.3,3.9,106.0,63.0
12.9,10.1,756.0,11.1,4.1,99.0,63.0
16.6,13.8,924.0,16.9,5.0,83.0,62.0
16.2,13.9,1079.0,24.8,6.2,61.0,59.0
16.5,14.3,1130.0,29.8,7.0,44.0,56.0
15.5,13.6,1004.0,29.2,7.1,38.0,54.0
13.8,12.2,775.0,25.6,6.8,37.0,53.0
11.4,10.2,568.0,21.9,6.4,37.0,52.0
9.5,8.5,421.0,18.6,6.0,36.0,51.0
8.6,7.5,296.0,15.2,5.5,35.0,51.0
8.3,7.0,210.0,12.6,5.2,34.0,50.0
8.3,6.7,175.0,11.6,5.3,31.0,50.0
8.6,6.6,177.0,11.5,5.5,27.0,49.0
8.8,6.1,196.0,10.4,5.5,31.0,48.0
10.8,7.4,237.0,10.3,5.4,31.0,47.0
13.4,8.2,294.0,10.0,5.3,31.0,47.0
16.2,8.5,324.0,9.3,5.1,34.0,47.0
18.0,9.0,299.0,7.6,4.6,43.0,47.0
19.7,9.7,248.0,5.4,4.0,56.0,48.0
20.6,10.2,211.0,3.7,3.5,67.0,49.0
20.5,10.4,201.0,2.9,3.2,76.0,50.0
20.1,10.5,206.0,2.7,3.1,83.0,50.0
19.8,10.7,233.0,3.2,3.0,86.0,51.0
19.2,10.4,287.0,4.5,3.0,84.0,51.0
18.6,10.4,362.0,6.6,3.0,79.0,52.0
16.5,10.9,447.0,19.4,4.0,59.0,52.0
22.8,17.9,561.0,29.1,5.7,45.0,52.0
26.8,21.8,686.0,42.1,8.1,25.0,53.0
25.3,21.0,749.0,48.9,9.5,14.0,53.0
20.3,16.6,706.0,43.6,9.1,18.0,53.0
17.7,14.6,602.0,32.0,7.8,30.0,54.0
14.7,12.1,502.0,22.3,6.7,39.0,54.0
12.2,10.2,424.0,17.4,6.1,41.0,54.0
10.8,9.2,349.0,14.3,5.7,41.0,54.0
9.9,8.4,289.0,12.2,5.4,39.0,54.0
9.3,7.8,242.0,11.0,5.4,36.0,54.0
9.0,7.3,209.0,10.8,5.5,32.0,54.0
9.1,7.3,203.0,11.3,5.8,29.0,54.0
10.8,8.7,247.0,10.4,5.7,32.0,54.0
11.0,7.7,319.0,9.0,5.4,36.0,54.0
12.8,8.1,358.0,7.6,5.1,44.0,54.0
14.6,8.7,330.0,5.9,4.6,60.0,54.0
16.2,9.6,270.0,4.1,3.9,80.0,54.0
17.5,10.5,226.0,2.9,3.4,94.0,54.0
17.4,10.6,207.0,2.6,3.1,98.0,54.0
17.1,10.5,205.0,3.0,2.8,97.0,54.0
15.7,9.7,238.0,4.2,2.8,93.0,54.0
16.1,10.1,334.0,6.3,3.0,88.0,54.0
17.8,11.5,466.0,9.4,3.4,82.0,54.0
13.8,8.9,572.0,11.4,3.1,71.0,54.0
21.3,17.2,623.0,22.9,5.2,55.0,54.0
27.8,23.6,648.0,38.6,8.0,33.0,54.0
26.6,22.9,675.0,48.8,9.8,17.0,54.0
19.2,16.5,735.0,48.5,9.4,14.0,54.0
17.5,15.1,797.0,42.7,7.9,18.0,54.0
17.3,14.9,796.0,36.7,6.8,22.0,55.0
15.5,13.0,676.0,31.9,6.7,25.0,55.0
16.5,14.0,493.0,26.8,7.0,27.0,55.0
14.6,12.3,344.0,22.8,7.3,29.0,56.0
13.5,11.4,267.0,20.7,7.4,28.0,56.0
13.5,11.3,225.0,19.5,7.5,25.0,56.0
6.4,5.0,207.0,8.6,3.7,41.0,56.0
8.2,6.8,224.0,11.6,4.8,36.0,56.0
10.5,8.8,265.0,15.6,6.3,29.0,56.0
11.4,9.3,291.0,17.6,7.2,25.0,56.0
11.7,8.9,279.0,15.6,7.0,28.0,56.0
11.8,8.4,252.0,11.5,6.1,34.0,56.0
11.5,7.8,233.0,8.1,5.4,41.0,56.0
10.5,7.0,215.0,6.3,4.9,48.0,55.0
9.9,6.7,206.0,5.1,4.6,55.0,55.0
9.4,6.4,255.0,4.8,4.3,61.0,55.0
9.0,6.2,425.0,4.8,4.0,65.0,55.0
8.4,6.0,653.0,5.7,3.9,68.0,54.0
12.2,9.1,799.0,13.0,4.6,66.0,54.0
21.8,18.6,785.0,27.1,9.7,49.0,54.0
33.9,30.5,690.0,45.9,16.4,27.0,55.0
38.6,35.5,610.0,56.3,20.1,12.0,56.0
31.4,28.6,595.0,50.2,17.6,13.0,57.0
20.1,17.6,596.0,35.7,12.0,22.0,57.0
15.5,13.1,561.0,23.2,7.5,30.0,57.0
12.3,10.2,447.0,16.5,5.9,34.0,57.0
9.5,7.9,298.0,11.8,5.4,36.0,56.0
7.1,6.2,190.0,8.6,5.2,38.0,56.0
5.3,5.0,157.0,7.1,5.1,38.0,55.0
4.5,4.3,165.0,7.1,5.2,37.0,55.0
5.1,4.4,193.0,6.6,4.9,44.0,55.0
6.1,5.5,251.0,8.3,5.2,42.0,54.0
6.6,5.8,330.0,10.6,5.7,41.0,54.0
7.1,6.2,374.0,11.4,5.8,45.0,54.0
6.7,5.7,351.0,9.2,5.3,60.0,54.0
6.4,5.5,294.0,5.7,4.4,80.0,53.0
6.4,5.5,251.0,3.2,3.7,94.0,53.0
6.9,5.8,231.0,2.7,3.2,97.0,53.0
7.2,6.0,225.0,3.4,2.8,94.0,53.0
7.7,6.5,251.0,5.3,2.7,88.0,53.0
9.3,8.3,322.0,9.1,3.1,80.0,53.0
8.6,7.9,426.0,14.1,3.8,69.0,53.0
10.1,9.6,545.0,24.9,4.8,63.0,53.0
12.2,11.8,714.0,25.7,5.4,55.0,53.0
10.1,9.9,897.0,26.9,6.3,44.0,51.0
10.0,9.8,974.0,28.1,7.1,35.0,48.0
12.8,12.4,858.0,30.1,7.7,29.0,44.0
14.2,13.6,635.0,32.2,8.2,25.0,43.0
13.8,13.1,444.0,31.9,8.3,23.0,43.0
12.4,11.9,335.0,27.1,7.6,26.0,44.0
11.8,11.4,258.0,20.0,6.5,31.0,44.0
11.3,11.1,206.0,14.2,5.6,36.0,46.0
10.2,10.0,170.0,11.3,5.0,38.0,47.0
9.1,8.8,158.0,9.7,4.7,40.0,48.0
5.7,5.2,186.0,10.6,4.9,38.0,48.0
6.5,5.7,296.0,11.5,5.2,37.0,48.0
8.2,6.9,445.0,12.7,5.5,37.0,48.0
9.1,7.3,529.0,12.8,5.5,39.0,49.0
9.4,6.7,480.0,10.6,4.9,46.0,49.0
10.4,6.9,366.0,7.3,4.0,55.0,49.0
11.7,7.5,276.0,5.0,3.3,63.0,50.0
12.9,8.1,239.0,4.5,3.0,67.0,50.0
13.9,8.6,226.0,5.0,3.0,69.0,50.0
14.8,9.2,248.0,6.9,3.1,69.0,50.0
15.6,10.1,330.0,11.1,3.4,65.0,51.0
16.9,11.7,445.0,16.7,4.0,58.0,51.0
16.6,11.4,525.0,17.4,3.7,67.0,51.0
18.1,13.7,538.0,22.2,4.9,59.0,51.0
20.7,16.2,516.0,28.6,6.6,48.0,52.0
21.7,16.9,479.0,31.4,7.5,41.0,52.0
21.7,16.2,428.0,27.3,7.1,43.0,53.0
21.8,15.7,361.0,19.6,6.0,49.0,53.0
20.3,14.0,301.0,13.2,5.1,54.0,53.0
18.9,12.5,250.0,10.0,4.6,55.0,53.0
17.5,11.1,205.0,8.1,4.3,55.0,53.0
16.6,10.0,175.0,6.8,4.1,54.0,53.0
16.2,9.4,156.0,5.9,4.0,52.0,53.0
15.9,8.9,151.0,5.5,4.0,48.0,53.0
14.3,7.8,184.0,5.9,3.9,46.0,53.0
14.4,8.2,297.0,8.1,4.2,42.0,53.0
14.6,8.9,448.0,11.0,4.7,38.0,53.0
15.9,9.3,526.0,12.3,4.8,38.0,53.0
16.6,9.4,460.0,10.5,4.4,48.0,54.0
17.8,9.9,322.0,7.0,3.8,63.0,54.0
18.5,10.4,219.0,4.4,3.2,75.0,54.0
18.7,10.9,189.0,3.3,2.7,83.0,54.0
18.6,11.0,195.0,2.9,2.3,88.0,54.0
26.0,15.2,231.0,3.8,2.2,91.0,55.0
17.4,10.6,322.0,6.8,2.5,90.0,55.0
16.4,10.9,443.0,10.9,3.0,86.0,55.0
19.5,12.5,513.0,12.1,2.9,81.0,55.0
25.7,17.3,483.0,13.0,3.6,80.0,55.0
23.9,17.0,401.0,14.1,4.6,78.0,55.0
23.2,16.6,331.0,14.4,5.2,75.0,55.0
22.8,16.4,300.0,13.2,5.0,71.0,55.0
22.7,16.2,282.0,11.2,4.5,65.0,55.0
21.7,15.3,259.0,9.3,4.0,61.0,55.0
17.9,12.7,220.0,7.8,3.7,58.0,55.0
15.5,11.0,178.0,6.5,3.5,56.0,55.0
13.8,9.7,150.0,5.6,3.4,54.0,55.0
12.4,8.8,140.0,5.1,3.4,52.0,55.0
11.2,8.0,145.0,5.0,3.6,51.0,55.0
10.9,7.7,176.0,4.8,3.5,53.0,55.0
10.6,7.7,262.0,5.7,3.6,54.0,55.0
11.4,8.4,373.0,6.9,3.6,55.0,55.0
12.0,8.6,434.0,7.4,3.6,59.0,55.0
12.4,8.7,386.0,6.3,3.3,69.0,55.0
13.2,9.1,288.0,4.5,2.9,82.0,55.0
12.5,8.8,234.0,3.2,2.6,92.0,55.0
12.3,8.7,272.0,2.6,2.3,97.0,55.0
12.7,9.0,354.0,2.5,2.1,99.0,55.0
12.2,8.6,433.0,3.2,2.0,98.0,54.0
11.3,8.0,508.0,5.5,2.1,94.0,54.0
11.0,8.0,581.0,8.6,2.3,86.0,54.0
11.6,8.5,608.0,10.3,2.8,72.0,53.0
12.3,9.6,556.0,11.4,3.4,67.0,53.0
10.7,8.8,458.0,12.9,4.2,60.0,52.0
9.6,8.0,376.0,13.6,4.7,55.0,51.0
8.3,7.1,334.0,12.9,4.5,52.0,51.0
7.2,6.4,307.0,11.5,4.1,50.0,50.0
6.2,5.5,278.0,10.0,3.7,49.0,48.0
4.9,4.4,236.0,8.6,3.6,49.0,46.0
3.9,3.6,193.0,7.1,3.6,50.0,44.0
3.6,3.4,165.0,5.9,3.6,51.0,42.0
2.8,2.6,156.0,4.9,3.5,53.0,41.0
2.8,2.5,163.0,4.2,3.5,56.0,40.0
2.0,1.9,190.0,4.5,3.5,55.0,38.0
2.4,2.3,261.0,5.9,3.6,54.0,37.0
2.8,2.7,353.0,7.8,3.8,53.0,36.0
2.8,2.7,402.0,8.6,3.8,56.0,34.0
2.7,2.6,365.0,7.2,3.5,66.0,33.0
2.5,2.4,285.0,4.8,2.9,79.0,32.0
2.4,2.3,232.0,3.2,2.5,89.0,30.0
2.3,2.3,228.0,2.8,2.2,92.0,32.0
3.5,3.0,250.0,3.2,2.0,92.0,34.0
3.0,2.8,297.0,5.1,2.1,89.0,36.0
4.8,4.6,393.0,10.1,2.6,83.0,37.0
5.8,5.7,514.0,16.7,3.4,75.0,39.0
8.7,8.1,586.0,17.2,3.7,70.0,39.0
9.2,8.8,569.0,17.5,4.1,66.0,38.0
9.8,9.3,504.0,17.9,4.5,61.0,36.0
9.3,8.8,436.0,17.5,4.8,57.0,34.0
8.4,7.8,379.0,15.7,4.6,54.0,32.0
7.5,6.9,321.0,13.1,4.2,52.0,30.0
6.7,6.1,269.0,10.7,3.8,51.0,28.0
6.2,5.4,224.0,8.8,3.6,50.0,27.0
5.8,5.0,185.0,7.2,3.5,50.0,26.0
5.6,4.8,162.0,6.1,3.5,49.0,26.0
5.5,4.7,155.0,5.6,3.5,48.0,26.0
5.4,4.6,164.0,5.6,3.6,47.0,27.0
3.7,3.1,193.0,5.9,3.5,48.0,27.0
4.7,4.0,266.0,6.8,3.7,49.0,27.0
6.3,5.5,361.0,8.1,4.0,51.0,28.0
7.4,6.0,412.0,8.4,4.1,56.0,29.0
8.2,6.4,378.0,6.9,3.7,68.0,30.0
9.2,6.9,301.0,4.5,3.1,85.0,31.0
11.7,7.9,246.0,2.8,2.6,98.0,32.0
15.5,9.7,224.0,1.9,2.5,107.0,34.0
17.5,10.6,223.0,1.7,2.5,112.0,36.0
18.3,10.7,272.0,3.1,2.7,113.0,40.0
19.4,11.2,394.0,6.2,2.9,108.0,43.0
18.6,11.0,565.0,11.0,3.2,98.0,46.0
15.5,10.8,742.0,17.9,3.8,85.0,47.0
21.1,16.9,953.0,31.2,6.0,66.0,46.0
26.3,21.9,1169.0,49.0,8.9,39.0,46.0
28.6,24.2,1259.0,59.1,10.7,22.0,49.0
25.4,21.7,1128.0,54.3,10.3,22.0,51.0
20.4,17.7,871.0,41.6,8.8,31.0,52.0
16.6,14.6,640.0,30.3,7.4,39.0,52.0
13.8,12.1,480.0,23.1,6.5,43.0,53.0
11.1,9.9,347.0,17.3,5.7,45.0,53.0
9.5,8.5,260.0,13.2,5.2,46.0,54.0
8.9,7.9,236.0,11.7,5.1,44.0,54.0
9.0,7.9,257.0,11.9,5.3,40.0,54.0
11.7,10.4,294.0,15.4,6.8,40.0,55.0
13.6,12.1,354.0,13.8,7.1,47.0,55.0
12.4,10.2,429.0,11.6,7.5,57.0,56.0
14.5,11.2,461.0,9.3,7.5,69.0,56.0
16.9,11.8,407.0,6.8,6.6,86.0,56.0
18.5,11.6,310.0,4.3,5.4,105.0,57.0
18.0,11.2,240.0,2.5,4.4,120.0,57.0
18.6,11.6,217.0,1.5,4.0,129.0,57.0
18.3,11.6,220.0,1.2,4.0,134.0,57.0
17.7,11.6,260.0,2.8,4.2,134.0,57.0
17.3,11.6,346.0,5.4,4.0,129.0,59.0
17.2,11.7,467.0,9.8,4.1,118.0,70.0
16.3,11.7,603.0,9.3,5.3,122.0,77.0
31.4,27.1,786.0,34.8,12.3,90.0,74.0
48.3,43.3,984.0,69.6,21.9,46.0,60.0
62.9,57.3,1076.0,93.4,28.7,13.0,63.0
73.6,67.5,979.0,96.8,30.7,1.0,66.0
76.6,70.5,777.0,89.2,29.9,1.0,70.0
66.4,60.8,603.0,77.9,27.5,6.0,74.0
48.9,43.5,500.0,62.7,22.6,18.0,76.0
36.3,31.2,425.0,43.8,16.1,35.0,78.0
32.0,26.6,382.0,29.1,11.3,49.0,80.0
30.6,24.9,370.0,22.5,9.8,53.0,81.0
30.6,24.4,391.0,20.2,10.0,52.0,82.0
27.9,20.8,452.0,12.1,10.1,69.0,83.0
34.9,27.3,607.0,13.2,12.1,77.0,84.0
35.0,28.9,803.0,14.7,14.7,89.0,86.0
26.9,21.8,888.0,14.6,16.0,104.0,87.0
23.0,19.1,752.0,11.5,14.8,124.0,87.0
20.2,17.1,505.0,6.8,12.2,146.0,88.0
18.9,16.2,329.0,3.6,10.0,160.0,88.0
19.2,16.5,298.0,3.0,8.6,159.0,88.0
27.2,22.7,338.0,3.8,7.6,150.0,89.0
18.3,15.7,408.0,5.6,7.1,141.0,95.0
18.1,15.8,502.0,8.1,7.2,137.0,105.0
23.1,20.2,626.0,11.6,7.8,132.0,111.0
34.5,29.3,759.0,19.1,8.1,124.0,111.0
41.6,37.6,930.0,28.3,8.9,104.0,102.0
41.2,38.4,1111.0,40.7,10.0,77.0,92.0
37.7,35.0,1195.0,47.9,10.7,58.0,91.0
36.8,34.2,1107.0,45.4,10.6,56.0,88.0
35.6,32.8,921.0,37.8,10.1,62.0,85.0
33.3,30.5,757.0,30.5,9.6,68.0,83.0
32.7,30.0,659.0,25.1,9.2,72.0,82.0
31.4,28.8,583.0,20.0,8.9,76.0,81.0
30.4,27.9,513.0,16.1,8.7,79.0,81.0
28.8,26.5,418.0,13.4,8.6,80.0,82.0
28.1,25.9,330.0,11.9,8.7,79.0,82.0
20.8,18.7,320.0,7.0,6.0,103.0,82.0
25.0,22.8,466.0,12.9,8.1,97.0,81.0
28.1,25.8,691.0,20.9,10.8,89.0,81.0
26.8,24.6,840.0,24.6,12.4,90.0,81.0
23.3,21.2,833.0,20.0,11.7,108.0,81.0
21.1,19.3,751.0,11.3,9.7,134.0,81.0
19.5,17.8,678.0,4.8,8.0,153.0,82.0
19.0,17.2,628.0,2.6,6.9,157.0,82.0
19.0,16.8,588.0,2.6,5.9,153.0,81.0
18.7,16.2,607.0,5.2,5.4,145.0,85.0
20.1,17.8,728.0,11.9,5.5,131.0,94.0
23.9,21.8,908.0,21.2,6.1,112.0,99.0
29.8,26.1,1070.0,20.3,7.2,130.0,104.0
49.5,45.9,1206.0,49.8,11.9,91.0,95.0
68.7,65.0,1324.0,89.3,18.2,37.0,84.0
71.5,68.0,1364.0,110.6,21.5,4.0,87.0
56.7,53.3,1285.0,95.9,18.9,11.0,88.0
41.9,39.0,1129.0,63.0,13.4,38.0,89.0
36.0,33.2,960.0,36.4,9.1,60.0,89.0
31.4,28.7,775.0,25.8,7.9,66.0,89.0
30.9,27.9,577.0,21.6,8.0,66.0,89.0
32.5,29.1,442.0,19.3,8.4,65.0,89.0
32.7,29.3,403.0,18.0,8.9,61.0,89.0
33.3,30.0,427.0,18.6,9.7,56.0,89.0
24.0,22.2,490.0,11.3,7.6,83.0,90.0
25.2,23.5,626.0,13.8,8.1,81.0,90.0
22.6,21.2,801.0,17.0,8.8,80.0,89.0
16.8,15.8,896.0,18.1,9.1,85.0,89.0
14.8,14.0,833.0,15.1,8.7,101.0,88.0
14.0,13.3,689.0,10.0,7.9,123.0,88.0
13.9,13.2,577.0,6.1,7.1,142.0,87.0
14.0,13.3,524.0,3.7,6.5,157.0,87.0
13.8,13.1,503.0,2.5,6.0,168.0,87.0
13.3,12.7,544.0,4.5,5.7,168.0,86.0
12.9,12.3,713.0,11.4,5.3,149.0,99.0
13.9,13.4,944.0,21.5,5.1,119.0,106.0
17.9,17.3,1073.0,25.3,6.8,119.0,110.0
29.7,29.3,985.0,33.9,7.9,103.0,106.0
28.8,28.3,796.0,45.5,9.5,81.0,93.0
29.2,28.8,688.0,52.6,10.7,65.0,77.0
32.1,31.7,775.0,51.3,11.1,63.0,76.0
32.6,31.8,943.0,45.5,11.0,67.0,75.0
32.5,31.7,1037.0,39.9,10.9,69.0,75.0
32.7,31.9,970.0,35.8,10.7,65.0,75.0
30.7,29.8,828.0,31.8,10.4,59.0,75.0
27.5,26.8,720.0,28.9,10.3,53.0,75.0
25.3,24.5,670.0,27.7,10.4,44.0,75.0
28.3,27.4,652.0,27.6,10.6,35.0,74.0
24.5,22.2,702.0,11.2,7.8,85.0,74.0
30.3,27.8,909.0,16.4,9.8,80.0,75.0
34.0,31.4,1183.0,23.3,12.6,75.0,76.0
37.5,31.5,1286.0,26.2,14.2,80.0,77.0
50.1,37.6,1048.0,21.1,13.5,105.0,79.0
59.4,40.7,639.0,11.9,11.7,139.0,81.0
61.2,40.7,335.0,5.0,10.1,165.0,83.0
58.9,39.2,220.0,2.2,9.1,175.0,85.0
58.4,38.9,210.0,1.6,8.4,176.0,87.0
52.6,35.3,330.0,4.4,8.0,169.0,97.0
60.5,39.6,630.0,11.5,8.0,150.0,113.0
48.4,32.5,1061.0,21.9,8.3,123.0,122.0
73.3,48.4,1498.0,32.1,8.9,95.0,120.0
84.1,57.2,2014.0,54.1,12.6,65.0,104.0
97.3,68.7,2537.0,83.4,17.5,25.0,100.0
102.0,73.3,2724.0,98.0,20.3,3.0,105.0
91.0,64.7,2297.0,84.1,18.8,15.0,109.0
80.1,56.7,1533.0,55.5,15.0,45.0,111.0
71.7,51.0,923.0,31.8,12.3,71.0,113.0
65.9,46.8,663.0,20.3,11.8,85.0,115.0
61.7,43.9,556.0,13.7,12.3,95.0,116.0
59.5,42.3,505.0,10.0,12.9,100.0,118.0
60.3,43.2,491.0,9.5,13.3,96.0,120.0
63.3,45.2,533.0,11.8,13.9,86.0,122.0
66.1,47.1,588.0,13.7,14.1,81.0,124.0
74.5,54.6,670.0,15.6,15.4,90.0,127.0
73.3,56.9,764.0,18.1,17.2,102.0,130.0
67.5,43.2,785.0,18.4,17.7,116.0,131.0
69.6,38.3,662.0,14.4,15.9,132.0,131.0
69.8,38.0,465.0,8.4,12.9,150.0,131.0
66.1,37.3,317.0,3.9,10.5,161.0,130.0
62.2,36.0,251.0,2.0,9.3,163.0,130.0
57.0,34.0,233.0,1.7,8.6,159.0,129.0
54.4,32.9,283.0,4.0,8.3,150.0,129.0
51.8,32.1,460.0,10.7,8.3,134.0,128.0
49.6,31.8,706.0,20.0,8.7,113.0,128.0
38.9,29.9,866.0,29.0,9.1,90.0,126.0
44.8,35.5,859.0,34.9,10.2,79.0,124.0
46.4,37.8,767.0,42.6,11.6,64.0,121.0
44.2,36.1,676.0,45.6,12.5,56.0,117.0
41.2,33.5,616.0,39.7,12.4,62.0,114.0
40.7,32.8,557.0,29.0,11.7,75.0,111.0
40.4,32.5,499.0,20.3,11.1,85.0,109.0
39.9,32.0,436.0,15.8,10.8,87.0,108.0
39.6,31.7,374.0,13.1,10.7,85.0,107.0
41.2,32.7,332.0,11.7,10.6,81.0,106.0
43.0,33.9,313.0,11.9,10.7,75.0,105.0
45.5,35.5,314.0,13.3,10.9,67.0,104.0
44.5,34.2,339.0,13.0,9.9,64.0,102.0
49.7,38.4,413.0,13.4,10.2,70.0,101.0
48.5,35.9,511.0,13.8,10.5,79.0,99.0
46.7,31.1,561.0,13.1,10.4,90.0,98.0
46.7,30.5,516.0,10.3,9.4,106.0,97.0
43.5,28.7,422.0,6.4,8.0,125.0,96.0
38.9,26.4,347.0,3.6,6.8,138.0,96.0
34.2,24.0,294.0,2.0,6.0,142.0,95.0
29.9,21.7,260.0,1.6,5.3,141.0,94.0
27.0,20.0,306.0,3.8,5.0,135.0,93.0
25.7,19.4,495.0,10.1,5.0,122.0,92.0
25.6,19.4,765.0,19.1,5.3,104.0,91.0
19.7,18.0,984.0,32.2,6.5,80.0,90.0
27.8,25.7,1123.0,38.1,7.5,68.0,89.0
29.0,26.8,1211.0,45.8,8.8,52.0,88.0
26.1,23.6,1212.0,48.8,9.6,42.0,87.0
23.9,21.2,1074.0,42.8,9.2,45.0,86.0
22.8,20.1,848.0,32.2,8.3,55.0,85.0
20.3,13.2,168.0,10.5,7.2,51.0,57.0
20.4,13.4,155.0,10.0,7.0,49.0,57.0
20.2,13.3,147.0,9.5,6.8,46.0,57.0
20.0,12.9,141.0,9.2,6.7,43.0,57.0
19.8,12.4,140.0,9.0,6.7,40.0,58.0
20.1,12.4,148.0,8.9,7.0,40.0,58.0
20.5,13.1,175.0,9.4,8.2,41.0,59.0
22.1,14.6,211.0,10.1,9.9,43.0,59.0
24.0,15.8,233.0,10.0,10.8,50.0,60.0
25.8,16.8,227.0,8.4,10.4,67.0,60.0
27.9,18.1,206.0,6.0,9.3,90.0,61.0
30.0,19.7,186.0,4.1,8.2,107.0,61.0
31.3,20.8,167.0,3.2,7.1,114.0,62.0
30.7,20.3,148.0,2.8,6.0,115.0,62.0
29.6,18.9,147.0,2.8,5.2,115.0,62.0
30.4,18.7,173.0,3.0,5.0,116.0,62.0
31.0,19.1,215.0,3.6,5.3,115.0,62.0
39.9,25.0,260.0,4.8,4.7,106.0,63.0
36.8,23.8,317.0,6.3,5.2,103.0,64.0
35.4,23.2,376.0,8.4,6.0,99.0,65.0
32.6,21.8,394.0,10.3,6.7,93.0,65.0
29.4,19.8,334.0,12.0,7.3,83.0,66.0
27.4,18.8,234.0,13.5,7.7,70.0,66.0
24.4,17.1,160.0,14.3,8.0,59.0,66.0
20.8,14.8,144.0,13.9,7.9,52.0,66.0
17.8,12.5,154.0,12.6,7.7,47.0,66.0
15.7,10.6,163.0,11.5,7.4,43.0,66.0
14.3,9.2,156.0,10.6,7.2,40.0,66.0
14.2,8.4,148.0,9.9,6.9,39.0,66.0
20.8,14.6,152.0,13.6,9.4,38.0,66.0
21.8,15.4,183.0,13.5,10.2,40.0,66.0
22.6,16.0,227.0,13.4,11.4,43.0,66.0
23.7,16.5,250.0,12.4,11.7,51.0,66.0
25.5,17.2,232.0,10.0,10.6,68.0,66.0
28.2,18.7,193.0,6.8,8.7,89.0,66.0
29.5,19.5,165.0,4.3,7.2,106.0,66.0
28.5,18.9,160.0,3.1,6.4,116.0,66.0
29.2,19.0,165.0,2.7,6.0,121.0,66.0
28.4,19.0,177.0,2.7,5.7,123.0,66.0
29.7,19.6,197.0,3.0,5.4,122.0,66.0
28.6,18.5,223.0,3.7,5.2,117.0,66.0
38.5,25.0,244.0,4.4,4.9,108.0,66.0
35.4,23.0,257.0,6.1,5.1,102.0,66.0
33.1,21.5,264.0,8.4,5.4,92.0,66.0
31.7,20.4,262.0,10.3,5.8,83.0,66.0
31.0,20.0,244.0,11.5,6.2,74.0,66.0
29.5,19.0,216.0,12.4,6.7,65.0,66.0
28.4,18.2,193.0,12.8,7.0,57.0,66.0
26.1,16.2,182.0,12.4,7.1,51.0,66.0
25.1,14.8,176.0,11.6,7.1,46.0,66.0
25.7,14.4,171.0,10.9,7.2,42.0,66.0
26.5,14.5,164.0,10.8,7.4,39.0,67.0
26.1,14.4,159.0,10.9,7.6,37.0,67.0
29.1,15.8,163.0,9.5,7.2,38.0,67.0
28.1,16.1,189.0,10.0,8.2,38.0,67.0
27.9,16.8,224.0,10.6,9.6,38.0,67.0
27.6,16.8,243.0,10.4,10.3,44.0,67.0
27.6,17.3,229.0,8.8,9.8,60.0,67.0
29.0,18.7,199.0,6.5,8.7,82.0,67.0
30.9,20.4,177.0,4.7,7.6,100.0,67.0
30.6,20.6,172.0,3.8,6.8,111.0,68.0
31.9,21.4,176.0,3.3,6.0,118.0,68.0
37.8,24.5,184.0,3.2,5.6,122.0,68.0
39.9,25.3,201.0,3.5,5.8,121.0,69.0
39.8,24.9,223.0,4.1,6.4,117.0,69.0
53.3,33.3,235.0,5.6,6.4,105.0,70.0
46.0,29.8,221.0,8.3,6.5,96.0,70.0
38.5,26.0,197.0,11.9,6.6,83.0,71.0
36.9,25.4,194.0,14.7,7.0,73.0,71.0
35.0,24.4,240.0,15.6,7.8,68.0,71.0
32.6,22.4,308.0,15.6,8.8,64.0,72.0
30.3,20.8,343.0,15.6,9.7,60.0,72.0
26.7,18.7,314.0,16.0,10.2,53.0,72.0
22.8,16.5,254.0,16.3,10.6,44.0,72.0
19.8,14.8,204.0,16.5,10.7,37.0,72.0
18.0,13.6,181.0,16.5,10.3,32.0,72.0
17.2,12.7,169.0,16.4,9.6,28.0,72.0
16.1,11.8,166.0,16.4,9.1,27.0,72.0
16.1,11.7,177.0,15.3,10.3,30.0,71.0
17.3,12.1,197.0,13.8,11.9,34.0,71.0
18.2,12.2,212.0,12.1,12.7,43.0,71.0
19.8,13.4,216.0,10.3,11.9,60.0,70.0
22.9,15.8,216.0,8.3,10.3,81.0,70.0
25.1,17.8,214.0,6.6,8.8,97.0,70.0
27.9,19.4,210.0,5.2,7.6,106.0,70.0
27.9,19.8,204.0,4.0,6.6,110.0,70.0
27.6,19.6,204.0,3.6,6.1,111.0,69.0
26.6,18.6,215.0,4.2,6.4,109.0,69.0
27.1,18.5,232.0,5.5,7.2,104.0,68.0
30.9,21.7,244.0,8.9,8.3,100.0,67.0
30.5,21.9,242.0,11.8,9.6,96.0,67.0
29.4,21.9,235.0,15.8,11.4,90.0,66.0
29.2,22.2,236.0,18.2,12.3,85.0,66.0
27.7,21.4,255.0,17.6,11.2,83.0,66.0
26.6,20.4,282.0,15.5,9.2,83.0,66.0
26.6,19.9,297.0,13.8,7.9,82.0,66.0
25.4,18.7,289.0,13.1,7.9,80.0,66.0
24.2,17.8,268.0,12.8,8.6,77.0,66.0
23.2,17.2,249.0,13.0,9.7,73.0,66.0
22.2,16.6,224.0,14.0,11.5,66.0,66.0
21.1,16.1,201.0,15.5,13.7,56.0,67.0
23.3,17.5,213.0,16.1,11.8,54.0,67.0
23.9,18.0,303.0,17.4,12.5,54.0,67.0
25.0,19.2,430.0,19.2,13.5,53.0,68.0
26.4,20.3,500.0,19.6,13.8,56.0,69.0
27.0,20.0,459.0,17.7,13.1,63.0,69.0
28.9,20.5,362.0,14.4,11.8,72.0,70.0
31.5,21.4,285.0,11.4,10.5,82.0,70.0
34.3,22.5,258.0,8.9,9.2,92.0,70.0
36.7,23.4,252.0,6.6,7.9,103.0,70.0
37.5,23.7,254.0,5.2,6.9,110.0,71.0
37.7,23.7,267.0,5.2,6.4,111.0,71.0
37.5,23.5,289.0,6.1,6.2,109.0,72.0
38.9,24.5,299.0,7.2,5.9,105.0,72.0
39.3,25.8,279.0,9.4,6.4,103.0,72.0
39.8,27.6,248.0,12.4,7.0,101.0,72.0
37.4,26.6,236.0,14.1,7.7,100.0,73.0
32.4,23.2,269.0,13.2,8.4,101.0,73.0
29.7,21.4,322.0,11.1,9.2,103.0,73.0
24.2,18.0,353.0,9.9,9.8,101.0,73.0
20.7,15.4,339.0,10.4,10.2,90.0,73.0
18.8,14.1,304.0,11.8,10.5,75.0,72.0
18.0,13.6,276.0,13.3,10.9,62.0,72.0
17.9,13.7,263.0,15.1,11.5,52.0,72.0
18.5,14.3,257.0,17.1,12.1,43.0,72.0
19.3,14.6,268.0,17.8,11.5,41.0,71.0
19.9,15.4,315.0,17.6,11.4,42.0,71.0
21.9,17.0,379.0,17.1,11.2,45.0,71.0
24.7,17.8,404.0,15.8,11.2,54.0,71.0
30.6,19.0,352.0,12.9,11.8,74.0,71.0
38.2,21.8,262.0,9.2,12.5,100.0,71.0
46.0,25.1,200.0,6.3,12.3,121.0,71.0
53.4,28.4,199.0,4.7,10.4,133.0,72.0
53.2,28.8,226.0,3.8,7.7,139.0,72.0
50.8,27.3,252.0,3.5,5.6,141.0,72.0
50.1,26.1,271.0,4.0,4.9,137.0,73.0
49.4,25.4,289.0,5.0,4.9,128.0,74.0
63.8,30.9,295.0,7.1,5.1,110.0,81.0
59.8,32.5,281.0,8.4,5.7,111.0,84.0
54.5,31.8,255.0,10.2,6.6,111.0,81.0
47.7,29.0,233.0,11.1,7.1,110.0,76.0
41.1,25.5,217.0,10.1,6.8,106.0,74.0
35.4,21.9,204.0,8.2,6.1,101.0,74.0
31.9,19.4,201.0,7.5,5.9,94.0,75.0
29.7,18.1,212.0,8.9,6.9,85.0,75.0
29.7,18.9,233.0,11.4,8.4,73.0,75.0
31.0,21.1,251.0,14.1,9.4,62.0,76.0
32.0,22.7,267.0,17.2,9.4,49.0,76.0
32.2,23.3,280.0,20.3,9.0,36.0,77.0
32.1,23.1,279.0,22.7,9.7,31.0,78.0
31.2,22.6,253.0,20.2,9.8,33.0,78.0
29.8,21.3,213.0,16.7,10.0,37.0,79.0
29.5,18.6,181.0,13.4,10.4,48.0,79.0
32.5,18.0,164.0,10.5,11.3,70.0,79.0
39.1,20.3,154.0,7.7,12.4,99.0,79.0
46.9,23.9,153.0,5.6,12.6,122.0,79.0
53.2,28.0,164.0,4.2,10.9,135.0,78.0
51.8,27.9,184.0,3.4,8.2,143.0,78.0
50.1,26.5,199.0,3.2,6.2,145.0,78.0
48.3,25.1,204.0,3.7,5.6,139.0,78.0
47.5,24.0,205.0,4.8,5.6,129.0,78.0
37.1,18.2,202.0,5.2,5.6,111.0,84.0
31.0,18.2,194.0,5.5,6.2,111.0,87.0
26.0,17.4,184.0,5.8,6.9,110.0,84.0
24.8,17.3,174.0,6.1,7.3,107.0,78.0
24.6,16.6,166.0,5.9,6.7,100.0,73.0
24.9,16.1,159.0,5.6,5.7,91.0,73.0
25.6,15.9,159.0,6.1,5.3,82.0,73.0
26.1,15.9,173.0,7.9,6.3,73.0,72.0
26.6,16.7,194.0,10.4,8.0,65.0,72.0
27.0,17.9,205.0,12.7,9.1,56.0,72.0
27.8,19.6,195.0,14.6,9.1,46.0,72.0
29.3,21.2,175.0,16.3,8.5,37.0,72.0
31.1,22.0,162.0,18.0,9.6,35.0,71.0
33.4,22.9,166.0,16.1,9.7,39.0,72.0
34.6,22.1,176.0,13.3,9.8,45.0,72.0
35.6,19.4,180.0,10.7,9.9,54.0,72.0
37.7,18.2,169.0,8.3,10.0,70.0,72.0
41.8,18.9,153.0,6.1,10.0,89.0,72.0
47.3,20.7,143.0,4.4,9.8,106.0,71.0
54.1,23.3,147.0,3.5,9.2,120.0,71.0
59.8,26.0,157.0,3.3,8.4,133.0,71.0
60.3,28.2,170.0,3.5,7.6,140.0,71.0
55.6,27.5,185.0,4.4,6.7,139.0,71.0
54.0,27.0,203.0,5.8,5.9,133.0,71.0
60.8,30.0,215.0,6.8,5.9,132.0,78.0
55.4,30.5,216.0,8.3,5.9,123.0,85.0
48.3,27.9,211.0,10.4,6.0,111.0,86.0
44.0,26.1,211.0,11.7,6.1,101.0,82.0
41.0,25.0,222.0,11.1,6.1,97.0,75.0
38.2,23.6,238.0,9.7,6.2,95.0,76.0
34.7,21.2,248.0,9.1,6.5,91.0,76.0
32.1,19.1,247.0,10.3,7.5,82.0,77.0
31.5,19.4,240.0,12.3,8.7,71.0,77.0
31.7,21.2,237.0,14.5,9.6,60.0,77.0
31.3,22.7,243.0,16.8,9.6,49.0,77.0
29.8,22.7,251.0,19.3,9.2,39.0,77.0
27.9,21.3,255.0,19.6,8.9,36.0,77.0
24.4,18.6,247.0,17.6,8.9,40.0,77.0
22.0,16.3,234.0,14.8,8.8,46.0,77.0
21.5,14.6,226.0,12.1,9.0,57.0,76.0
23.1,15.0,228.0,9.7,9.8,76.0,76.0
26.4,16.9,235.0,7.4,10.8,100.0,76.0
29.5,18.9,239.0,5.7,11.1,120.0,76.0
32.0,20.3,236.0,4.7,10.1,135.0,75.0
36.6,23.1,230.0,4.2,8.5,146.0,75.0
41.3,26.5,226.0,4.2,7.2,153.0,75.0
41.7,26.3,227.0,4.9,6.6,154.0,75.0
42.5,26.5,230.0,6.0,6.3,149.0,86.0
60.3,39.9,234.0,7.3,6.3,148.0,102.0
62.2,42.1,239.0,8.8,6.6,141.0,110.0
62.9,42.5,244.0,10.9,6.9,132.0,113.0
62.2,41.9,249.0,12.3,7.2,123.0,110.0
60.3,40.9,253.0,12.5,7.2,117.0,104.0
58.0,39.6,257.0,12.1,7.0,112.0,95.0
53.0,36.4,256.0,11.6,7.0,105.0,85.0
45.4,31.1,248.0,11.0,7.0,96.0,84.0
38.9,26.4,236.0,10.3,7.2,85.0,84.0
36.0,24.4,228.0,10.2,8.0,75.0,85.0
34.1,23.2,222.0,11.3,10.0,67.0,85.0
31.5,21.8,219.0,13.0,12.6,59.0,84.0
27.7,20.4,230.0,15.1,15.3,55.0,84.0
26.8,20.7,275.0,16.2,15.3,54.0,85.0
27.7,22.3,335.0,17.5,15.3,55.0,85.0
28.6,22.9,360.0,17.4,15.1,65.0,86.0
31.2,23.3,315.0,14.5,14.9,93.0,86.0
34.6,24.6,236.0,10.2,14.5,131.0,87.0
37.7,25.9,183.0,6.7,13.5,160.0,88.0
42.1,28.5,184.0,4.9,11.3,174.0,88.0
46.9,31.8,212.0,3.9,8.4,181.0,89.0
43.7,29.6,239.0,3.6,6.2,181.0,89.0
43.1,28.1,261.0,3.9,5.3,173.0,113.0
42.1,27.0,283.0,4.8,5.1,160.0,133.0
36.1,24.3,293.0,6.0,6.0,148.0,145.0
36.4,26.0,282.0,7.0,6.5,147.0,148.0
36.6,26.6,259.0,8.3,7.3,146.0,145.0
37.0,26.9,239.0,9.1,7.6,140.0,138.0
36.7,26.3,224.0,8.7,7.1,126.0,126.0
35.9,25.1,211.0,7.8,6.2,107.0,111.0
34.7,23.7,207.0,7.5,5.9,90.0,93.0
32.6,22.0,217.0,8.3,6.8,79.0,80.0
30.7,21.0,235.0,9.7,8.4,71.0,80.0
28.9,20.4,252.0,11.6,9.7,63.0,80.0
27.2,20.1,264.0,14.4,10.4,53.0,79.0
26.0,20.2,276.0,17.6,10.9,44.0,79.0
26.3,20.8,291.0,18.2,10.6,43.0,79.0
26.3,21.8,320.0,19.3,10.6,44.0,79.0
27.1,23.2,351.0,20.7,10.7,47.0,79.0
26.8,22.6,357.0,20.4,10.9,57.0,79.0
28.8,22.1,311.0,17.1,11.7,80.0,79.0
33.9,23.8,239.0,12.2,12.7,109.0,79.0
38.9,26.1,190.0,8.2,12.8,132.0,79.0
41.1,27.3,185.0,6.2,11.1,143.0,79.0
40.9,27.3,203.0,5.1,8.5,148.0,79.0
40.0,26.5,224.0,4.7,6.5,149.0,79.0
39.7,25.9,245.0,5.1,5.8,146.0,78.0
40.4,25.9,270.0,6.2,5.8,138.0,89.0
43.3,27.9,288.0,6.0,6.0,129.0,99.0
43.0,28.9,297.0,7.1,6.7,126.0,103.0
42.4,29.4,300.0,8.7,7.6,122.0,101.0
40.6,28.5,291.0,9.6,8.1,116.0,95.0
37.4,26.5,259.0,9.1,7.5,106.0,86.0
34.1,24.0,216.0,8.0,6.5,95.0,79.0
31.8,21.8,188.0,7.7,6.1,84.0,79.0
30.2,20.8,189.0,8.9,7.0,76.0,79.0
29.0,20.7,205.0,10.9,8.4,70.0,79.0
28.1,20.8,228.0,12.8,9.7,63.0,79.0
27.1,20.7,259.0,14.7,10.3,55.0,79.0
26.1,20.4,297.0,16.5,10.7,46.0,79.0
28.2,21.1,326.0,14.9,10.9,49.0,79.0
29.6,23.1,347.0,16.3,12.2,50.0,79.0
32.6,25.1,360.0,18.1,13.8,52.0,79.0
36.2,27.3,351.0,18.3,14.7,61.0,80.0
38.5,28.1,298.0,15.6,14.1,83.0,80.0
40.4,28.4,223.0,11.4,12.7,112.0,80.0
42.6,29.3,174.0,7.9,11.1,133.0,81.0
42.0,28.2,176.0,5.7,9.1,139.0,81.0
39.0,25.4,204.0,4.2,7.0,138.0,81.0
37.0,23.3,231.0,3.6,5.6,134.0,80.0
34.5,21.8,248.0,4.1,5.5,129.0,80.0
33.3,21.0,265.0,5.6,6.3,122.0,80.0
43.3,26.3,279.0,6.1,7.9,113.0,84.0
42.1,26.6,293.0,8.2,9.1,110.0,83.0
40.0,25.9,304.0,11.2,10.7,105.0,79.0
36.4,24.4,306.0,13.8,11.7,96.0,79.0
27.2,18.7,293.0,15.8,11.5,80.0,78.0
17.5,13.1,271.0,17.5,10.6,60.0,77.0
16.2,12.0,253.0,18.6,9.8,45.0,76.0
17.7,12.3,245.0,18.8,9.3,39.0,76.0
19.3,13.0,241.0,18.4,9.0,37.0,75.0
18.6,13.1,236.0,18.1,8.7,35.0,75.0
16.9,12.6,215.0,18.3,8.5,31.0,74.0
15.8,12.0,193.0,18.6,8.4,28.0,73.0
29.6,19.2,207.0,19.4,15.0,40.0,73.0
27.0,18.3,306.0,21.2,16.4,38.0,73.0
28.0,19.7,441.0,23.7,18.4,36.0,72.0
29.0,20.8,510.0,25.4,20.2,35.0,72.0
30.2,22.1,442.0,25.6,21.8,37.0,71.0
29.8,21.9,308.0,25.0,23.2,40.0,71.0
27.2,20.1,214.0,23.7,23.9,47.0,70.0
24.3,18.3,213.0,21.1,23.7,59.0,69.0
22.6,17.1,254.0,17.8,22.7,74.0,69.0
21.8,16.5,287.0,15.5,21.6,86.0,68.0
22.4,16.6,291.0,15.2,20.3,92.0,68.0
28.1,19.2,288.0,16.0,18.8,94.0,68.0
41.9,27.7,299.0,10.5,8.9,89.0,68.0
42.6,29.2,346.0,11.4,9.2,89.0,68.0
43.1,30.0,405.0,12.7,9.5,89.0,68.0
43.4,30.2,431.0,14.4,9.9,86.0,69.0
40.9,28.6,390.0,16.7,10.3,78.0,69.0
38.3,26.3,314.0,19.4,10.8,67.0,71.0
36.6,24.4,254.0,21.2,10.9,57.0,71.0
34.9,22.7,228.0,21.4,10.3,50.0,72.0
32.4,21.3,217.0,20.8,9.5,44.0,73.0
30.0,20.0,214.0,20.3,8.8,39.0,73.0
28.4,19.1,215.0,20.3,8.5,34.0,74.0
27.5,18.7,224.0,20.3,8.4,31.0,75.0
30.7,19.3,247.0,19.2,10.3,37.0,75.0
31.4,20.0,300.0,18.8,12.3,40.0,75.0
34.5,21.8,366.0,18.1,15.1,46.0,75.0
37.3,23.6,399.0,17.0,16.7,53.0,75.0
37.0,23.6,370.0,15.0,16.2,64.0,75.0
36.2,23.5,309.0,12.5,14.7,76.0,75.0
34.9,23.1,256.0,10.3,12.9,87.0,76.0
34.5,23.0,223.0,8.4,11.0,95.0,76.0
34.6,23.1,198.0,6.8,9.0,100.0,76.0
35.6,23.5,186.0,5.9,7.6,103.0,77.0
35.4,23.2,193.0,6.0,7.4,103.0,77.0
34.5,22.6,213.0,7.0,7.8,100.0,78.0
38.0,25.2,227.0,7.2,9.1,97.0,78.0
37.4,25.1,226.0,8.0,9.5,95.0,77.0
37.3,25.3,219.0,9.1,10.1,92.0,77.0
37.4,25.5,213.0,9.6,10.2,90.0,76.0
36.7,24.9,210.0,8.8,9.4,90.0,76.0
34.7,23.1,210.0,7.4,8.2,90.0,76.0
31.7,20.6,215.0,6.6,7.3,88.0,76.0
28.9,18.1,236.0,6.8,7.0,82.0,75.0
26.7,16.9,263.0,7.6,7.1,73.0,75.0
26.3,17.2,274.0,9.1,7.8,64.0,75.0
27.1,18.7,241.0,11.8,9.5,55.0,75.0
29.1,20.8,191.0,15.2,11.8,45.0,75.0
46.7,29.5,189.0,13.8,11.6,48.0,76.0
47.1,30.6,295.0,15.8,12.6,46.0,76.0
50.1,32.7,448.0,18.5,14.0,43.0,77.0
51.8,34.0,529.0,19.6,14.9,45.0,78.0
45.1,30.2,462.0,17.8,15.1,57.0,79.0
39.7,27.4,323.0,14.4,14.9,73.0,79.0
37.1,25.7,217.0,11.6,14.2,88.0,79.0
34.0,23.6,185.0,10.0,12.9,99.0,79.0
32.7,22.8,187.0,9.0,11.2,109.0,79.0
35.0,24.2,205.0,8.2,9.6,114.0,79.0
33.1,23.1,244.0,7.1,7.9,113.0,79.0
30.7,21.1,299.0,6.3,6.2,108.0,79.0
40.7,27.2,337.0,8.3,6.8,121.0,79.0
36.4,25.6,334.0,9.7,7.1,110.0,79.0
32.4,23.2,315.0,11.8,7.5,95.0,79.0
30.4,21.9,315.0,14.2,8.2,81.0,79.0
28.5,20.9,363.0,17.2,9.7,69.0,79.0
27.6,20.0,430.0,20.4,11.5,58.0,78.0
27.0,19.0,472.0,22.5,12.5,49.0,78.0
24.9,17.5,463.0,22.6,12.1,41.0,78.0
22.7,16.1,427.0,21.6,10.9,35.0,78.0
20.0,14.5,395.0,20.5,9.8,30.0,78.0
17.0,12.8,365.0,19.5,9.0,26.0,77.0
14.3,11.4,337.0,18.4,8.3,23.0,77.0
29.9,22.5,344.0,16.1,9.2,52.0,76.0
30.5,23.4,429.0,17.8,10.7,51.0,76.0
32.6,25.4,549.0,19.9,12.7,50.0,75.0
33.4,25.4,598.0,20.4,14.2,57.0,74.0
29.5,22.0,505.0,17.6,15.0,77.0,74.0
28.5,20.9,342.0,13.2,15.2,103.0,73.0
30.5,21.8,221.0,9.4,14.6,126.0,73.0
35.3,24.8,188.0,7.0,12.4,143.0,73.0
41.0,28.6,196.0,5.3,9.2,156.0,73.0
45.1,29.7,221.0,4.4,6.8,161.0,74.0
42.5,28.3,262.0,4.5,5.6,155.0,75.0
41.0,26.9,319.0,5.4,5.2,142.0,93.0
42.5,28.9,370.0,7.2,5.5,125.0,103.0
41.1,28.7,412.0,10.2,6.8,115.0,105.0
38.5,27.8,447.0,14.3,8.6,101.0,100.0
37.3,27.4,456.0,17.2,9.8,90.0,89.0
35.6,26.8,423.0,18.0,9.6,84.0,76.0
36.7,27.6,364.0,17.6,8.8,81.0,77.0
36.9,27.8,312.0,16.6,8.2,78.0,78.0
37.3,25.7,275.0,14.6,7.9,74.0,78.0
34.1,22.8,244.0,12.0,7.7,70.0,79.0
32.4,21.9,226.0,10.8,8.4,65.0,79.0
33.2,22.5,225.0,12.1,10.5,58.0,80.0
32.2,22.3,237.0,14.8,13.4,50.0,81.0
28.9,23.0,260.0,21.2,12.7,33.0,81.0
26.6,21.7,310.0,20.8,12.8,34.0,81.0
25.7,21.4,372.0,20.1,12.9,35.0,81.0
24.5,19.8,398.0,18.8,13.1,42.0,80.0
23.5,18.3,351.0,16.5,13.8,58.0,80.0
24.1,17.9,268.0,13.6,14.5,79.0,80.0
24.9,18.3,210.0,11.1,14.4,97.0,79.0
28.5,20.4,204.0,9.1,12.4,108.0,79.0
32.1,22.3,222.0,7.5,9.6,116.0,78.0
32.9,22.4,243.0,6.7,7.4,119.0,78.0
32.5,21.8,258.0,7.1,6.7,117.0,77.0
30.4,21.1,276.0,8.4,6.7,110.0,77.0
35.2,24.4,298.0,8.6,6.0,105.0,77.0
34.7,25.0,336.0,8.6,6.3,103.0,76.0
34.9,25.1,379.0,8.8,6.7,100.0,76.0
33.2,24.1,397.0,10.4,7.5,94.0,76.0
31.9,23.5,368.0,14.8,8.9,83.0,76.0
31.7,24.0,314.0,20.6,10.6,69.0,75.0
31.7,24.7,270.0,24.6,11.7,58.0,75.0
31.9,24.9,248.0,25.0,11.7,53.0,75.0
31.8,24.7,236.0,23.7,11.2,51.0,75.0
32.1,24.6,229.0,22.5,11.0,48.0,75.0
32.9,25.0,218.0,22.4,11.6,43.0,76.0
32.9,25.1,213.0,22.6,12.5,38.0,76.0
28.9,22.1,237.0,18.8,12.2,41.0,76.0
27.8,21.7,325.0,18.4,13.0,42.0,76.0
27.7,21.9,443.0,17.7,13.9,45.0,76.0
27.2,20.7,508.0,16.2,14.3,53.0,76.0
28.4,20.0,473.0,13.0,13.6,72.0,76.0
31.1,21.0,386.0,9.0,12.2,96.0,76.0
33.8,22.5,312.0,5.8,10.7,115.0,76.0
33.6,22.5,276.0,3.9,8.9,123.0,77.0
33.2,22.2,253.0,2.9,6.9,124.0,77.0
32.4,21.8,236.0,2.7,5.7,123.0,77.0
30.5,20.6,226.0,3.7,5.8,120.0,77.0
28.7,19.5,222.0,5.6,6.7,113.0,76.0
29.7,20.3,219.0,6.0,6.6,95.0,76.0
30.3,21.2,216.0,6.6,6.5,91.0,76.0
30.4,21.5,213.0,7.5,6.4,85.0,75.0
29.5,20.8,207.0,8.1,6.2,81.0,75.0
29.3,20.3,192.0,8.0,5.8,80.0,75.0
29.1,20.1,174.0,7.7,5.2,80.0,75.0
28.8,19.4,168.0,7.6,5.1,79.0,74.0
27.8,18.5,186.0,7.8,5.3,77.0,74.0
25.8,17.5,217.0,8.2,5.9,75.0,73.0
24.8,17.1,240.0,9.4,7.3,71.0,73.0
24.5,17.5,235.0,12.0,10.0,63.0,72.0
24.6,18.1,222.0,15.4,13.4,54.0,71.0
24.7,17.8,244.0,15.3,14.6,55.0,71.0
25.0,18.7,346.0,15.8,15.3,53.0,71.0
27.7,20.8,483.0,16.4,16.3,52.0,71.0
29.3,21.5,562.0,16.0,16.6,58.0,71.0
29.3,21.5,530.0,13.8,15.9,77.0,71.0
29.5,21.9,441.0,10.6,14.5,104.0,71.0
30.0,22.7,364.0,7.8,12.8,126.0,71.0
33.3,24.7,324.0,5.7,10.7,139.0,71.0
33.1,24.2,295.0,3.9,8.3,148.0,71.0
32.9,23.1,275.0,3.1,6.5,150.0,71.0
33.9,22.1,255.0,3.4,5.6,143.0,72.0
36.4,22.1,243.0,4.5,5.3,129.0,83.0
47.8,33.5,257.0,7.7,8.3,122.0,92.0
43.7,31.9,321.0,9.5,8.2,115.0,95.0
43.7,32.1,411.0,12.0,8.0,104.0,90.0
40.6,30.2,480.0,14.0,8.2,96.0,81.0
38.0,27.9,513.0,15.1,9.3,91.0,76.0
32.9,24.2,525.0,15.5,10.6,89.0,76.0
29.7,21.7,511.0,15.2,11.1,87.0,76.0
26.7,19.7,455.0,13.3,9.6,87.0,76.0
24.3,18.0,373.0,10.7,7.1,89.0,76.0
21.5,16.2,312.0,9.0,5.6,87.0,76.0
19.4,14.9,286.0,9.2,5.8,80.0,76.0
18.9,14.6,282.0,10.4,7.0,69.0,76.0
25.7,18.2,302.0,10.2,9.6,65.0,76.0
27.4,19.9,374.0,12.8,11.3,60.0,76.0
30.5,22.2,471.0,16.3,13.7,54.0,76.0
34.7,24.8,513.0,18.0,15.3,56.0,76.0
36.1,25.6,446.0,16.4,15.8,71.0,77.0
36.2,25.9,325.0,13.0,15.6,94.0,77.0
36.9,26.5,234.0,9.9,14.7,115.0,77.0
37.5,27.0,210.0,7.5,12.8,132.0,78.0
39.7,28.5,216.0,5.4,10.1,146.0,78.0
40.6,28.2,226.0,4.6,8.0,152.0,78.0
37.1,26.1,234.0,6.0,6.8,144.0,79.0
35.3,24.4,246.0,8.6,6.0,128.0,79.0
30.7,21.9,257.0,11.6,5.7,98.0,81.0
32.0,23.5,261.0,13.0,5.9,92.0,81.0
31.2,23.1,263.0,14.8,6.3,83.0,77.0
29.5,21.4,277.0,15.7,6.6,78.0,76.0
28.8,20.5,318.0,14.5,6.8,80.0,75.0
29.4,20.3,369.0,12.3,7.0,84.0,75.0
27.6,18.8,396.0,10.9,7.1,84.0,75.0
26.6,17.6,374.0,11.4,6.9,75.0,75.0
25.6,17.0,327.0,12.7,6.7,61.0,74.0
24.8,16.5,288.0,13.9,6.6,50.0,74.0
24.9,16.3,269.0,14.6,6.8,42.0,75.0
26.3,16.8,259.0,15.2,7.1,37.0,75.0
31.0,20.4,259.0,15.5,9.3,44.0,75.0
30.6,20.8,281.0,15.5,9.8,45.0,75.0
31.7,22.1,312.0,15.3,10.5,47.0,75.0
30.2,20.6,321.0,14.5,11.2,53.0,75.0
27.2,17.9,284.0,12.4,12.2,66.0,74.0
25.3,16.9,224.0,9.7,13.3,83.0,73.0
23.1,15.8,178.0,7.4,13.6,98.0,73.0
20.4,14.3,161.0,5.8,12.5,110.0,72.0
19.9,14.1,157.0,4.7,10.5,120.0,70.0
22.7,15.4,159.0,4.4,8.7,124.0,69.0
24.8,16.6,158.0,5.0,7.0,119.0,69.0
24.7,16.4,163.0,6.4,5.4,107.0,68.0
34.1,23.5,188.0,9.5,5.5,97.0,68.0
35.7,23.3,253.0,11.2,6.2,92.0,68.0
33.8,23.5,338.0,13.5,7.1,85.0,68.0
33.4,23.9,398.0,14.7,7.7,80.0,68.0
31.9,23.5,410.0,13.8,7.7,81.0,69.0
30.0,22.5,396.0,11.9,7.4,83.0,69.0
28.2,20.9,380.0,10.6,7.2,83.0,69.0
26.6,19.4,373.0,10.8,7.1,77.0,69.0
26.4,19.1,364.0,11.6,7.1,68.0,69.0
27.1,19.7,345.0,12.6,7.1,59.0,69.0
26.5,19.8,307.0,13.8,6.8,48.0,70.0
23.9,18.3,258.0,15.3,6.5,37.0,70.0
17.6,13.2,221.0,14.9,7.6,29.0,69.0
16.6,12.3,205.0,14.6,8.3,32.0,69.0
17.5,13.1,201.0,14.2,9.3,37.0,68.0
18.5,13.2,195.0,13.5,10.2,45.0,67.0
19.7,13.6,181.0,12.4,11.0,59.0,67.0
21.9,14.8,167.0,11.0,11.7,77.0,67.0
23.7,15.7,160.0,9.7,11.6,91.0,67.0
27.5,17.2,166.0,8.4,10.2,100.0,67.0
46.6,22.9,180.0,7.2,8.1,105.0,68.0
43.3,21.9,199.0,6.8,6.5,106.0,68.0
37.1,19.7,223.0,7.7,5.7,101.0,69.0
33.3,18.0,252.0,9.3,5.4,93.0,69.0
42.7,25.3,276.0,8.4,6.8,93.0,69.0
38.2,25.0,295.0,10.8,7.6,90.0,69.0
35.2,24.7,310.0,14.1,8.6,85.0,69.0
33.2,23.2,318.0,17.0,9.5,80.0,69.0
32.8,23.2,316.0,19.0,10.0,73.0,69.0
34.2,24.2,307.0,20.6,10.3,66.0,69.0
35.2,25.1,298.0,21.5,10.5,59.0,69.0
34.2,25.1,289.0,21.5,10.8,53.0,70.0
32.5,24.2,279.0,20.8,11.1,46.0,70.0
29.2,21.9,272.0,20.1,11.2,41.0,70.0
26.5,20.1,269.0,19.7,10.8,36.0,70.0
24.4,18.7,270.0,19.3,10.2,31.0,70.0
18.3,13.9,276.0,15.9,9.1,30.0,71.0
13.6,10.9,298.0,15.6,9.6,32.0,70.0
13.1,11.1,325.0,15.1,10.4,35.0,70.0
11.8,10.1,330.0,14.0,11.0,43.0,70.0
11.4,9.4,292.0,11.7,11.5,60.0,70.0
12.7,9.7,233.0,8.8,11.8,81.0,69.0
15.3,10.9,189.0,6.5,11.5,98.0,69.0
17.6,12.0,174.0,5.1,9.9,108.0,68.0
19.7,13.3,173.0,4.2,7.7,114.0,68.0
21.4,14.5,184.0,4.1,6.2,117.0,67.0
23.3,15.7,207.0,5.0,6.1,118.0,67.0
26.0,17.6,241.0,6.7,6.8,116.0,67.0
29.9,20.0,276.0,8.9,6.0,108.0,66.0
33.2,22.5,311.0,10.9,6.4,101.0,66.0
32.6,22.8,347.0,13.7,7.0,91.0,66.0
29.8,21.8,376.0,15.7,7.5,82.0,66.0
28.1,20.7,394.0,16.2,7.9,74.0,66.0
26.6,19.3,405.0,16.0,8.2,67.0,65.0
26.7,19.3,410.0,15.8,8.5,60.0,65.0
24.4,18.2,414.0,16.0,8.7,53.0,64.0
20.5,16.1,412.0,16.3,8.9,47.0,64.0
17.6,13.9,388.0,16.3,8.8,41.0,63.0
15.1,11.4,317.0,15.7,8.3,36.0,62.0
13.5,9.5,225.0,14.8,7.5,31.0,62.0
11.2,7.1,167.0,12.6,7.7,31.0,61.0
10.4,7.2,182.0,12.5,8.6,31.0,61.0
10.3,7.1,232.0,12.3,9.9,32.0,61.0
10.4,7.2,262.0,11.6,10.8,37.0,60.0
12.0,7.9,243.0,10.1,11.1,50.0,60.0
15.3,9.5,204.0,8.1,11.1,68.0,60.0
23.1,12.1,178.0,6.6,10.5,82.0,60.0
24.1,13.2,175.0,5.7,9.1,90.0,60.0
25.1,14.3,185.0,5.2,7.2,94.0,60.0
25.7,15.0,205.0,5.4,5.8,97.0,60.0
28.3,16.6,237.0,6.5,5.4,100.0,61.0
30.4,17.8,280.0,8.3,5.6,101.0,61.0
35.3,22.4,322.0,11.8,6.2,92.0,61.0
38.1,25.0,371.0,13.4,6.4,88.0,61.0
38.2,24.8,420.0,15.7,6.7,81.0,61.0
36.3,23.8,435.0,18.7,7.3,73.0,61.0
35.0,23.6,389.0,23.1,8.4,61.0,62.0
35.2,24.4,310.0,28.1,9.8,48.0,62.0
39.2,25.9,250.0,31.2,10.8,38.0,62.0
38.9,25.3,234.0,30.8,11.3,34.0,63.0
36.8,23.7,238.0,28.4,11.5,34.0,64.0
34.0,22.4,236.0,26.0,11.3,33.0,64.0
29.3,20.5,213.0,24.1,10.2,29.0,65.0
23.9,17.6,185.0,22.2,8.7,24.0,66.0
7.7,6.1,177.0,12.7,6.3,30.0,66.0
9.5,6.8,215.0,12.9,7.4,30.0,65.0
11.3,7.9,274.0,13.2,8.9,31.0,66.0
12.5,8.1,304.0,12.7,9.9,36.0,66.0
14.1,8.4,271.0,10.8,10.0,47.0,66.0
16.3,9.4,209.0,8.2,9.5,61.0,66.0
18.0,10.3,166.0,6.1,8.9,75.0,66.0
21.8,11.7,161.0,4.7,8.0,89.0,65.0
25.9,13.6,174.0,3.8,7.0,103.0,65.0
28.2,15.4,196.0,3.7,6.2,111.0,65.0
28.9,16.9,223.0,4.6,5.9,112.0,65.0
29.9,17.6,260.0,6.3,5.9,107.0,65.0
27.2,16.3,306.0,8.0,5.5,101.0,65.0
25.1,15.8,377.0,10.0,5.8,94.0,64.0
23.2,15.4,459.0,12.7,6.3,84.0,63.0
22.9,15.8,505.0,14.5,6.6,75.0,63.0
22.5,15.3,488.0,14.4,6.6,69.0,62.0
23.9,15.7,437.0,13.4,6.4,65.0,61.0
24.3,15.8,391.0,13.0,6.5,60.0,61.0
25.1,16.4,368.0,14.0,7.2,54.0,60.0
24.9,16.8,351.0,15.7,8.1,49.0,59.0
23.5,16.6,327.0,16.9,8.7,43.0,59.0
20.9,15.5,275.0,17.4,8.7,37.0,59.0
18.0,13.8,217.0,17.4,8.3,30.0,58.0
14.6,10.5,199.0,14.3,9.4,30.0,59.0
14.3,10.7,270.0,13.5,9.9,31.0,59.0
15.4,11.8,383.0,12.2,10.5,34.0,59.0
15.0,9.9,439.0,10.7,10.7,41.0,59.0
16.3,10.0,379.0,8.7,10.0,57.0,60.0
19.4,12.2,263.0,6.3,8.8,79.0,60.0
23.9,15.0,176.0,4.5,7.7,96.0,60.0
28.9,17.8,156.0,3.4,6.8,107.0,61.0
32.8,20.0,165.0,2.7,5.9,114.0,61.0
36.4,21.6,177.0,2.7,5.5,117.0,62.0
34.3,20.9,183.0,3.5,5.9,116.0,62.0
32.9,20.4,191.0,5.0,6.8,110.0,62.0
34.8,22.5,197.0,6.6,7.2,100.0,63.0
31.7,22.2,198.0,7.1,6.6,95.0,63.0
30.4,21.7,197.0,7.9,5.7,89.0,64.0
29.2,20.3,204.0,8.8,5.3,82.0,64.0
26.3,17.6,231.0,10.1,5.6,75.0,64.0
24.9,15.6,265.0,11.6,6.2,67.0,64.0
25.6,15.5,284.0,12.8,7.0,60.0,64.0
26.0,15.9,269.0,13.4,8.0,55.0,64.0
25.8,15.9,238.0,13.8,9.0,51.0,64.0
24.7,15.4,218.0,14.2,9.9,47.0,64.0
23.1,14.9,213.0,14.8,10.3,43.0,64.0
22.8,15.1,219.0,15.4,10.5,39.0,64.0
22.5,15.0,251.0,13.1,9.8,43.0,64.0
22.5,15.3,345.0,14.1,11.1,41.0,65.0
23.4,16.2,465.0,15.4,12.9,40.0,65.0
24.2,16.8,519.0,15.4,14.0,45.0,66.0
22.6,15.8,443.0,13.1,13.8,64.0,66.0
23.6,16.4,300.0,9.5,12.8,89.0,66.0
26.4,18.1,195.0,6.5,11.5,110.0,67.0
31.0,20.9,167.0,4.6,9.6,122.0,67.0
31.8,21.4,176.0,3.3,7.4,128.0,67.0
31.7,20.8,201.0,2.8,5.9,130.0,67.0
32.9,20.9,244.0,3.1,5.4,126.0,67.0
33.9,21.2,304.0,4.1,5.6,117.0,67.0
29.5,19.8,359.0,8.4,7.9,109.0,67.0
30.0,20.7,405.0,10.3,8.6,105.0,68.0
30.7,21.6,445.0,12.8,9.6,100.0,67.0
30.4,22.1,467.0,14.6,10.2,95.0,67.0
30.0,22.5,465.0,14.7,9.9,90.0,67.0
26.2,19.0,445.0,14.0,9.2,84.0,67.0
23.3,16.8,417.0,13.7,8.7,79.0,67.0
23.0,16.3,376.0,14.1,8.7,74.0,68.0
25.1,17.5,327.0,14.9,9.0,69.0,68.0
27.5,19.0,289.0,15.8,9.3,63.0,68.0
30.0,20.3,269.0,17.0,9.6,55.0,68.0
31.8,21.1,260.0,18.4,9.9,47.0,69.0
25.0,17.3,264.0,20.0,8.9,29.0,69.0
24.6,18.1,297.0,19.6,9.6,31.0,69.0
25.1,19.1,344.0,18.9,10.5,35.0,69.0
27.4,20.1,359.0,17.4,11.1,46.0,70.0
27.7,19.7,311.0,14.2,11.5,71.0,70.0
26.8,19.4,231.0,10.1,11.6,103.0,70.0
28.1,20.5,174.0,6.9,11.0,126.0,70.0
30.7,22.2,163.0,5.3,9.1,134.0,71.0
31.8,22.5,175.0,4.5,6.6,134.0,71.0
30.9,21.0,193.0,4.2,4.8,131.0,71.0
31.5,20.0,209.0,4.2,4.5,124.0,71.0
32.8,19.2,231.0,4.6,4.9,115.0,70.0
38.1,21.6,265.0,5.6,8.3,115.0,75.0
34.6,21.9,328.0,7.3,8.1,108.0,76.0
33.2,22.2,402.0,9.7,7.7,99.0,71.0
32.4,22.8,440.0,11.2,7.4,91.0,71.0
32.0,23.8,414.0,11.0,7.1,88.0,71.0
31.5,22.4,352.0,10.1,6.8,88.0,71.0
25.9,17.9,292.0,9.5,6.7,85.0,71.0
22.5,16.1,241.0,9.9,6.9,79.0,71.0
22.1,15.5,192.0,10.7,7.3,71.0,71.0
22.1,15.3,164.0,11.6,7.6,62.0,71.0
21.4,14.6,161.0,12.6,7.5,52.0,70.0
20.5,14.0,178.0,13.7,7.3,42.0,70.0
19.7,13.4,221.0,16.1,11.9,49.0,69.0
21.2,14.3,320.0,16.6,12.4,50.0,69.0
24.2,16.1,445.0,17.2,13.2,52.0,69.0
28.2,18.6,506.0,16.5,13.6,61.0,69.0
29.7,19.2,436.0,13.5,13.7,85.0,69.0
31.0,19.8,302.0,9.3,13.6,115.0,69.0
32.5,20.4,215.0,6.0,12.8,139.0,69.0
32.9,20.8,229.0,4.4,10.6,149.0,69.0
34.9,22.5,290.0,3.8,7.8,152.0,69.0
41.1,24.7,341.0,3.7,5.9,152.0,69.0
41.7,23.3,362.0,4.1,5.7,149.0,80.0
45.4,24.2,373.0,5.1,6.4,143.0,97.0
47.6,27.9,380.0,6.6,6.8,113.0,103.0
42.7,26.3,387.0,9.4,7.4,104.0,101.0
37.3,23.9,390.0,13.2,8.1,92.0,91.0
33.9,21.9,379.0,15.6,8.5,84.0,77.0
33.1,21.0,343.0,14.9,8.2,85.0,70.0
33.2,20.8,292.0,12.7,7.5,89.0,70.0
33.5,21.1,249.0,11.4,7.2,90.0,70.0
33.6,21.2,220.0,12.0,7.5,83.0,71.0
32.4,20.7,199.0,13.4,8.0,72.0,71.0
29.8,19.4,191.0,14.8,8.7,62.0,72.0
30.2,19.6,203.0,16.1,9.5,52.0,72.0
29.3,19.0,229.0,17.5,10.4,42.0,72.0
28.2,17.2,255.0,13.9,7.9,37.0,73.0
25.5,16.2,284.0,13.8,8.4,37.0,73.0
23.6,15.9,313.0,13.6,9.2,39.0,73.0
20.6,14.1,322.0,12.6,9.7,45.0,72.0
17.5,11.8,291.0,10.2,9.9,61.0,72.0
16.7,10.9,239.0,7.1,9.8,82.0,71.0
15.5,10.3,202.0,4.8,9.3,99.0,70.0
15.9,10.9,195.0,3.7,8.1,109.0,70.0
16.7,11.7,203.0,3.3,6.5,115.0,69.0
23.1,15.0,216.0,3.8,5.4,120.0,68.0
28.6,18.2,232.0,5.7,5.5,126.0,68.0
27.2,18.6,253.0,8.4,6.1,132.0,67.0
34.6,22.0,270.0,6.2,7.9,123.0,67.0
31.0,21.6,284.0,7.9,7.5,114.0,66.0
30.5,21.6,294.0,10.3,7.0,102.0,67.0
30.5,21.6,297.0,12.0,6.6,92.0,66.0
28.6,20.0,289.0,12.3,6.5,86.0,66.0
26.3,17.8,272.0,11.9,6.5,82.0,66.0
23.1,15.8,251.0,11.8,6.8,77.0,65.0
21.5,15.4,220.0,12.3,7.5,71.0,65.0
18.5,13.8,185.0,13.1,8.4,65.0,64.0
15.7,12.3,164.0,13.8,9.1,59.0,64.0
13.9,11.3,165.0,14.6,9.2,51.0,63.0
12.4,10.2,180.0,15.4,9.1,41.0,62.0
10.7,8.1,210.0,13.3,9.1,44.0,62.0
10.5,8.5,271.0,13.7,10.0,42.0,61.0
11.6,9.7,345.0,14.3,11.3,40.0,61.0
12.4,9.9,381.0,14.2,12.6,43.0,60.0
15.2,10.5,341.0,12.9,14.0,53.0,60.0
20.5,12.2,263.0,11.0,15.4,68.0,60.0
25.9,14.6,204.0,9.3,15.6,82.0,61.0
28.4,16.1,184.0,7.9,13.7,95.0,61.0
28.1,16.2,184.0,6.6,10.7,107.0,61.0
29.2,16.9,207.0,6.0,8.2,113.0,62.0
31.3,18.1,250.0,5.9,6.6,111.0,62.0
37.7,20.3,318.0,6.5,5.4,102.0,62.0
26.4,17.3,422.0,7.6,5.7,111.0,61.0
28.7,20.3,620.0,12.4,6.4,100.0,61.0
28.3,20.7,855.0,19.0,7.4,84.0,61.0
29.5,21.5,974.0,25.1,8.6,69.0,61.0
30.6,22.5,872.0,30.4,10.2,54.0,61.0
31.2,22.9,653.0,35.0,12.0,39.0,62.0
31.2,22.7,481.0,36.8,13.0,29.0,62.0
29.3,20.8,424.0,33.8,12.4,27.0,63.0
27.2,19.2,414.0,27.9,10.9,31.0,63.0
24.8,17.3,407.0,23.1,9.7,33.0,64.0
23.5,16.1,381.0,21.1,9.0,31.0,64.0
24.0,16.1,359.0,20.1,8.6,28.0,64.0
32.6,19.6,366.0,22.0,20.1,42.0,65.0
34.3,21.4,444.0,21.1,19.5,42.0,66.0
34.9,22.3,552.0,19.8,18.7,42.0,67.0
31.4,19.4,593.0,18.0,18.1,45.0,68.0
27.9,16.6,500.0,15.6,18.1,54.0,68.0
26.9,15.9,341.0,12.7,18.3,66.0,69.0
26.4,15.4,220.0,10.3,17.7,79.0,69.0
25.8,15.0,173.0,8.5,15.5,93.0,69.0
25.4,15.4,163.0,7.0,12.4,107.0,69.0
27.4,17.2,188.0,6.4,9.8,115.0,69.0
29.0,18.4,268.0,6.7,7.9,114.0,69.0
30.2,18.6,382.0,7.8,6.5,107.0,69.0
36.6,20.5,463.0,9.3,11.2,104.0,69.0
39.8,24.0,481.0,10.8,9.9,101.0,69.0
41.6,24.5,465.0,12.9,8.1,97.0,69.0
48.2,26.9,441.0,15.0,7.3,89.0,70.0
47.7,27.4,410.0,17.3,8.4,75.0,70.0
40.2,24.8,369.0,19.5,10.4,59.0,70.0
30.7,20.0,339.0,20.7,11.8,46.0,70.0
24.7,16.3,332.0,19.7,11.8,42.0,70.0
23.2,15.1,334.0,17.7,11.1,42.0,70.0
24.4,15.4,329.0,16.3,10.5,41.0,69.0
25.8,16.3,298.0,16.6,10.1,38.0,69.0
26.6,17.1,258.0,17.6,9.8,34.0,69.0
26.4,17.1,245.0,17.4,10.3,33.0,69.0
26.7,18.2,289.0,17.6,11.1,33.0,69.0
26.4,19.0,360.0,17.8,12.2,33.0,69.0
25.5,18.3,394.0,17.1,13.2,37.0,69.0
23.2,16.1,353.0,14.7,13.9,47.0,69.0
22.6,14.3,276.0,11.4,14.5,61.0,68.0
23.9,14.0,220.0,8.7,14.5,72.0,68.0
27.0,14.3,205.0,7.1,13.5,80.0,68.0
28.5,14.8,212.0,6.1,11.9,85.0,68.0
28.9,15.4,241.0,6.3,10.5,88.0,68.0
29.7,16.6,310.0,8.2,9.4,88.0,68.0
29.6,16.7,402.0,11.1,8.4,85.0,68.0
30.5,17.5,463.0,10.6,9.5,99.0,68.0
30.2,16.9,465.0,13.9,9.8,83.0,67.0
21.9,13.6,437.0,18.4,10.2,61.0,66.0
16.6,11.4,409.0,21.0,10.1,45.0,65.0
18.0,12.1,393.0,19.6,8.9,43.0,64.0
18.2,12.0,378.0,16.4,7.2,47.0,63.0
20.4,12.5,360.0,14.0,6.2,50.0,62.0
20.2,12.6,334.0,13.9,6.7,47.0,62.0
19.4,12.7,305.0,14.7,7.9,43.0,62.0
18.7,12.5,282.0,15.4,8.9,38.0,61.0
17.4,12.0,268.0,15.9,9.1,33.0,61.0
15.5,11.1,260.0,16.4,9.0,28.0,61.0
8.6,6.9,260.0,12.8,8.3,29.0,60.0
9.0,7.2,279.0,12.1,9.3,30.0,59.0
9.5,7.1,307.0,11.2,10.7,31.0,58.0
11.4,7.9,313.0,10.2,11.6,37.0,57.0
13.0,8.7,275.0,9.3,11.9,50.0,57.0
14.1,9.5,216.0,8.4,11.8,67.0,56.0
15.2,10.4,174.0,7.5,11.1,81.0,56.0
18.3,12.4,159.0,6.4,9.4,90.0,56.0
22.9,15.1,160.0,5.4,7.1,96.0,56.0
28.1,17.3,186.0,4.9,5.7,99.0,56.0
30.4,17.5,256.0,5.1,6.1,100.0,56.0
32.8,17.6,351.0,5.8,7.4,100.0,56.0
45.6,26.3,419.0,7.2,6.5,97.0,57.0
43.1,26.8,434.0,10.9,7.7,91.0,58.0
40.2,26.0,422.0,16.1,9.2,83.0,59.0
38.9,25.3,407.0,19.6,10.1,76.0,60.0
38.5,25.0,398.0,19.8,9.6,70.0,61.0
38.3,24.6,386.0,18.4,8.3,65.0,62.0
37.4,24.1,371.0,17.6,7.6,59.0,63.0
36.1,23.6,349.0,18.5,8.0,50.0,63.0
34.6,23.3,324.0,20.1,9.0,41.0,64.0
31.8,22.6,301.0,21.2,9.6,33.0,65.0
28.5,21.2,281.0,21.8,9.5,27.0,66.0
24.4,19.0,264.0,22.1,9.1,22.0,66.0
22.7,16.5,256.0,19.8,9.7,27.0,67.0
20.7,15.7,271.0,18.5,10.1,29.0,68.0
19.0,15.3,296.0,16.6,10.7,33.0,69.0
16.6,13.4,299.0,14.3,11.1,43.0,69.0
16.5,12.2,255.0,11.1,11.4,65.0,69.0
17.4,12.0,188.0,7.5,11.6,94.0,69.0
17.7,12.3,144.0,4.8,11.1,115.0,70.0
19.6,13.2,144.0,3.6,9.5,122.0,70.0
25.7,16.2,166.0,3.3,7.2,121.0,70.0
27.4,16.6,188.0,3.6,5.6,117.0,70.0
27.6,15.9,199.0,4.3,5.0,111.0,70.0
37.3,19.2,210.0,5.5,5.0,104.0,70.0
35.0,20.2,228.0,5.4,6.8,106.0,69.0
29.7,19.5,264.0,6.2,6.8,104.0,69.0
25.9,18.6,307.0,7.3,6.8,102.0,68.0
24.7,18.7,328.0,7.9,7.0,101.0,68.0
26.5,20.4,306.0,7.2,7.3,102.0,67.0
29.7,22.8,262.0,5.9,7.8,105.0,67.0
30.6,22.8,228.0,5.8,8.9,102.0,67.0
28.0,20.5,216.0,8.0,11.2,90.0,67.0
26.1,19.0,214.0,11.3,14.1,74.0,66.0
25.9,18.6,219.0,13.9,15.9,60.0,66.0
25.8,18.6,231.0,15.2,15.4,50.0,66.0
25.3,18.6,250.0,15.8,13.9,42.0,66.0
24.6,18.3,274.0,15.9,12.4,39.0,66.0
23.5,18.2,314.0,15.7,12.2,41.0,66.0
23.1,18.5,360.0,15.4,11.9,45.0,66.0
21.5,17.3,372.0,14.2,11.6,56.0,67.0
20.9,15.9,320.0,11.5,11.5,80.0,67.0
21.4,15.7,234.0,7.9,11.4,112.0,67.0
22.1,16.0,173.0,5.1,10.8,135.0,68.0
25.6,17.6,162.0,3.7,9.3,144.0,68.0
29.0,19.6,176.0,3.0,7.4,144.0,68.0
30.0,20.0,193.0,3.0,6.0,141.0,68.0
31.0,20.0,205.0,3.8,5.6,135.0,69.0
31.9,20.3,220.0,5.2,5.7,126.0,83.0
34.0,24.2,249.0,8.7,6.8,105.0,88.0
33.3,24.4,311.0,9.5,7.1,102.0,86.0
34.1,25.0,386.0,10.6,7.6,97.0,78.0
34.6,25.5,425.0,11.6,8.0,93.0,71.0
34.3,25.7,392.0,12.4,8.5,91.0,71.0
32.4,24.3,323.0,13.1,9.1,88.0,71.0
28.9,21.9,271.0,13.4,9.2,85.0,71.0
26.1,20.0,260.0,13.0,8.6,79.0,71.0
23.3,18.0,266.0,12.2,7.6,72.0,71.0
20.5,15.9,270.0,11.9,6.9,64.0,71.0
18.0,14.0,255.0,12.8,6.7,55.0,70.0
15.9,12.6,238.0,14.1,6.8,44.0,70.0
12.6,9.2,251.0,11.8,8.4,49.0,69.0
13.4,9.9,332.0,12.8,9.3,47.0,69.0
15.5,11.6,443.0,14.0,10.5,45.0,68.0
18.1,13.6,498.0,14.1,11.5,51.0,68.0
19.8,14.7,443.0,12.1,12.3,74.0,68.0
22.8,16.1,332.0,8.9,12.9,106.0,68.0
26.7,18.4,248.0,6.3,12.6,130.0,68.0
31.5,21.2,222.0,4.5,10.6,141.0,68.0
34.0,22.6,223.0,3.3,7.8,145.0,68.0
33.4,21.9,237.0,3.1,5.8,145.0,68.0
33.2,21.4,269.0,4.6,5.5,140.0,69.0
33.1,21.4,313.0,7.2,6.1,130.0,82.0
20.3,14.8,339.0,8.8,6.2,119.0,91.0
21.1,15.8,329.0,9.1,6.8,117.0,93.0
21.4,16.2,299.0,9.5,7.6,115.0,90.0
22.9,17.5,273.0,9.5,8.3,112.0,84.0
25.0,19.0,256.0,8.5,8.5,110.0,77.0
26.4,20.0,243.0,7.0,8.6,108.0,69.0
25.9,19.4,231.0,6.8,9.3,103.0,65.0
23.2,17.5,221.0,8.8,11.3,91.0,65.0
20.4,15.9,214.0,12.0,13.8,76.0,65.0
20.3,15.8,209.0,14.6,15.5,64.0,65.0
20.8,16.1,199.0,15.7,15.6,57.0,65.0
21.3,16.4,193.0,16.2,15.0,52.0,65.0
20.6,15.6,215.0,15.9,13.3,52.0,65.0
21.7,16.7,301.0,16.8,13.4,52.0,66.0
23.7,18.7,415.0,17.9,13.6,53.0,67.0
24.9,19.7,478.0,17.6,13.6,62.0,67.0
24.2,18.8,441.0,14.6,13.5,86.0,67.0
24.0,18.4,352.0,10.2,13.3,118.0,68.0
25.7,19.2,278.0,6.7,12.5,142.0,68.0
30.9,21.8,242.0,4.7,10.6,152.0,68.0
31.9,22.4,222.0,3.5,8.1,153.0,68.0
30.6,21.0,215.0,3.3,6.2,150.0,68.0
30.6,20.3,230.0,4.7,5.3,140.0,80.0
31.3,20.5,260.0,7.2,5.1,125.0,93.0
36.7,25.2,277.0,8.8,5.9,116.0,100.0
36.4,25.4,268.0,9.0,6.0,113.0,99.0
36.6,25.5,247.0,9.3,6.2,108.0,91.0
36.7,25.6,231.0,9.4,6.3,104.0,81.0
35.7,25.0,226.0,8.9,6.3,103.0,71.0
35.3,24.9,227.0,8.1,6.3,103.0,71.0
35.4,25.0,231.0,8.1,6.7,100.0,72.0
32.7,23.6,239.0,9.5,7.8,91.0,72.0
29.5,21.4,251.0,11.6,9.3,79.0,73.0
27.8,20.3,268.0,13.4,10.6,68.0,73.0
27.2,19.6,291.0,14.3,11.2,60.0,73.0
26.8,19.1,318.0,14.9,11.6,53.0,73.0
30.9,23.0,344.0,19.5,13.3,40.0,74.0
30.5,23.5,376.0,20.4,13.4,39.0,75.0
31.0,24.6,406.0,21.5,13.6,39.0,75.0
29.2,22.9,406.0,21.1,13.7,46.0,75.0
25.4,19.8,347.0,17.8,13.9,66.0,75.0
23.5,18.0,258.0,13.0,13.9,93.0,75.0
22.0,17.1,199.0,9.0,13.3,116.0,75.0
23.6,18.3,201.0,6.6,11.3,133.0,75.0
32.6,23.5,234.0,4.9,8.5,146.0,75.0
31.3,22.9,260.0,4.2,6.4,151.0,75.0
27.9,20.0,264.0,4.6,5.4,143.0,75.0
24.7,17.4,261.0,6.0,4.9,127.0,75.0
34.5,23.2,267.0,6.6,6.7,110.0,83.0
36.9,26.5,291.0,7.5,6.7,114.0,88.0
39.7,28.9,322.0,8.6,6.7,120.0,89.0
43.4,31.7,344.0,9.6,7.0,121.0,86.0
43.2,31.9,349.0,9.9,7.8,116.0,80.0
36.6,27.4,345.0,10.0,8.9,106.0,76.0
27.1,21.1,330.0,10.5,9.9,96.0,76.0
23.9,19.4,297.0,12.0,10.8,85.0,76.0
21.2,18.1,254.0,14.0,11.6,72.0,75.0
19.8,16.9,227.0,15.7,12.1,61.0,75.0
19.0,16.1,229.0,17.0,12.0,52.0,75.0
19.3,16.3,247.0,18.0,11.6,45.0,75.0
7.5,7.5,271.0,15.6,9.0,44.0,73.0
10.0,9.2,310.0,15.8,9.7,43.0,72.0
13.5,11.8,354.0,16.0,10.7,43.0,71.0
16.0,12.4,365.0,15.2,11.4,48.0,70.0
18.0,12.1,307.0,12.3,11.9,62.0,70.0
20.5,12.4,216.0,8.4,12.3,82.0,69.0
22.4,13.2,157.0,5.4,11.9,99.0,69.0
23.9,14.4,163.0,4.1,10.3,113.0,69.0
30.3,19.0,201.0,3.7,8.0,126.0,68.0
32.9,21.4,234.0,3.8,6.2,132.0,68.0
31.3,20.3,249.0,4.3,5.0,128.0,68.0
28.7,18.6,259.0,5.2,4.3,118.0,68.0
35.4,24.0,263.0,5.9,4.9,118.0,68.0
36.2,25.6,257.0,7.1,5.9,116.0,69.0
36.7,26.7,244.0,8.8,7.2,112.0,71.0
37.1,27.2,235.0,10.1,8.2,106.0,70.0
34.5,25.7,234.0,10.7,8.4,97.0,67.0
29.0,21.7,237.0,10.9,8.4,86.0,67.0
22.6,17.7,241.0,11.3,8.5,76.0,67.0
19.4,15.5,246.0,12.1,9.2,68.0,66.0
17.4,14.0,252.0,13.1,10.1,61.0,66.0
16.2,12.8,259.0,14.1,10.8,55.0,66.0
16.4,12.9,263.0,15.2,11.1,49.0,65.0
16.4,13.2,268.0,16.3,11.2,43.0,65.0
11.9,10.1,281.0,16.1,10.0,42.0,65.0
12.8,11.0,319.0,16.5,10.2,40.0,66.0
14.6,12.4,366.0,16.9,10.5,38.0,66.0
15.4,12.3,378.0,16.4,10.8,42.0,66.0
16.2,11.8,319.0,14.0,11.4,57.0,66.0
17.5,12.1,226.0,10.7,12.0,78.0,66.0
20.6,13.5,164.0,7.8,11.8,96.0,66.0
27.1,17.5,166.0,5.8,9.9,110.0,66.0
31.0,20.4,198.0,4.4,7.2,121.0,66.0
31.9,20.5,229.0,3.6,5.1,127.0,66.0
30.9,19.4,249.0,3.8,4.2,124.0,66.0
30.5,18.9,267.0,4.7,4.1,115.0,66.0
25.3,16.2,275.0,5.8,4.8,111.0,65.0
24.9,16.1,264.0,7.3,5.5,108.0,64.0
25.6,16.8,242.0,9.4,6.4,105.0,64.0
26.0,17.8,229.0,10.7,7.0,101.0,63.0
27.5,19.2,235.0,10.5,6.8,98.0,62.0
26.8,19.1,249.0,9.5,6.3,94.0,62.0
26.0,18.3,260.0,9.2,6.4,89.0,62.0
25.0,17.1,261.0,10.0,7.7,81.0,62.0
24.8,17.2,259.0,11.4,9.6,72.0,63.0
25.0,18.0,259.0,13.2,11.1,63.0,63.0
25.4,18.9,263.0,15.8,11.9,52.0,64.0
24.8,19.2,268.0,18.8,12.4,41.0,64.0
24.9,19.2,275.0,19.3,12.8,38.0,65.0
22.4,17.8,288.0,17.7,12.6,41.0,65.0
20.7,16.5,302.0,15.5,12.3,45.0,66.0
19.3,14.6,299.0,13.0,12.1,55.0,66.0
19.2,13.6,260.0,10.2,12.2,75.0,66.0
19.3,13.2,203.0,7.3,12.5,100.0,66.0
18.9,13.0,164.0,5.0,12.0,120.0,66.0
21.2,14.6,161.0,3.7,10.2,133.0,66.0
28.6,19.1,176.0,3.1,7.8,140.0,66.0
29.5,19.5,191.0,3.0,5.9,141.0,66.0
27.9,18.2,205.0,3.5,4.9,130.0,65.0
26.4,17.1,220.0,4.6,4.5,112.0,69.0
22.1,14.6,223.0,4.4,6.2,125.0,79.0
22.4,15.4,202.0,4.7,6.5,121.0,84.0
21.7,15.7,170.0,5.0,6.8,116.0,83.0
23.4,17.1,151.0,5.4,7.0,110.0,78.0
25.9,18.6,159.0,5.6,6.6,102.0,70.0
26.5,18.6,180.0,5.9,6.1,94.0,65.0
25.3,17.4,198.0,6.5,6.1,85.0,65.0
22.5,15.5,205.0,7.7,7.0,77.0,65.0
19.6,13.9,209.0,9.1,8.5,68.0,64.0
17.8,13.2,213.0,10.7,10.2,61.0,64.0
17.0,13.2,218.0,12.2,12.1,54.0,64.0
16.7,13.2,224.0,13.8,14.1,49.0,63.0
26.1,20.9,236.0,15.6,16.1,47.0,63.0
28.8,22.9,263.0,16.2,15.7,47.0,64.0
32.2,25.3,296.0,16.8,15.0,48.0,64.0
33.4,25.0,307.0,16.3,14.3,55.0,65.0
31.9,22.6,275.0,13.6,13.7,73.0,66.0
32.9,21.0,221.0,9.8,13.0,97.0,66.0
34.1,20.7,184.0,6.8,12.0,118.0,67.0
36.1,22.1,184.0,5.3,10.3,135.0,68.0
39.3,25.2,201.0,4.5,8.2,149.0,68.0
41.8,27.5,216.0,4.3,6.6,156.0,69.0
40.5,27.0,221.0,4.5,5.9,154.0,69.0
39.8,26.6,225.0,5.2,5.6,145.0,85.0
36.1,25.6,229.0,5.7,5.9,136.0,98.0
36.2,26.0,239.0,6.5,6.4,129.0,105.0
35.2,25.2,249.0,7.5,7.1,119.0,105.0
32.9,23.6,249.0,8.0,7.4,110.0,100.0
29.5,21.0,223.0,7.3,7.0,103.0,90.0
24.4,17.1,187.0,6.1,6.2,97.0,78.0
20.5,14.0,169.0,5.7,6.0,90.0,73.0
19.8,13.0,188.0,6.6,6.8,81.0,73.0
20.3,13.5,225.0,8.2,8.1,71.0,73.0
21.4,15.0,259.0,10.0,9.5,62.0,73.0
22.1,16.1,285.0,12.2,11.1,54.0,73.0
22.8,16.9,307.0,14.7,12.9,46.0,73.0
23.8,18.2,312.0,17.5,14.3,41.0,73.0
24.1,18.7,290.0,17.0,14.0,44.0,73.0
25.1,19.7,252.0,16.1,13.5,48.0,72.0
24.3,18.0,217.0,14.5,13.1,59.0,72.0
24.9,17.1,189.0,11.6,13.0,81.0,71.0
27.1,17.2,165.0,8.0,13.0,110.0,71.0
29.1,18.2,151.0,5.2,12.4,133.0,71.0
33.2,21.0,154.0,3.8,10.5,147.0,71.0
39.0,25.3,167.0,3.1,7.9,156.0,71.0
39.0,25.1,182.0,3.0,5.9,159.0,71.0
38.4,24.2,196.0,3.4,4.9,152.0,79.0
36.9,22.8,212.0,4.2,4.5,138.0,95.0
48.8,27.9,225.0,5.0,7.3,128.0,105.0
46.2,28.1,231.0,5.2,7.4,127.0,109.0
47.3,28.9,234.0,5.5,7.6,126.0,108.0
48.3,29.6,241.0,5.7,7.7,123.0,102.0
48.7,29.8,262.0,5.6,7.4,119.0,95.0
48.0,29.6,287.0,5.4,7.1,114.0,85.0
43.4,27.2,294.0,5.7,7.2,108.0,76.0
31.5,21.0,263.0,7.0,8.2,99.0,75.0
24.3,17.2,214.0,8.8,9.6,88.0,75.0
23.6,16.7,179.0,10.6,11.0,78.0,75.0
23.2,16.5,169.0,12.1,12.3,69.0,75.0
21.9,15.8,173.0,13.6,13.7,61.0,75.0
21.4,15.8,193.0,16.5,19.5,54.0,75.0
20.3,15.5,248.0,16.6,18.8,53.0,75.0
22.2,16.7,320.0,16.7,17.8,53.0,74.0
25.0,18.1,353.0,15.7,16.5,60.0,74.0
24.2,17.1,308.0,12.7,14.7,78.0,74.0
23.2,16.2,225.0,8.8,12.7,103.0,74.0
24.4,16.9,170.0,5.7,10.8,124.0,74.0
27.1,18.7,175.0,4.3,9.2,137.0,74.0
27.2,19.3,207.0,3.7,7.9,146.0,73.0
32.1,21.4,239.0,3.9,6.9,150.0,73.0
32.2,20.3,260.0,4.8,6.4,149.0,73.0
31.2,20.7,280.0,6.5,6.2,143.0,86.0
40.7,27.0,298.0,6.0,7.6,134.0,98.0
39.8,28.0,319.0,6.9,7.9,134.0,104.0
38.6,27.8,339.0,8.2,8.2,134.0,106.0
37.6,27.2,344.0,9.2,8.4,130.0,105.0
41.0,27.9,323.0,9.6,8.3,121.0,99.0
33.4,24.1,288.0,9.7,8.0,109.0,91.0
28.5,19.8,259.0,10.0,8.0,98.0,80.0
24.4,17.1,246.0,10.5,8.5,88.0,71.0
23.3,16.2,239.0,11.2,9.3,79.0,71.0
23.1,16.2,234.0,12.1,10.2,70.0,71.0
23.2,16.2,222.0,13.4,11.3,62.0,71.0
23.1,16.2,212.0,15.0,12.5,54.0,71.0
19.8,14.0,227.0,16.2,15.7,52.0,71.0
20.8,14.6,299.0,16.5,16.5,53.0,71.0
23.3,16.3,395.0,16.8,17.5,55.0,71.0
25.9,18.3,439.0,16.0,17.8,63.0,71.0
26.6,18.6,378.0,13.1,16.9,85.0,71.0
27.4,18.9,265.0,9.0,15.3,113.0,71.0
28.8,19.6,186.0,5.9,13.4,133.0,71.0
31.9,21.2,182.0,4.4,10.9,137.0,71.0
37.0,22.6,211.0,3.8,8.2,134.0,72.0
39.2,22.0,240.0,3.8,6.3,130.0,72.0
39.7,21.9,256.0,4.3,5.8,129.0,72.0
40.6,22.2,271.0,5.3,6.2,128.0,77.0
34.6,20.3,287.0,6.2,7.7,128.0,86.0
26.6,18.4,308.0,6.8,8.0,127.0,89.0
22.2,16.4,329.0,7.7,8.5,124.0,87.0
20.8,16.1,339.0,8.8,9.1,119.0,83.0
22.9,18.0,330.0,10.2,10.2,110.0,78.0
24.7,18.7,310.0,11.9,11.4,99.0,72.0
25.4,16.9,295.0,13.1,12.0,87.0,67.0
24.3,15.8,291.0,13.6,11.2,75.0,67.0
22.9,15.0,292.0,13.6,9.8,62.0,67.0
20.7,14.0,293.0,13.9,8.7,51.0,67.0
19.2,13.5,296.0,14.8,8.3,43.0,67.0
18.3,13.4,300.0,16.0,8.3,37.0,67.0
18.0,13.8,298.0,16.7,8.5,34.0,67.0
16.8,13.5,286.0,15.8,9.2,37.0,66.0
16.5,13.8,267.0,14.5,10.1,42.0,66.0
16.3,13.0,245.0,12.8,10.8,52.0,66.0
16.4,12.2,216.0,10.3,11.0,73.0,65.0
17.3,12.3,185.0,7.5,11.0,98.0,65.0
18.3,13.1,164.0,5.3,10.5,118.0,64.0
23.1,16.2,159.0,4.2,9.1,126.0,64.0
28.6,18.9,165.0,3.9,7.3,128.0,64.0
29.0,18.5,180.0,4.3,6.0,128.0,63.0
27.5,17.5,201.0,5.3,5.6,126.0,63.0
28.6,17.3,232.0,7.1,5.7,121.0,63.0
38.5,23.9,280.0,11.2,7.7,118.0,71.0
36.1,24.3,375.0,12.8,8.8,118.0,76.0
34.9,24.3,487.0,15.0,10.4,118.0,76.0
34.3,24.4,538.0,16.6,11.3,115.0,73.0
33.4,24.3,468.0,16.9,10.9,108.0,69.0
32.9,23.9,336.0,16.5,9.9,99.0,66.0
32.0,23.2,242.0,16.1,9.1,89.0,66.0
31.4,22.5,232.0,15.8,8.9,79.0,67.0
31.2,22.0,260.0,15.4,8.8,69.0,67.0
30.4,21.2,285.0,15.6,9.1,60.0,68.0
29.9,21.2,293.0,17.0,9.8,50.0,68.0
28.8,21.2,299.0,18.9,10.7,42.0,69.0
23.3,18.6,303.0,19.5,12.1,37.0,69.0
21.4,17.6,311.0,19.1,11.7,39.0,70.0
20.8,17.6,318.0,18.4,11.1,42.0,70.0
19.3,16.1,309.0,16.8,10.8,50.0,70.0
18.7,14.8,265.0,13.6,11.3,68.0,70.0
18.7,14.5,205.0,9.5,12.2,92.0,71.0
18.3,14.0,168.0,6.4,12.5,111.0,71.0
16.8,13.0,175.0,4.9,11.8,122.0,70.0
16.3,12.6,206.0,4.5,10.5,127.0,70.0
19.7,14.4,232.0,5.4,9.2,128.0,70.0
25.0,17.3,244.0,8.5,8.0,121.0,70.0
25.2,17.7,253.0,12.8,6.9,109.0,70.0
30.5,21.5,263.0,10.6,6.9,124.0,69.0
29.2,21.3,279.0,10.3,6.5,120.0,71.0
28.3,20.9,296.0,9.8,5.9,115.0,72.0
27.2,20.1,308.0,9.4,5.6,109.0,69.0
27.8,20.5,312.0,9.0,5.8,104.0,68.0
26.0,19.8,310.0,8.7,6.2,98.0,68.0
20.5,15.9,300.0,8.8,6.6,91.0,67.0
17.2,13.5,276.0,9.5,6.9,82.0,67.0
16.1,12.9,244.0,10.6,7.2,71.0,66.0
15.7,12.7,224.0,11.8,7.9,62.0,65.0
15.2,12.5,226.0,13.3,9.5,55.0,65.0
15.0,12.5,239.0,14.9,11.4,49.0,64.0
15.1,13.1,254.0,16.6,14.4,49.0,63.0
15.2,13.4,275.0,16.8,13.9,47.0,63.0
16.2,14.4,298.0,16.9,13.3,45.0,63.0
17.4,14.8,301.0,15.9,12.6,49.0,63.0
18.2,14.0,262.0,12.8,12.1,66.0,63.0
20.3,14.4,203.0,8.6,11.6,90.0,63.0
22.3,14.9,162.0,5.4,10.7,108.0,63.0
24.6,15.9,158.0,3.9,8.9,115.0,63.0
27.5,17.7,171.0,3.2,6.7,117.0,63.0
28.2,18.0,186.0,3.2,5.3,117.0,64.0
28.1,18.0,197.0,3.8,5.4,118.0,64.0
29.8,19.4,209.0,5.0,6.3,119.0,64.0
37.3,26.5,218.0,5.4,6.7,104.0,64.0
38.3,27.9,220.0,5.7,7.8,107.0,65.0
41.1,29.2,219.0,6.1,9.2,110.0,65.0
39.2,27.5,220.0,6.8,10.1,109.0,66.0
29.2,21.2,229.0,8.1,9.9,100.0,66.0
23.1,17.5,240.0,9.6,9.1,87.0,66.0
20.1,15.4,243.0,10.7,8.5,76.0,66.0
18.4,13.5,231.0,10.9,8.4,69.0,66.0
17.4,12.3,212.0,10.7,8.6,65.0,66.0
16.9,12.0,196.0,10.8,8.9,60.0,66.0
17.1,12.4,178.0,11.5,9.4,55.0,66.0
17.3,12.9,163.0,12.4,10.0,50.0,66.0
16.1,12.2,183.0,13.2,8.7,41.0,66.0
16.4,13.0,280.0,14.4,9.7,37.0,66.0
17.3,14.3,412.0,16.0,11.1,31.0,66.0
19.2,14.4,481.0,16.6,12.4,30.0,66.0
22.2,14.6,424.0,15.2,13.7,37.0,66.0
21.4,14.0,303.0,12.8,14.8,48.0,66.0
21.1,14.1,214.0,10.7,15.3,60.0,66.0
18.5,13.2,193.0,9.2,14.7,74.0,65.0
16.2,12.1,202.0,7.9,13.4,89.0,65.0
16.6,12.4,223.0,7.2,11.9,99.0,64.0
19.8,14.6,251.0,7.1,10.1,103.0,64.0
22.5,16.3,291.0,7.7,8.2,102.0,64.0
28.8,20.8,334.0,10.9,8.1,89.0,64.0
32.7,23.9,383.0,15.6,9.0,78.0,63.0
28.5,21.5,435.0,22.0,10.1,62.0,63.0
23.5,18.6,473.0,26.3,11.0,50.0,62.0
20.9,16.8,495.0,26.5,11.3,44.0,62.0
20.2,16.2,502.0,24.5,11.4,41.0,61.0
18.4,14.9,485.0,22.2,11.2,40.0,61.0
16.9,13.8,426.0,19.9,10.7,41.0,61.0
16.6,13.4,342.0,17.4,10.1,44.0,62.0
16.6,13.4,277.0,15.8,9.8,45.0,62.0
16.9,13.7,243.0,15.9,10.3,42.0,62.0
16.8,14.0,228.0,17.0,11.3,36.0,62.0
16.8,13.1,240.0,15.6,11.5,39.0,62.0
17.8,14.1,306.0,16.7,11.6,35.0,62.0
18.3,15.0,400.0,18.2,11.8,30.0,62.0
19.0,15.4,449.0,18.1,12.0,34.0,62.0
17.0,13.5,408.0,15.1,12.3,54.0,62.0
17.7,13.2,322.0,10.7,12.5,82.0,62.0
19.4,14.1,255.0,7.2,12.1,103.0,62.0
23.1,16.5,222.0,5.2,10.5,111.0,62.0
24.9,17.3,208.0,4.1,8.2,112.0,63.0
24.1,16.4,225.0,4.7,7.0,109.0,63.0
25.9,17.2,298.0,7.7,7.7,103.0,63.0
26.0,17.5,404.0,12.2,9.3,94.0,63.0
32.4,23.2,484.0,12.8,9.6,80.0,63.0
30.2,23.4,517.0,14.0,10.3,80.0,63.0
29.0,23.3,525.0,15.8,11.2,81.0,64.0
28.5,23.1,517.0,17.7,12.1,78.0,64.0
28.1,22.7,492.0,20.0,12.9,70.0,64.0
28.4,22.1,450.0,22.5,13.7,59.0,65.0
28.4,21.9,406.0,24.3,14.3,49.0,65.0
29.2,22.0,356.0,25.2,14.7,43.0,66.0
30.2,22.5,304.0,25.5,15.0,38.0,67.0
29.9,22.3,269.0,25.3,14.7,34.0,67.0
26.6,20.9,261.0,24.5,13.5,29.0,68.0
22.7,18.9,271.0,23.3,11.7,25.0,68.0
23.1,18.5,290.0,21.3,10.9,25.0,69.0
17.8,15.1,332.0,20.0,11.0,26.0,69.0
14.3,12.7,383.0,18.0,11.1,27.0,69.0
12.7,11.1,399.0,15.7,11.4,35.0,68.0
12.4,9.8,343.0,12.9,12.5,54.0,68.0
14.1,10.1,251.0,9.7,13.8,79.0,68.0
15.4,10.9,187.0,7.1,14.0,100.0,68.0
17.3,12.3,181.0,5.1,12.2,114.0,67.0
22.2,14.6,204.0,3.7,9.3,124.0,67.0
28.1,17.4,232.0,3.6,7.1,128.0,67.0
32.1,19.0,259.0,5.6,6.2,123.0,67.0
33.2,19.5,291.0,8.8,6.0,112.0,67.0
36.9,21.5,318.0,10.1,6.2,115.0,67.0
33.2,21.2,334.0,10.4,6.5,112.0,67.0
28.2,19.2,345.0,10.8,6.9,107.0,67.0
24.5,17.6,356.0,11.4,7.9,102.0,66.0
21.1,15.7,374.0,12.3,9.9,97.0,66.0
21.5,15.8,393.0,13.4,12.5,90.0,65.0
25.1,17.8,394.0,14.5,14.4,83.0,65.0
29.4,20.1,364.0,15.8,15.2,73.0,65.0
33.1,21.9,317.0,17.1,15.2,63.0,65.0
34.1,22.2,281.0,18.0,14.7,53.0,65.0
32.6,21.5,268.0,18.3,13.1,45.0,65.0
29.4,20.3,266.0,18.1,10.8,37.0,65.0
23.7,17.5,270.0,17.9,9.1,31.0,65.0
21.5,15.9,289.0,15.2,9.4,33.0,65.0
22.2,13.7,314.0,11.3,9.9,38.0,65.0
24.3,12.0,317.0,8.2,10.4,47.0,65.0
26.0,12.7,272.0,6.5,11.2,65.0,65.0
29.7,15.0,205.0,5.4,12.1,89.0,66.0
33.6,17.0,162.0,4.6,12.2,109.0,66.0
36.2,18.2,166.0,3.6,10.7,123.0,67.0
40.5,21.0,193.0,2.9,8.3,134.0,67.0
43.3,23.3,220.0,3.1,6.4,138.0,68.0
43.0,22.8,241.0,4.7,5.4,132.0,68.0
41.7,22.2,261.0,7.2,4.8,120.0,68.0
38.1,22.8,274.0,9.8,4.8,109.0,69.0
38.3,24.2,270.0,12.4,5.7,103.0,72.0
37.3,25.0,258.0,15.0,7.2,99.0,70.0
33.6,24.0,257.0,16.7,8.3,94.0,69.0
28.8,20.7,279.0,16.8,8.6,85.0,70.0
26.1,18.4,311.0,15.9,8.5,75.0,70.0
25.1,17.2,335.0,15.2,8.3,66.0,70.0
23.9,16.2,344.0,15.1,8.0,60.0,70.0
23.6,16.1,345.0,15.1,7.6,56.0,69.0
24.4,16.6,341.0,15.4,7.4,52.0,69.0
26.0,17.8,333.0,16.1,7.7,47.0,68.0
27.4,18.9,321.0,16.9,8.2,42.0,68.0
20.6,15.1,306.0,16.6,7.6,28.0,68.0
19.2,13.6,289.0,14.9,8.3,32.0,68.0
19.8,13.3,269.0,12.4,9.3,39.0,68.0
21.1,12.8,248.0,10.1,10.2,50.0,68.0
22.8,13.1,221.0,8.1,11.1,70.0,68.0
25.6,14.7,193.0,6.3,12.0,94.0,68.0
26.8,15.8,175.0,4.9,11.9,113.0,68.0
32.9,18.3,174.0,3.9,10.2,125.0,68.0
36.1,20.7,184.0,3.2,7.7,132.0,68.0
36.6,21.0,199.0,3.2,5.7,133.0,68.0
35.9,20.1,222.0,4.1,4.6,125.0,68.0
34.2,18.9,251.0,5.7,4.1,112.0,67.0
44.7,22.9,269.0,6.5,4.9,112.0,68.0
40.2,23.5,263.0,7.2,5.4,111.0,71.0
40.4,25.1,247.0,8.1,6.1,110.0,71.0
41.6,26.4,246.0,8.9,6.8,108.0,67.0
39.8,25.1,279.0,9.2,7.6,104.0,68.0
36.2,21.9,326.0,9.3,8.5,99.0,68.0
35.2,20.8,356.0,9.9,9.1,92.0,68.0
37.6,21.7,349.0,11.4,9.5,81.0,69.0
38.4,22.6,325.0,13.3,9.7,69.0,69.0
35.6,22.3,307.0,14.8,9.6,57.0,70.0
29.7,20.1,310.0,15.9,9.1,46.0,70.0
23.2,17.0,320.0,16.6,8.4,35.0,70.0
14.2,10.7,316.0,13.9,7.7,31.0,69.0
13.2,8.3,283.0,11.9,7.7,33.0,69.0
13.6,6.8,235.0,9.0,7.8,37.0,68.0
14.5,7.0,196.0,6.7,8.0,45.0,68.0
15.0,7.7,173.0,5.3,8.7,62.0,68.0
16.1,9.2,158.0,4.5,9.5,83.0,67.0
17.9,10.5,151.0,3.8,9.7,101.0,67.0
18.9,11.2,153.0,3.0,8.6,114.0,66.0
23.5,13.9,162.0,2.5,6.9,124.0,66.0
26.8,16.4,177.0,3.0,5.5,127.0,65.0
27.9,16.1,196.0,5.2,4.7,120.0,65.0
28.4,15.6,221.0,8.4,4.3,106.0,65.0
28.9,16.2,249.0,7.9,5.0,104.0,64.0
26.9,16.1,286.0,9.8,6.0,102.0,64.0
26.7,16.5,328.0,12.5,7.4,98.0,63.0
30.4,18.5,358.0,15.2,8.5,92.0,62.0
35.4,21.1,369.0,17.7,9.2,83.0,62.0
38.4,23.3,369.0,20.1,9.6,73.0,62.0
42.1,25.8,366.0,21.9,9.7,62.0,62.0
43.2,27.1,366.0,23.1,9.5,51.0,63.0
43.2,27.8,362.0,23.8,9.1,40.0,63.0
37.6,25.7,347.0,23.3,8.6,31.0,64.0
28.1,20.7,309.0,20.9,7.8,27.0,64.0
19.5,15.3,260.0,17.4,7.0,25.0,63.0
11.8,8.7,221.0,11.5,6.9,28.0,63.0
11.6,8.5,204.0,10.3,7.6,30.0,63.0
12.9,7.8,198.0,8.7,8.7,34.0,63.0
13.2,8.2,189.0,7.3,9.6,41.0,64.0
14.1,8.9,169.0,6.3,10.5,54.0,64.0
15.8,10.2,146.0,5.5,11.4,72.0,64.0
17.2,11.4,134.0,4.8,11.5,86.0,64.0
18.0,12.0,139.0,4.1,10.3,96.0,64.0
21.4,14.0,155.0,3.6,8.3,104.0,64.0
24.1,15.7,170.0,3.7,6.6,108.0,64.0
25.0,16.0,181.0,4.6,5.5,105.0,64.0
25.1,15.9,192.0,6.1,4.7,98.0,64.0
33.5,22.0,206.0,9.3,5.0,92.0,64.0
36.7,24.7,230.0,11.6,5.7,87.0,65.0
40.0,27.6,258.0,14.7,6.6,81.0,66.0
38.8,26.9,274.0,16.8,7.3,75.0,66.0
38.8,27.2,271.0,17.0,7.7,70.0,67.0
34.3,25.1,257.0,16.3,7.8,66.0,67.0
30.0,22.1,242.0,15.2,7.8,61.0,67.0
24.3,18.0,226.0,13.7,7.5,54.0,66.0
19.3,14.4,208.0,11.9,7.0,46.0,65.0
15.9,12.0,195.0,10.7,6.6,40.0,64.0
15.6,11.7,187.0,10.8,6.4,35.0,63.0
15.9,12.1,185.0,11.7,6.2,32.0,63.0
10.7,8.9,193.0,12.3,6.9,26.0,63.0
9.9,8.3,227.0,11.5,7.9,28.0,63.0
9.6,7.4,273.0,10.3,9.3,32.0,63.0
10.2,7.2,291.0,9.0,10.3,40.0,63.0
11.8,7.6,252.0,7.3,10.6,55.0,63.0
14.2,8.8,185.0,5.5,10.5,74.0,63.0
16.0,10.0,142.0,4.1,9.9,91.0,63.0
16.6,10.5,150.0,3.2,8.6,103.0,62.0
18.6,11.6,181.0,2.8,7.0,112.0,62.0
20.5,13.0,206.0,3.0,5.7,118.0,62.0
23.1,14.6,211.0,3.9,5.2,119.0,62.0
25.5,16.1,209.0,5.4,5.0,116.0,62.0
19.8,12.2,207.0,6.7,5.3,102.0,61.0
22.3,15.5,205.0,9.0,5.6,101.0,60.0
19.5,14.2,203.0,12.1,5.9,100.0,59.0
17.9,13.5,203.0,13.8,6.1,99.0,58.0
17.0,13.0,204.0,13.0,6.0,97.0,57.0
16.8,12.6,207.0,10.8,5.7,95.0,56.0
17.1,12.6,214.0,8.9,5.6,94.0,55.0
18.7,13.5,230.0,7.2,5.7,95.0,55.0
21.6,15.6,249.0,5.8,5.9,98.0,55.0
24.7,17.8,258.0,6.1,6.5,94.0,56.0
26.6,19.3,240.0,9.7,8.0,78.0,56.0
27.5,20.7,213.0,15.1,9.9,57.0,57.0
18.7,14.8,212.0,16.6,11.1,46.0,57.0
17.9,15.0,275.0,17.0,11.7,47.0,58.0
18.2,15.9,365.0,17.4,12.4,50.0,59.0
16.8,14.6,405.0,16.5,12.7,61.0,59.0
16.7,14.0,344.0,13.3,12.3,86.0,60.0
18.3,14.7,234.0,8.8,11.4,119.0,60.0
21.1,16.3,156.0,5.4,10.4,144.0,61.0
27.1,19.9,149.0,3.8,9.1,156.0,61.0
29.1,21.5,176.0,3.2,7.7,160.0,62.0
31.2,22.5,202.0,3.2,6.7,159.0,65.0
28.1,20.5,216.0,3.8,6.3,152.0,87.0
28.2,20.3,229.0,5.0,6.3,139.0,104.0
21.0,15.9,249.0,6.7,7.7,129.0,113.0
20.3,15.8,286.0,7.3,7.7,124.0,114.0
21.2,16.3,328.0,8.0,7.8,117.0,108.0
21.4,16.2,352.0,8.4,7.7,110.0,98.0
21.8,16.4,339.0,8.1,7.3,105.0,87.0
22.5,16.6,307.0,7.5,6.7,101.0,74.0
21.7,16.0,281.0,6.9,6.4,97.0,65.0
21.3,15.5,272.0,6.1,6.2,94.0,65.0
20.5,15.0,269.0,5.3,6.2,92.0,65.0
19.4,14.4,263.0,5.4,7.0,88.0,65.0
18.5,13.9,241.0,6.9,9.4,82.0,65.0
18.4,14.1,216.0,9.3,12.7,74.0,64.0
17.5,13.4,216.0,8.6,12.1,86.0,64.0
18.7,14.8,275.0,11.8,14.2,75.0,64.0
20.0,16.5,360.0,16.0,16.9,61.0,64.0
21.1,18.0,400.0,17.9,18.5,59.0,64.0
21.2,17.9,347.0,15.5,18.0,79.0,65.0
22.4,18.2,248.0,10.8,16.2,109.0,65.0
25.0,19.8,179.0,6.9,14.1,134.0,65.0
28.6,22.1,173.0,4.7,11.5,146.0,65.0
27.9,21.5,196.0,3.4,8.5,152.0,65.0
26.8,20.4,217.0,2.8,6.3,153.0,65.0
26.0,19.5,228.0,3.4,5.6,147.0,75.0
25.2,18.5,237.0,4.8,5.8,135.0,91.0
38.3,29.4,241.0,5.4,9.3,153.0,107.0
38.0,29.8,234.0,6.2,8.8,146.0,115.0
38.6,30.3,222.0,7.3,8.2,137.0,115.0
38.6,29.9,216.0,7.9,7.6,128.0,111.0
38.3,29.4,224.0,7.6,7.3,120.0,105.0
36.0,27.5,238.0,7.0,7.0,113.0,96.0
33.1,25.0,249.0,6.6,6.9,105.0,87.0
29.5,22.2,257.0,6.7,6.6,96.0,79.0
25.0,18.7,262.0,7.1,6.4,87.0,73.0
20.3,15.7,253.0,8.2,7.0,78.0,73.0
19.3,15.8,205.0,10.4,9.0,69.0,73.0
20.8,17.6,144.0,13.3,11.9,61.0,73.0
17.1,14.2,130.0,13.6,12.2,61.0,73.0
18.5,15.4,223.0,15.2,14.2,62.0,73.0
20.5,17.2,364.0,17.2,16.9,64.0,73.0
23.0,19.2,441.0,17.7,18.7,72.0,74.0
25.8,20.6,383.0,15.2,18.9,90.0,74.0
27.3,21.1,261.0,11.0,18.2,114.0,74.0
28.8,21.6,177.0,7.6,16.9,134.0,74.0
29.8,22.2,181.0,5.4,14.8,147.0,74.0
31.8,23.2,224.0,3.9,12.2,156.0,74.0
34.1,24.4,259.0,3.7,10.1,159.0,75.0
36.7,25.6,266.0,5.7,9.2,154.0,85.0
34.2,24.0,265.0,9.1,8.9,144.0,100.0
34.0,25.6,270.0,8.5,6.9,119.0,106.0
36.1,27.4,292.0,12.7,7.7,112.0,106.0
39.2,29.5,319.0,18.4,8.9,102.0,99.0
40.6,30.7,331.0,21.6,9.7,94.0,88.0
40.0,29.9,317.0,20.1,9.9,92.0,75.0
38.8,28.6,287.0,16.1,9.8,92.0,75.0
36.7,26.5,256.0,12.6,9.5,92.0,75.0
35.3,25.0,223.0,10.2,8.6,92.0,75.0
33.4,23.1,189.0,8.4,7.5,91.0,76.0
28.3,20.0,166.0,7.8,7.0,86.0,76.0
25.9,18.8,153.0,9.5,7.4,73.0,76.0
24.9,18.4,152.0,12.5,8.5,57.0,76.0
17.9,13.1,183.0,10.4,7.7,49.0,76.0
15.8,11.9,278.0,11.5,8.2,47.0,76.0
15.5,12.1,406.0,12.9,8.9,46.0,76.0
15.7,12.4,488.0,13.4,10.0,52.0,75.0
16.1,12.9,484.0,12.0,11.9,71.0,75.0
16.8,13.7,434.0,9.6,14.1,97.0,74.0
16.9,14.4,384.0,7.5,15.1,119.0,73.0
18.1,15.5,343.0,5.8,13.9,136.0,73.0
19.2,16.0,301.0,4.3,11.6,148.0,72.0
23.6,17.8,272.0,3.7,9.6,153.0,72.0
24.4,18.0,262.0,4.6,8.7,144.0,71.0
23.7,17.3,265.0,6.3,8.2,127.0,78.0
27.7,21.4,271.0,9.7,14.5,120.0,89.0
27.8,21.8,277.0,10.6,13.0,111.0,92.0
26.8,20.7,287.0,11.8,11.0,98.0,87.0
26.8,20.3,296.0,12.6,9.3,88.0,77.0
26.5,19.7,310.0,12.5,8.2,82.0,68.0
26.0,19.3,324.0,11.8,7.5,78.0,67.0
25.6,18.8,321.0,11.2,7.0,75.0,66.0
24.9,18.3,283.0,10.6,6.5,72.0,66.0
24.2,17.8,228.0,10.0,6.3,69.0,65.0
23.2,17.3,188.0,9.8,6.9,67.0,65.0
21.5,16.4,168.0,10.2,9.1,67.0,65.0
18.7,15.1,162.0,10.9,12.2,68.0,65.0
23.8,19.6,188.0,13.6,20.5,65.0,65.0
23.6,19.9,278.0,14.4,22.2,67.0,66.0
24.0,20.3,398.0,15.4,24.4,71.0,66.0
24.7,20.8,468.0,15.0,25.0,82.0,67.0
24.7,21.0,437.0,12.1,22.7,106.0,68.0
24.9,21.2,355.0,7.9,18.8,135.0,68.0
26.2,21.9,288.0,4.6,15.2,156.0,69.0
28.1,22.4,258.0,3.2,12.4,159.0,69.0
26.8,21.2,242.0,2.7,9.9,153.0,70.0
25.7,20.3,237.0,2.9,8.3,146.0,81.0
25.6,19.8,247.0,3.8,7.9,139.0,95.0
25.5,19.6,267.0,5.4,8.4,131.0,106.0
33.6,25.7,280.0,7.3,7.5,104.0,105.0
32.5,25.0,278.0,9.0,7.5,98.0,98.0
31.8,24.6,270.0,11.2,7.5,90.0,84.0
30.7,23.9,260.0,12.4,7.4,84.0,72.0
29.3,22.4,253.0,11.6,7.0,83.0,72.0
29.3,22.2,245.0,9.9,6.4,85.0,72.0
29.0,22.0,233.0,8.5,6.2,86.0,72.0
27.9,21.2,211.0,7.9,6.3,87.0,72.0
25.1,19.6,185.0,7.8,6.8,87.0,73.0
21.5,17.3,173.0,8.1,8.0,84.0,73.0
19.1,15.7,183.0,9.4,10.7,75.0,73.0
17.5,14.7,207.0,11.2,14.2,64.0,73.0
24.8,21.4,234.0,13.5,23.4,59.0,73.0
21.2,18.1,269.0,12.9,21.4,60.0,73.0
19.6,16.6,308.0,12.0,18.7,62.0,72.0
20.4,17.2,327.0,10.7,16.3,72.0,72.0
23.9,19.9,309.0,8.5,14.9,97.0,72.0
27.2,22.8,270.0,5.9,14.0,129.0,72.0
29.5,24.6,242.0,3.9,12.8,153.0,72.0
32.6,26.1,236.0,2.8,11.0,160.0,72.0
32.0,25.3,239.0,2.4,9.0,159.0,73.0
31.2,24.4,247.0,2.7,7.6,154.0,76.0
30.5,23.7,262.0,4.3,7.4,146.0,94.0
30.3,23.5,281.0,6.7,7.8,135.0,108.0
27.6,21.4,290.0,7.0,8.3,126.0,114.0
27.8,22.1,283.0,7.4,8.1,120.0,112.0
27.0,21.4,267.0,7.9,7.7,112.0,103.0
25.7,20.5,248.0,8.0,7.3,106.0,92.0
24.5,19.4,223.0,7.3,6.3,106.0,80.0
23.7,18.7,196.0,6.2,5.3,108.0,72.0
23.7,18.4,181.0,5.8,5.7,107.0,72.0
23.3,18.2,189.0,6.7,8.8,101.0,72.0
23.6,19.0,210.0,8.3,13.2,93.0,72.0
23.3,19.2,226.0,9.8,16.7,83.0,72.0
22.2,18.5,223.0,11.2,18.3,71.0,72.0
20.4,17.0,216.0,12.5,18.9,58.0,72.0
19.8,16.8,231.0,12.9,21.9,58.0,72.0
19.1,16.4,302.0,13.8,21.0,60.0,72.0
20.0,17.3,395.0,14.8,19.8,63.0,72.0
22.4,19.2,439.0,14.6,18.4,75.0,72.0
24.0,20.1,382.0,11.9,16.9,103.0,72.0
22.8,19.4,276.0,8.0,15.3,139.0,72.0
24.6,20.6,200.0,4.9,13.4,165.0,71.0
26.5,21.7,191.0,3.5,11.0,173.0,71.0
33.3,24.8,211.0,3.0,8.4,172.0,71.0
31.7,23.5,231.0,3.2,6.6,168.0,92.0
31.4,23.2,241.0,4.4,6.4,161.0,112.0
30.7,22.5,249.0,6.2,6.9,152.0,129.0
25.4,19.8,252.0,7.0,8.4,133.0,135.0
26.3,20.9,243.0,6.9,7.8,130.0,133.0
26.1,20.6,228.0,6.8,7.0,126.0,125.0
25.0,19.5,218.0,6.7,6.3,120.0,114.0
24.9,18.7,218.0,6.5,5.8,113.0,101.0
23.6,17.2,222.0,6.4,5.4,105.0,88.0
21.8,15.7,227.0,6.8,5.7,96.0,74.0
19.6,14.4,231.0,7.9,6.9,87.0,70.0
18.1,13.7,237.0,9.5,8.8,77.0,69.0
17.0,13.1,244.0,11.1,10.7,68.0,69.0
15.9,12.5,251.0,12.7,12.6,58.0,68.0
15.3,12.1,259.0,14.3,14.7,49.0,68.0
15.0,11.6,278.0,13.5,13.6,46.0,67.0
15.8,12.6,328.0,14.7,16.0,46.0,67.0
16.9,13.9,389.0,16.2,19.2,48.0,67.0
19.3,16.1,407.0,16.2,21.1,59.0,67.0
22.3,18.1,338.0,13.4,20.5,87.0,67.0
21.1,17.6,226.0,9.2,18.5,124.0,66.0
23.4,20.0,147.0,5.8,16.2,153.0,66.0
25.3,21.9,139.0,4.2,13.5,168.0,66.0
28.6,25.0,164.0,3.4,10.6,174.0,66.0
31.9,27.9,187.0,3.3,8.5,177.0,77.0
31.5,27.4,195.0,4.1,8.1,176.0,104.0
27.8,23.1,202.0,5.5,8.7,171.0,128.0
34.6,25.8,207.0,6.8,10.4,153.0,142.0
31.9,24.9,213.0,6.8,10.0,148.0,147.0
31.3,24.4,218.0,6.8,9.3,142.0,145.0
32.5,24.6,221.0,6.8,8.7,135.0,138.0
33.1,24.4,220.0,6.5,8.0,130.0,129.0
33.3,24.2,216.0,6.3,7.4,126.0,118.0
33.4,23.8,214.0,6.4,7.2,119.0,106.0
32.5,22.9,214.0,7.2,7.7,108.0,92.0
30.4,21.5,215.0,8.5,8.7,94.0,80.0
28.3,20.4,222.0,10.0,10.2,83.0,72.0
27.8,20.8,233.0,12.0,12.4,75.0,73.0
28.5,21.2,250.0,14.3,15.1,69.0,73.0
27.7,19.7,275.0,15.3,14.6,65.0,74.0
29.0,21.4,326.0,15.9,16.4,68.0,75.0
29.5,22.3,386.0,16.5,18.8,73.0,75.0
29.0,21.6,406.0,15.8,19.7,82.0,76.0
24.3,18.0,346.0,12.3,17.6,99.0,76.0
20.9,15.8,245.0,7.4,13.9,121.0,76.0
20.2,15.6,175.0,3.8,10.8,137.0,75.0
19.6,15.5,169.0,2.4,8.9,143.0,75.0
19.3,15.3,193.0,2.3,7.5,144.0,74.0
19.2,14.8,215.0,3.1,6.7,141.0,73.0
20.2,15.1,226.0,4.9,6.4,134.0,79.0
22.6,15.9,235.0,7.5,6.7,123.0,88.0
27.6,17.8,242.0,6.3,5.9,112.0,91.0
31.2,21.6,244.0,8.7,6.4,109.0,88.0
29.9,21.2,244.0,11.9,7.1,104.0,81.0
29.7,21.2,245.0,13.7,7.5,101.0,72.0
30.4,21.7,252.0,12.8,7.3,101.0,70.0
31.7,22.5,260.0,10.4,6.9,104.0,70.0
32.7,23.1,261.0,8.3,6.8,107.0,70.0
33.9,24.1,245.0,6.9,7.2,114.0,70.0
34.5,24.9,221.0,5.8,7.9,122.0,70.0
33.2,24.0,208.0,5.4,8.7,123.0,70.0
32.0,22.7,206.0,6.0,9.3,112.0,71.0
31.9,21.8,214.0,7.3,10.0,94.0,71.0
34.2,22.3,252.0,12.6,20.5,66.0,71.0
34.6,22.7,355.0,13.7,21.9,66.0,71.0
35.4,23.5,487.0,15.2,23.7,66.0,71.0
37.6,25.3,560.0,15.2,24.1,75.0,71.0
40.6,27.8,520.0,12.5,22.0,100.0,72.0
41.1,28.3,420.0,8.5,18.6,132.0,73.0
39.8,27.9,341.0,5.3,15.2,156.0,74.0
38.9,27.9,308.0,3.8,12.1,163.0,75.0
34.6,25.1,295.0,3.2,9.0,161.0,76.0
33.9,24.3,298.0,3.3,7.1,158.0,82.0
34.3,24.3,323.0,4.0,6.9,155.0,101.0
34.7,24.6,363.0,5.3,7.9,150.0,116.0
37.1,26.1,398.0,7.6,8.8,125.0,122.0
36.7,26.7,417.0,8.4,9.1,124.0,120.0
37.7,27.3,430.0,9.5,9.5,121.0,113.0
37.1,27.1,444.0,10.2,9.6,119.0,103.0
36.6,26.7,472.0,10.0,9.1,116.0,94.0
35.6,26.0,501.0,9.4,8.4,113.0,84.0
34.1,24.9,496.0,8.7,8.0,111.0,81.0
33.9,24.4,424.0,7.8,7.9,111.0,81.0
33.2,23.3,318.0,6.8,8.1,112.0,81.0
32.0,21.9,239.0,6.5,9.0,110.0,80.0
30.6,20.8,209.0,7.3,11.3,100.0,80.0
29.4,20.7,207.0,8.9,14.4,87.0,80.0
25.9,17.8,224.0,5.1,7.7,113.0,80.0
25.7,17.8,272.0,7.0,8.7,106.0,79.0
26.8,18.7,340.0,9.5,10.2,97.0,79.0
27.5,19.3,388.0,10.9,11.5,95.0,79.0
29.3,20.7,396.0,10.0,12.9,106.0,78.0
32.6,23.2,384.0,8.0,14.2,124.0,78.0
36.8,25.8,367.0,6.2,14.5,138.0,77.0
38.9,26.3,342.0,5.0,13.1,145.0,77.0
39.3,26.0,313.0,4.0,10.6,149.0,77.0
39.8,25.9,299.0,3.8,8.9,150.0,80.0
39.9,25.7,320.0,4.9,8.6,147.0,91.0
39.8,25.6,358.0,6.7,8.9,141.0,101.0
34.8,23.5,378.0,12.2,8.7,105.0,100.0
32.6,23.3,361.0,11.2,8.5,106.0,96.0
32.5,23.9,326.0,9.8,8.2,108.0,90.0
31.8,23.6,296.0,8.7,7.9,109.0,82.0
32.2,23.6,278.0,8.2,7.5,107.0,76.0
31.8,23.2,265.0,7.9,7.0,104.0,76.0
31.3,22.8,252.0,7.7,6.9,102.0,76.0
30.9,22.4,238.0,7.3,6.9,102.0,76.0
30.6,22.2,225.0,7.0,7.3,102.0,76.0
30.2,22.1,218.0,7.1,8.7,101.0,76.0
29.9,22.2,216.0,8.1,12.4,98.0,76.0
29.9,22.6,220.0,9.5,17.2,93.0,76.0
19.3,15.0,243.0,8.8,12.6,91.0,76.0
18.0,14.2,309.0,10.4,13.6,90.0,76.0
18.1,13.9,393.0,12.5,14.9,88.0,75.0
19.3,14.5,434.0,13.2,15.5,90.0,75.0
20.8,15.4,392.0,11.0,14.7,100.0,74.0
22.6,16.5,308.0,7.3,13.1,113.0,74.0
23.9,17.2,242.0,4.5,11.6,122.0,73.0
24.4,17.6,220.0,3.5,10.2,124.0,73.0
25.1,17.9,217.0,3.5,8.9,122.0,72.0
25.0,17.8,219.0,4.0,8.1,118.0,71.0
24.6,17.5,225.0,5.4,8.2,110.0,71.0
24.1,17.1,237.0,7.5,8.7,100.0,70.0
29.7,20.3,239.0,6.7,7.0,75.0,70.0
27.6,19.3,223.0,7.2,6.4,69.0,69.0
27.0,18.5,199.0,7.8,5.5,62.0,69.0
25.6,17.3,180.0,7.9,4.8,56.0,68.0
24.7,16.4,173.0,7.2,4.3,55.0,68.0
24.2,15.7,172.0,6.0,3.8,55.0,67.0
24.0,15.3,175.0,5.0,3.6,57.0,67.0
24.6,15.4,181.0,4.2,3.4,59.0,66.0
24.7,15.4,190.0,3.5,3.3,62.0,66.0
24.9,15.4,200.0,3.5,4.0,64.0,65.0
23.9,15.3,210.0,4.6,5.9,66.0,65.0
22.5,15.6,221.0,6.3,8.7,67.0,64.0
24.4,17.7,239.0,5.9,7.4,75.0,64.0
25.0,18.2,275.0,6.7,8.9,74.0,65.0
26.2,19.0,319.0,7.7,10.9,73.0,65.0
26.5,19.2,340.0,8.1,12.4,77.0,65.0
26.4,19.0,321.0,7.1,12.8,89.0,66.0
26.3,19.0,279.0,5.4,12.6,106.0,66.0
26.4,19.1,242.0,4.1,12.1,118.0,66.0
25.4,18.6,216.0,3.4,11.2,122.0,66.0
24.0,17.6,194.0,3.1,10.0,121.0,66.0
22.6,16.6,179.0,3.2,9.0,117.0,66.0
20.8,15.1,174.0,3.8,8.5,109.0,66.0
20.2,14.6,174.0,4.8,8.2,98.0,66.0
30.5,21.8,174.0,5.0,9.1,98.0,66.0
28.1,20.0,169.0,5.0,8.0,92.0,66.0
26.4,18.6,163.0,5.1,6.6,82.0,66.0
24.6,17.1,156.0,5.0,5.3,75.0,66.0
23.7,16.3,150.0,4.7,4.5,71.0,66.0
23.1,15.7,143.0,4.2,3.9,69.0,66.0
22.4,15.0,136.0,3.7,3.5,66.0,66.0
21.7,14.3,126.0,3.2,3.2,61.0,66.0
21.5,13.9,117.0,2.8,3.1,56.0,65.0
20.5,13.2,113.0,2.6,3.0,52.0,65.0
20.8,13.3,113.0,2.5,2.7,49.0,65.0
21.7,13.9,118.0,2.7,2.5,48.0,65.0
20.4,13.5,146.0,4.4,4.6,57.0,65.0
19.3,13.7,224.0,6.4,7.5,58.0,64.0
19.4,14.3,324.0,9.2,11.6,59.0,64.0
18.6,13.9,374.0,10.7,15.1,65.0,64.0
20.0,14.8,325.0,9.9,17.8,80.0,63.0
24.8,18.2,227.0,8.0,19.8,98.0,63.0
28.9,21.1,153.0,6.1,20.0,111.0,63.0
28.7,21.1,135.0,4.5,17.0,113.0,63.0
24.9,18.5,142.0,3.0,12.1,109.0,64.0
22.0,16.3,154.0,2.3,8.4,102.0,64.0
20.8,15.0,164.0,2.8,7.3,91.0,64.0
20.5,14.5,179.0,4.1,7.4,77.0,64.0
24.4,15.6,196.0,5.3,6.9,53.0,63.0
24.7,16.1,217.0,6.8,7.0,49.0,63.0
25.4,16.8,239.0,8.9,7.1,44.0,63.0
25.4,17.1,253.0,10.6,7.2,40.0,63.0
25.1,17.2,251.0,11.7,7.4,37.0,63.0
25.1,17.3,241.0,12.5,7.7,35.0,63.0
24.4,17.0,234.0,12.8,7.9,34.0,63.0
23.8,16.6,235.0,12.4,7.8,33.0,63.0
23.3,16.3,240.0,11.5,7.7,34.0,63.0
23.1,16.2,249.0,11.3,8.0,33.0,64.0
23.2,16.5,260.0,12.5,8.7,30.0,64.0
23.9,17.4,274.0,14.4,9.9,27.0,64.0
22.6,16.1,296.0,11.5,9.5,29.0,64.0
25.0,18.5,339.0,11.5,12.4,32.0,65.0
25.7,18.9,391.0,11.3,16.4,36.0,65.0
26.5,19.2,416.0,10.8,19.5,45.0,65.0
29.1,21.1,395.0,9.5,21.2,62.0,66.0
33.5,24.3,348.0,7.8,21.9,82.0,66.0
35.3,25.6,299.0,6.2,21.3,97.0,67.0
32.5,23.9,249.0,4.7,18.4,103.0,67.0
28.8,21.5,198.0,3.2,14.2,103.0,67.0
28.6,21.3,168.0,2.6,11.0,99.0,68.0
27.1,20.0,176.0,3.4,9.9,91.0,68.0
25.7,18.8,206.0,4.9,9.7,79.0,68.0
26.1,18.7,234.0,5.4,9.4,73.0,69.0
23.6,16.1,253.0,5.6,8.2,65.0,69.0
21.2,14.2,270.0,5.9,6.6,54.0,68.0
19.5,13.0,277.0,6.2,5.4,45.0,68.0
18.6,12.4,266.0,6.4,5.0,41.0,68.0
18.2,12.2,247.0,6.5,5.1,40.0,67.0
17.6,11.8,237.0,6.8,5.4,40.0,67.0
17.4,11.8,249.0,7.3,5.9,39.0,66.0
17.8,12.5,272.0,7.9,6.7,39.0,66.0
19.2,14.1,287.0,8.9,8.1,40.0,66.0
20.8,16.5,280.0,10.5,10.5,42.0,66.0
23.7,19.4,267.0,12.5,13.4,46.0,66.0
23.7,18.8,273.0,10.3,11.4,48.0,66.0
28.4,23.5,322.0,12.1,14.2,58.0,67.0
34.0,28.9,391.0,14.3,18.1,73.0,68.0
37.5,32.9,437.0,15.0,20.9,93.0,69.0
41.7,36.7,438.0,12.5,21.8,125.0,70.0
45.4,40.0,415.0,8.3,21.6,162.0,71.0
47.6,42.1,390.0,5.0,20.4,188.0,72.0
46.4,41.0,365.0,3.4,17.7,192.0,74.0
45.1,39.3,337.0,2.8,14.2,184.0,95.0
44.4,37.8,317.0,2.8,11.6,175.0,120.0
47.5,39.0,311.0,3.8,11.1,166.0,140.0
46.6,38.6,314.0,5.5,11.6,156.0,152.0
34.3,28.5,316.0,6.5,13.1,146.0,156.0
32.8,27.1,315.0,6.8,12.7,140.0,152.0
31.5,25.7,314.0,7.3,12.1,132.0,141.0
30.3,24.4,312.0,7.5,11.4,125.0,127.0
28.7,22.9,309.0,7.3,10.6,120.0,113.0
26.7,21.1,305.0,6.9,9.7,115.0,101.0
24.7,19.3,294.0,6.5,8.9,111.0,89.0
22.9,17.6,266.0,5.9,8.2,108.0,86.0
21.1,15.9,232.0,5.3,7.5,106.0,86.0
16.6,12.6,215.0,5.2,7.7,104.0,86.0
15.1,11.8,229.0,5.9,9.0,100.0,85.0
15.5,12.3,260.0,7.0,11.0,95.0,85.0
16.8,14.8,291.0,11.3,13.7,81.0,84.0
21.2,17.9,326.0,12.1,15.0,85.0,84.0
22.4,19.2,361.0,13.1,16.7,92.0,83.0
20.2,18.5,371.0,12.9,17.7,105.0,82.0
21.1,19.6,334.0,10.6,17.5,132.0,81.0
22.6,21.2,273.0,7.1,16.6,166.0,79.0
23.7,22.3,229.0,4.4,15.2,189.0,78.0
23.6,21.9,220.0,3.2,12.8,193.0,88.0
26.0,22.5,228.0,2.7,9.8,186.0,111.0
28.5,23.3,243.0,2.8,7.8,179.0,131.0
28.1,23.1,267.0,3.7,7.5,174.0,148.0
27.9,23.0,299.0,5.2,8.1,168.0,159.0
29.7,25.2,323.0,6.6,8.5,165.0,164.0
32.6,28.1,333.0,10.0,9.7,158.0,163.0
33.1,28.7,335.0,14.8,11.3,148.0,156.0
33.5,29.3,339.0,18.4,12.5,137.0,146.0
35.3,30.9,347.0,19.9,12.7,124.0,133.0
35.9,31.0,357.0,20.2,12.5,110.0,118.0
32.1,27.6,365.0,20.0,12.3,98.0,102.0
27.9,24.5,374.0,19.0,12.3,90.0,86.0
19.2,18.3,382.0,17.5,12.3,84.0,74.0
16.3,15.9,381.0,16.3,12.2,79.0,75.0
14.6,14.2,353.0,15.8,11.9,73.0,75.0
15.1,14.6,316.0,15.6,11.6,68.0,75.0
11.5,11.1,318.0,9.0,7.3,78.0,75.0
12.5,12.0,407.0,10.8,8.1,75.0,74.0
14.0,13.5,536.0,13.1,9.3,71.0,74.0
13.6,12.8,608.0,14.0,10.4,76.0,73.0
13.3,12.4,568.0,12.0,11.5,97.0,73.0
14.2,13.2,472.0,8.6,12.6,127.0,72.0
16.0,14.9,393.0,5.8,12.9,152.0,72.0
17.1,15.9,357.0,4.3,11.7,168.0,71.0
23.7,19.7,339.0,3.5,9.8,179.0,71.0
26.7,21.8,329.0,3.3,8.4,185.0,91.0
27.1,22.1,330.0,3.8,8.2,184.0,115.0
27.0,22.1,341.0,5.0,8.5,177.0,136.0
26.9,22.1,347.0,6.8,8.7,146.0,147.0
27.6,22.9,343.0,8.0,8.9,141.0,150.0
28.5,23.5,334.0,9.5,9.3,135.0,146.0
28.2,23.2,325.0,10.4,9.3,129.0,138.0
28.2,23.1,321.0,9.6,8.7,126.0,127.0
28.1,22.7,317.0,8.1,7.9,125.0,114.0
26.4,21.0,304.0,7.5,7.5,119.0,100.0
22.8,18.2,273.0,8.7,7.8,106.0,85.0
18.2,15.1,233.0,10.7,8.5,88.0,73.0
13.9,12.4,207.0,12.2,9.2,74.0,66.0
12.5,11.0,199.0,12.7,9.7,65.0,66.0
11.8,10.5,203.0,12.8,10.1,59.0,66.0
17.2,14.9,228.0,13.2,13.0,63.0,66.0
18.9,16.5,292.0,14.5,13.6,65.0,66.0
20.0,17.4,376.0,16.1,14.6,69.0,67.0
20.8,17.9,431.0,16.4,15.5,81.0,67.0
20.9,18.2,430.0,14.1,16.7,109.0,68.0
21.7,19.4,400.0,10.5,18.0,146.0,68.0
23.2,21.1,367.0,7.7,18.3,173.0,69.0
23.5,21.5,339.0,6.2,16.8,183.0,69.0
24.6,22.6,309.0,5.5,14.4,185.0,82.0
25.1,21.9,285.0,5.7,12.5,183.0,107.0
29.9,24.3,264.0,7.6,11.8,179.0,130.0
30.6,24.8,249.0,10.4,11.6,172.0,149.0
28.3,26.1,262.0,14.0,8.3,147.0,156.0
29.7,27.0,335.0,13.1,8.1,148.0,156.0
33.2,28.5,436.0,11.7,7.9,149.0,152.0
33.2,28.3,486.0,10.4,7.6,150.0,146.0
33.4,28.2,433.0,9.0,7.2,150.0,138.0
33.9,28.5,329.0,7.6,6.7,149.0,131.0
33.2,27.5,252.0,7.1,7.0,145.0,124.0
29.6,25.1,236.0,8.0,8.7,136.0,116.0
23.3,21.0,248.0,9.8,11.0,123.0,111.0
21.1,19.8,261.0,11.2,12.9,112.0,103.0
21.3,20.0,271.0,11.9,13.8,101.0,93.0
20.9,19.6,283.0,12.2,14.2,92.0,81.0
12.0,10.6,287.0,8.5,8.4,81.0,75.0
11.6,10.3,278.0,8.7,8.4,81.0,75.0
12.9,11.5,261.0,8.8,8.3,82.0,74.0
13.3,11.8,242.0,8.5,8.5,88.0,74.0
13.6,12.2,221.0,7.2,9.1,103.0,73.0
13.5,12.2,197.0,5.4,10.0,122.0,73.0
13.2,12.0,181.0,3.9,10.3,137.0,72.0
12.6,11.5,175.0,3.0,9.7,144.0,71.0
13.7,11.9,176.0,2.4,8.5,146.0,70.0
15.1,12.5,182.0,2.4,7.5,146.0,72.0
15.6,12.9,194.0,3.3,6.8,142.0,85.0
15.8,12.9,212.0,4.7,6.3,136.0,95.0
25.8,23.9,233.0,8.9,6.5,126.0,100.0
28.9,26.7,259.0,9.7,6.7,124.0,101.0
29.0,26.6,288.0,10.8,7.0,120.0,97.0
28.7,26.1,312.0,11.6,7.4,116.0,91.0
29.0,26.2,333.0,12.0,8.1,111.0,84.0
27.9,24.7,350.0,12.1,8.9,105.0,75.0
24.9,22.2,351.0,12.1,9.7,100.0,66.0
21.2,19.6,325.0,11.8,10.3,96.0,66.0
19.8,18.9,284.0,11.3,10.7,91.0,66.0
19.3,18.6,250.0,11.1,11.2,86.0,66.0
18.3,17.8,225.0,11.3,11.5,78.0,66.0
17.2,16.7,207.0,11.8,11.7,68.0,65.0
16.5,15.9,212.0,11.2,11.3,71.0,66.0
15.6,15.2,263.0,12.4,12.4,70.0,66.0
15.1,14.8,337.0,13.9,14.0,70.0,66.0
14.6,14.4,375.0,14.1,15.4,80.0,67.0
15.7,15.3,341.0,11.8,16.8,108.0,67.0
18.3,17.8,273.0,8.3,18.0,145.0,67.0
21.7,21.1,223.0,5.5,18.3,175.0,68.0
24.2,23.5,215.0,4.0,17.1,195.0,69.0
25.6,24.7,226.0,3.1,15.0,207.0,90.0
25.4,24.3,242.0,3.5,13.0,210.0,120.0
27.1,24.2,256.0,5.8,11.1,197.0,147.0
30.6,25.3,276.0,9.2,9.2,173.0,162.0
34.0,31.5,308.0,18.0,17.5,146.0,168.0
34.1,31.5,373.0,19.8,17.1,131.0,166.0
34.7,31.8,450.0,22.2,16.5,111.0,156.0
34.8,31.4,486.0,23.5,15.6,94.0,136.0
32.8,29.6,446.0,22.8,14.3,86.0,111.0
29.6,27.1,366.0,21.0,12.7,82.0,84.0
25.9,24.6,298.0,18.9,11.5,79.0,75.0
23.7,22.6,263.0,16.4,10.8,78.0,75.0
21.0,20.0,240.0,13.7,10.5,79.0,75.0
18.2,17.5,224.0,11.8,10.3,78.0,75.0
16.4,15.9,207.0,11.4,10.2,72.0,75.0
15.1,14.8,197.0,11.8,10.2,64.0,75.0
9.2,9.0,214.0,11.3,8.8,56.0,75.0
9.9,9.7,289.0,13.5,9.5,53.0,74.0
11.7,11.5,390.0,16.3,10.5,50.0,74.0
12.6,12.3,443.0,17.4,11.6,55.0,74.0
13.1,12.6,400.0,14.9,13.2,77.0,73.0
13.6,12.8,308.0,10.6,15.0,107.0,73.0
14.8,13.8,235.0,7.3,15.7,130.0,72.0
15.8,14.7,196.0,5.6,14.6,141.0,72.0
16.4,15.4,176.0,4.8,12.4,146.0,71.0
15.5,14.6,193.0,5.7,10.8,146.0,70.0
14.4,13.4,265.0,9.6,10.2,137.0,69.0
14.2,13.2,374.0,15.2,10.1,124.0,81.0
15.9,14.8,484.0,20.7,13.4,91.0,84.0
20.8,19.6,601.0,27.8,14.1,77.0,78.0
26.1,23.7,719.0,37.3,15.1,57.0,66.0
28.8,25.1,784.0,43.2,15.5,44.0,65.0
30.4,26.3,760.0,42.0,14.6,43.0,65.0
31.3,27.0,683.0,37.0,13.2,48.0,65.0
31.0,26.6,602.0,32.3,12.4,51.0,65.0
27.9,24.3,528.0,28.9,13.2,48.0,65.0
23.6,21.1,449.0,25.8,14.6,43.0,65.0
22.1,20.1,385.0,23.6,15.5,38.0,65.0
21.1,20.0,341.0,23.0,15.3,34.0,66.0
21.1,20.1,311.0,23.3,14.5,30.0,66.0
17.6,14.9,293.0,18.2,12.3,35.0,67.0
18.0,14.5,293.0,16.7,11.6,39.0,67.0
19.6,15.4,304.0,14.5,10.7,45.0,67.0
26.0,21.7,305.0,12.4,9.9,52.0,68.0
12.2,10.1,281.0,10.4,9.4,61.0,68.0
9.6,8.3,247.0,8.5,9.1,72.0,68.0
10.1,8.7,219.0,7.0,9.1,83.0,67.0
11.2,9.5,194.0,5.8,9.4,95.0,67.0
12.5,10.8,176.0,5.2,9.9,106.0,66.0
12.9,11.4,197.0,5.9,10.5,111.0,66.0
13.2,11.9,291.0,8.9,11.3,104.0,66.0
13.4,12.1,423.0,13.4,12.3,89.0,66.0
11.2,11.1,522.0,16.9,8.5,93.0,66.0
11.9,11.8,556.0,19.7,10.1,83.0,65.0
13.4,13.3,557.0,23.4,12.2,69.0,64.0
13.9,13.8,541.0,25.5,13.5,58.0,63.0
13.6,13.4,512.0,24.6,13.0,53.0,62.0
12.5,12.4,466.0,22.1,11.7,51.0,61.0
11.4,11.2,414.0,20.0,10.4,49.0,60.0
11.3,11.1,351.0,19.3,9.5,45.0,59.0
11.5,11.2,282.0,18.9,8.8,41.0,58.0
14.7,13.5,230.0,18.4,8.2,38.0,58.0
20.3,17.4,203.0,17.3,7.8,38.0,57.0
22.9,19.0,192.0,16.0,7.6,40.0,57.0
19.4,15.1,199.0,11.3,8.1,51.0,57.0
17.5,13.8,235.0,12.1,8.5,52.0,57.0
16.4,13.2,289.0,13.0,9.2,53.0,57.0
16.0,13.2,321.0,13.1,9.7,59.0,56.0
16.2,13.3,309.0,11.4,10.1,72.0,57.0
16.9,13.6,276.0,8.8,10.5,90.0,57.0
18.5,14.6,255.0,6.7,10.6,106.0,58.0
19.5,15.4,255.0,5.5,10.2,119.0,58.0
20.1,16.0,267.0,4.9,9.5,130.0,58.0
20.5,16.5,300.0,5.5,8.9,135.0,59.0
21.5,16.8,382.0,7.8,8.3,130.0,59.0
23.1,17.7,485.0,11.3,7.8,119.0,60.0
28.6,21.8,535.0,16.1,8.2,109.0,66.0
27.6,21.3,480.0,16.4,8.4,102.0,69.0
25.0,19.7,371.0,16.9,8.7,92.0,66.0
23.2,18.6,287.0,17.1,8.8,83.0,62.0
22.8,18.4,264.0,17.1,8.8,77.0,62.0
23.1,18.7,265.0,16.8,8.6,71.0,63.0
22.4,18.3,262.0,16.2,8.4,66.0,64.0
21.4,17.5,241.0,14.9,8.0,61.0,64.0
18.1,14.8,215.0,13.2,7.6,56.0,64.0
13.1,10.9,195.0,11.8,7.3,52.0,64.0
9.5,8.1,180.0,10.8,7.2,49.0,63.0
7.9,6.8,171.0,10.1,7.2,47.0,62.0
5.3,5.1,178.0,9.5,7.6,47.0,62.0
6.2,6.0,216.0,11.2,8.2,45.0,61.0
7.4,7.1,270.0,13.5,9.0,44.0,61.0
9.1,8.5,302.0,14.4,9.7,48.0,60.0
9.6,8.8,290.0,12.6,10.2,62.0,60.0
10.5,9.2,256.0,9.4,10.5,81.0,59.0
12.3,10.3,232.0,6.8,10.4,98.0,59.0
15.1,12.3,225.0,5.2,9.6,111.0,59.0
17.5,13.9,227.0,4.3,8.4,122.0,59.0
19.1,15.0,245.0,4.8,7.6,127.0,59.0
18.6,14.7,291.0,7.8,7.6,124.0,58.0
18.2,14.7,354.0,12.4,8.0,115.0,58.0
30.4,25.3,404.0,13.8,8.3,109.0,58.0
29.1,24.8,430.0,14.7,8.5,98.0,59.0
25.2,22.2,444.0,16.0,8.8,82.0,59.0
21.2,19.3,447.0,16.9,8.9,69.0,59.0
17.9,17.2,440.0,17.0,8.6,63.0,59.0
16.8,16.4,424.0,16.7,8.2,59.0,59.0
16.1,15.6,401.0,16.3,7.8,56.0,59.0
16.8,15.5,368.0,15.9,7.6,53.0,58.0
16.7,15.1,329.0,15.4,7.5,50.0,58.0
16.4,14.8,297.0,15.1,7.6,47.0,59.0
15.8,14.2,275.0,15.0,7.9,43.0,59.0
15.2,13.7,261.0,15.1,8.4,40.0,60.0
2.1,2.1,256.0,13.4,8.8,47.0,59.0
3.0,3.0,271.0,12.9,9.2,51.0,59.0
4.4,4.1,295.0,12.0,9.9,57.0,59.0
5.5,5.0,304.0,10.8,10.6,69.0,59.0
7.6,6.7,278.0,8.8,11.7,93.0,59.0
10.7,9.4,236.0,6.4,13.0,124.0,59.0
14.3,12.5,209.0,4.5,13.2,147.0,59.0
17.3,14.9,214.0,3.3,11.5,159.0,59.0
18.7,15.5,235.0,2.6,8.8,163.0,59.0
24.3,18.1,249.0,3.1,6.7,162.0,74.0
24.9,18.2,247.0,5.9,6.0,151.0,94.0
24.8,17.8,240.0,9.9,6.0,133.0,107.0
27.0,21.4,235.0,11.3,6.0,121.0,113.0
25.9,20.7,238.0,10.8,5.9,117.0,112.0
26.1,20.4,244.0,10.2,5.8,112.0,104.0
25.5,19.7,246.0,9.7,5.8,109.0,94.0
26.1,20.0,243.0,9.6,6.1,109.0,82.0
27.1,20.7,236.0,9.7,6.6,110.0,71.0
27.5,21.0,227.0,9.6,7.0,110.0,62.0
27.6,21.1,212.0,9.0,7.1,107.0,61.0
27.1,20.6,195.0,8.2,7.1,102.0,61.0
26.0,19.7,191.0,8.1,7.4,96.0,61.0
24.4,18.5,205.0,9.2,8.2,85.0,62.0
23.5,18.1,232.0,10.8,9.3,72.0,62.0
26.7,20.5,268.0,10.0,7.7,80.0,63.0
27.5,21.7,330.0,10.7,9.8,83.0,65.0
27.9,22.7,402.0,11.4,12.6,88.0,66.0
29.1,23.8,429.0,11.3,14.7,100.0,68.0
31.8,25.3,368.0,9.3,15.4,126.0,69.0
30.7,24.8,262.0,6.4,15.4,160.0,71.0
29.0,24.7,185.0,4.1,14.9,185.0,72.0
30.7,26.1,171.0,3.0,13.8,196.0,83.0
32.2,27.0,185.0,2.6,12.3,199.0,108.0
33.1,27.5,203.0,2.8,11.2,198.0,133.0
32.6,27.2,217.0,3.9,11.1,191.0,154.0
32.7,27.0,234.0,5.7,11.4,180.0,166.0
43.8,37.4,249.0,7.4,9.8,178.0,175.0
42.7,36.6,259.0,7.1,9.4,171.0,176.0
44.7,36.0,266.0,6.7,8.8,160.0,172.0
47.4,35.9,270.0,6.4,8.4,151.0,165.0
46.9,34.8,269.0,6.3,8.2,145.0,157.0
47.0,34.6,264.0,6.4,8.0,140.0,146.0
47.5,34.9,264.0,6.7,8.1,135.0,135.0
48.3,35.6,269.0,7.1,8.3,130.0,124.0
49.1,36.6,277.0,7.7,8.6,125.0,113.0
49.9,37.6,292.0,8.5,9.5,119.0,102.0
50.2,38.4,314.0,9.5,11.1,110.0,91.0
50.9,39.3,342.0,10.8,13.3,100.0,91.0
46.9,37.5,379.0,10.4,14.0,101.0,92.0
48.2,39.3,438.0,11.5,15.8,107.0,94.0
48.5,40.5,505.0,12.9,18.3,116.0,95.0
47.4,40.3,540.0,13.2,20.4,131.0,96.0
47.8,40.5,517.0,11.3,22.1,158.0,97.0
48.9,41.6,462.0,8.2,23.4,191.0,99.0
49.5,42.6,411.0,5.7,23.4,213.0,104.0
48.8,42.4,374.0,4.4,20.8,218.0,129.0
45.6,39.7,341.0,3.6,16.9,213.0,152.0
45.9,38.1,317.0,3.5,14.0,203.0,168.0
43.9,36.0,303.0,4.1,13.4,188.0,179.0
39.7,32.4,298.0,5.4,14.0,168.0,185.0
41.6,32.4,308.0,6.9,12.5,140.0,182.0
38.1,29.3,348.0,8.0,11.8,129.0,172.0
38.2,28.6,403.0,9.4,10.8,113.0,156.0
41.4,30.6,430.0,10.7,10.1,100.0,133.0
39.8,29.2,405.0,11.4,10.0,93.0,108.0
39.5,29.1,352.0,12.0,10.2,89.0,102.0
38.8,28.8,307.0,12.4,10.6,86.0,102.0
38.2,28.7,281.0,12.9,11.2,83.0,101.0
38.4,29.0,263.0,13.3,12.0,80.0,100.0
38.6,29.6,250.0,13.5,13.0,79.0,99.0
40.0,31.2,233.0,13.2,14.3,80.0,99.0
41.3,33.2,222.0,12.8,15.8,82.0,98.0
35.7,28.5,242.0,13.1,13.7,76.0,98.0
36.2,29.9,331.0,14.3,15.2,85.0,97.0
36.6,31.9,451.0,15.7,17.4,99.0,96.0
40.5,35.4,512.0,15.8,19.3,117.0,96.0
43.1,37.3,455.0,13.2,21.2,145.0,96.0
46.1,39.1,338.0,9.2,23.0,177.0,95.0
48.7,41.2,250.0,6.0,23.1,202.0,95.0
50.1,43.2,227.0,4.4,20.2,215.0,104.0
49.2,43.1,231.0,3.7,15.7,220.0,135.0
48.4,42.4,241.0,3.7,12.4,219.0,160.0
49.2,42.4,248.0,4.8,11.8,211.0,178.0
46.9,39.9,260.0,6.6,12.4,197.0,190.0
45.1,38.8,276.0,8.2,13.5,174.0,195.0
43.4,35.6,294.0,8.2,12.3,158.0,192.0
37.3,30.3,317.0,8.3,10.7,135.0,181.0
32.6,25.7,351.0,8.5,9.4,115.0,165.0
30.2,23.1,410.0,8.8,8.4,102.0,145.0
29.0,22.1,480.0,9.1,7.6,93.0,119.0
28.2,21.9,532.0,9.9,7.8,85.0,96.0
28.8,22.9,560.0,11.4,9.6,79.0,96.0
31.0,25.3,570.0,13.2,12.4,74.0,95.0
33.9,27.9,549.0,14.6,14.7,72.0,95.0
37.0,31.1,463.0,15.3,16.2,71.0,95.0
36.4,32.1,345.0,15.5,17.3,72.0,95.0
32.6,27.3,282.0,13.8,12.5,69.0,95.0
34.6,29.5,333.0,14.4,13.9,78.0,95.0
34.2,30.5,440.0,15.2,15.8,92.0,95.0
36.7,32.6,509.0,14.8,17.4,111.0,95.0
37.7,33.5,496.0,12.1,18.7,140.0,94.0
40.6,35.7,447.0,8.3,19.8,175.0,94.0
45.5,38.9,402.0,5.3,19.7,200.0,94.0
47.4,39.9,375.0,3.9,17.6,210.0,95.0
46.7,39.2,354.0,3.3,14.4,212.0,126.0
45.2,37.7,339.0,3.3,12.2,208.0,152.0
43.4,36.3,332.0,4.3,11.9,198.0,169.0
39.6,34.0,332.0,5.9,12.6,184.0,181.0
30.2,27.3,337.0,6.6,12.8,154.0,183.0
29.5,27.0,341.0,7.0,12.8,147.0,179.0
28.9,26.0,349.0,7.6,12.8,138.0,169.0
28.3,24.7,375.0,8.3,12.7,129.0,156.0
29.3,24.7,433.0,9.4,12.5,122.0,139.0
32.5,26.7,509.0,10.7,12.2,115.0,119.0
34.1,27.7,571.0,11.6,12.3,109.0,100.0
35.6,29.0,620.0,11.8,12.8,103.0,92.0
36.9,30.0,655.0,11.7,13.6,98.0,92.0
38.5,31.2,647.0,11.9,14.7,93.0,92.0
40.4,32.7,555.0,12.7,15.8,86.0,92.0
41.7,33.9,420.0,13.7,17.2,79.0,92.0
40.4,31.9,337.0,12.0,13.2,76.0,93.0
42.5,33.9,369.0,12.7,15.7,82.0,93.0
45.3,36.0,452.0,13.6,19.2,91.0,94.0
48.3,37.5,497.0,13.3,21.4,103.0,94.0
50.6,37.3,455.0,10.9,21.6,123.0,94.0
56.3,38.6,374.0,7.3,20.6,147.0,95.0
56.3,38.3,303.0,4.5,18.7,161.0,94.0
52.7,35.5,257.0,3.1,15.4,157.0,94.0
49.4,32.4,222.0,2.5,11.1,143.0,94.0
45.2,28.1,203.0,2.5,8.0,128.0,93.0
41.8,24.9,211.0,3.3,6.9,112.0,95.0
39.9,22.9,235.0,4.6,7.0,94.0,93.0
28.9,17.1,249.0,4.8,6.5,77.0,90.0
27.0,16.3,239.0,5.5,6.5,74.0,89.0
27.9,16.6,219.0,6.6,6.4,71.0,89.0
28.6,17.2,203.0,7.6,6.3,68.0,88.0
29.7,18.0,197.0,8.6,6.1,66.0,88.0
30.0,18.6,195.0,9.5,5.9,65.0,87.0
30.6,19.0,193.0,10.0,5.7,65.0,86.0
30.6,19.0,186.0,9.5,5.5,65.0,85.0
31.7,19.5,180.0,8.6,5.4,66.0,85.0
33.3,20.3,185.0,8.3,5.6,66.0,84.0
35.5,21.4,214.0,9.5,6.2,64.0,83.0
38.1,22.9,254.0,11.4,7.1,62.0,82.0
35.2,22.3,280.0,11.6,8.3,61.0,81.0
38.3,24.5,280.0,10.5,9.9,64.0,81.0
35.9,21.3,265.0,8.8,12.1,68.0,79.0
37.6,21.2,245.0,7.2,13.3,73.0,78.0
41.2,22.8,218.0,5.6,12.7,80.0,77.0
44.5,24.4,185.0,4.1,11.2,87.0,76.0
44.5,24.6,162.0,2.9,9.7,92.0,75.0
44.1,24.7,154.0,2.2,8.5,93.0,74.0
44.9,25.4,156.0,1.8,7.4,92.0,73.0
46.0,26.1,160.0,1.9,6.7,89.0,73.0
46.1,26.0,167.0,2.7,6.5,84.0,73.0
46.6,26.3,177.0,3.9,6.7,77.0,74.0
60.8,34.1,182.0,4.6,7.1,76.0,75.0
61.5,35.7,177.0,5.0,7.0,76.0,76.0
61.9,37.0,167.0,5.7,6.8,75.0,78.0
61.9,38.1,160.0,6.7,6.7,74.0,80.0
62.2,39.2,162.0,8.3,6.8,72.0,81.0
62.9,40.4,167.0,10.3,7.1,70.0,83.0
63.6,41.4,169.0,12.0,7.5,68.0,85.0
63.8,41.9,161.0,13.3,8.1,66.0,87.0
63.6,42.5,150.0,14.2,8.8,65.0,88.0
63.1,42.6,150.0,14.9,9.4,64.0,90.0
61.2,41.9,171.0,15.3,9.6,62.0,92.0
59.1,41.1,203.0,15.4,9.8,61.0,93.0
46.9,32.9,229.0,11.8,8.7,68.0,94.0
47.8,34.0,243.0,10.6,9.7,71.0,95.0
44.2,30.7,251.0,8.8,11.1,76.0,96.0
41.1,28.2,249.0,7.1,11.8,81.0,96.0
38.4,26.5,230.0,5.5,11.3,86.0,96.0
36.4,25.4,200.0,4.0,10.3,91.0,96.0
35.7,24.9,178.0,2.9,9.2,95.0,96.0
34.9,24.2,170.0,2.3,8.3,96.0,96.0
33.5,22.9,168.0,2.0,7.5,96.0,96.0
32.0,21.7,169.0,2.2,6.9,93.0,96.0
30.5,20.4,173.0,2.9,6.8,88.0,95.0
29.9,19.8,179.0,3.9,7.0,81.0,95.0
24.9,16.9,181.0,5.1,8.1,82.0,94.0
24.9,16.6,175.0,5.7,7.7,77.0,92.0
24.0,15.9,166.0,6.6,7.2,71.0,90.0
23.4,15.6,161.0,7.3,6.6,66.0,89.0
23.2,15.5,165.0,7.6,6.0,64.0,87.0
23.2,15.6,172.0,7.7,5.5,62.0,85.0
10.4,9.1,216.0,7.6,5.1,69.0,53.0
10.3,9.1,199.0,7.6,5.1,66.0,53.0
10.1,9.1,190.0,7.6,5.2,64.0,53.0
10.3,9.3,191.0,7.8,5.1,63.0,52.0
10.1,9.1,201.0,8.0,5.1,62.0,52.0
11.7,10.3,219.0,7.4,5.8,60.0,52.0
12.6,11.2,258.0,7.9,6.1,62.0,53.0
12.9,11.9,305.0,8.5,6.4,65.0,53.0
13.1,12.2,330.0,8.6,6.6,68.0,53.0
13.1,12.0,310.0,7.5,6.4,70.0,53.0
13.4,11.9,268.0,5.9,5.9,72.0,53.0
14.7,12.3,236.0,4.5,5.6,74.0,54.0
17.8,13.9,225.0,3.5,5.4,78.0,54.0
21.6,15.7,224.0,2.7,5.3,82.0,55.0
24.8,17.3,239.0,2.5,5.4,85.0,55.0
26.1,18.5,285.0,3.2,5.8,85.0,56.0
27.9,20.4,346.0,4.6,6.4,83.0,56.0
24.6,19.0,377.0,7.8,7.8,74.0,57.0
25.1,20.3,349.0,7.7,8.1,74.0,58.0
26.1,21.5,292.0,7.7,8.5,75.0,58.0
26.3,21.8,247.0,7.6,8.7,75.0,59.0
25.6,21.2,236.0,7.5,8.3,74.0,60.0
23.5,19.6,238.0,7.5,7.6,72.0,60.0
22.5,18.7,235.0,7.4,7.2,71.0,61.0
23.3,19.2,214.0,7.3,7.3,71.0,62.0
22.9,18.8,188.0,7.2,7.5,70.0,63.0
21.9,18.0,171.0,7.2,7.8,70.0,63.0
21.7,17.8,169.0,7.4,8.0,68.0,64.0
21.2,17.2,176.0,7.6,8.2,66.0,65.0
15.7,12.7,189.0,6.2,6.8,67.0,65.0
15.5,12.6,214.0,6.2,6.9,67.0,65.0
16.1,12.9,246.0,6.1,7.1,68.0,65.0
19.7,15.0,267.0,5.8,7.2,70.0,65.0
23.5,17.6,265.0,5.2,7.2,76.0,66.0
26.0,19.3,253.0,4.4,7.2,84.0,66.0
27.2,20.0,244.0,3.8,7.1,90.0,67.0
27.2,19.8,242.0,3.3,6.8,91.0,67.0
28.9,20.7,243.0,3.0,6.4,90.0,68.0
29.2,20.7,259.0,3.2,6.0,87.0,68.0
26.4,19.4,306.0,4.3,5.7,81.0,68.0
22.0,17.1,367.0,6.0,5.4,74.0,68.0
26.7,20.6,398.0,8.7,7.2,72.0,68.0
25.9,20.7,372.0,9.3,7.7,69.0,68.0
26.5,21.9,316.0,10.1,8.4,66.0,68.0
26.2,21.5,267.0,10.4,8.7,63.0,68.0
26.7,21.4,240.0,9.8,8.3,62.0,68.0
27.9,21.8,221.0,8.8,7.6,62.0,68.0
27.9,21.2,204.0,7.9,7.0,63.0,68.0
26.7,19.9,187.0,7.2,6.6,64.0,68.0
26.7,19.6,172.0,6.6,6.3,65.0,68.0
26.6,19.4,164.0,6.4,6.2,66.0,68.0
26.8,19.4,165.0,6.8,6.5,65.0,69.0
27.6,19.9,173.0,7.5,6.9,64.0,69.0
26.6,18.7,189.0,6.6,6.3,66.0,69.0
27.8,19.9,221.0,6.3,6.6,68.0,70.0
29.0,20.3,261.0,6.0,7.0,71.0,70.0
31.0,21.0,283.0,5.5,7.3,75.0,71.0
32.1,20.8,270.0,4.8,7.3,80.0,71.0
32.6,20.8,239.0,4.1,7.1,86.0,71.0
31.3,20.4,215.0,3.8,7.0,89.0,71.0
30.6,21.9,203.0,4.4,7.1,88.0,71.0
30.7,21.9,198.0,5.5,7.4,83.0,72.0
31.2,23.2,214.0,6.6,7.5,79.0,72.0
30.7,22.4,274.0,7.8,7.4,75.0,72.0
29.4,21.9,354.0,9.0,7.1,70.0,72.0
37.5,28.7,399.0,10.5,8.2,69.0,73.0
35.3,27.4,375.0,9.8,7.9,67.0,74.0
32.4,25.3,314.0,8.9,7.4,65.0,74.0
30.0,23.1,260.0,8.1,6.9,63.0,74.0
30.6,23.1,226.0,7.6,6.3,62.0,74.0
30.3,22.5,197.0,7.2,5.7,61.0,74.0
28.3,20.7,175.0,6.8,5.2,60.0,74.0
26.8,19.4,158.0,6.4,4.9,60.0,74.0
24.8,18.2,146.0,6.1,4.8,60.0,74.0
23.7,17.6,143.0,6.0,4.9,60.0,74.0
22.9,17.2,146.0,6.4,5.2,59.0,74.0
22.8,17.4,157.0,7.2,5.6,58.0,73.0
23.2,17.3,184.0,6.3,5.7,60.0,73.0
24.6,18.6,245.0,6.2,6.0,63.0,73.0
24.4,18.7,322.0,6.0,6.5,67.0,73.0
22.9,17.6,367.0,5.7,6.8,72.0,73.0
21.3,17.0,349.0,5.2,6.9,78.0,73.0
19.8,16.4,300.0,4.5,6.9,84.0,72.0
18.3,15.0,264.0,4.2,6.8,88.0,72.0
18.7,14.8,257.0,4.4,6.6,87.0,71.0
19.0,15.3,264.0,4.9,6.3,84.0,71.0
20.2,15.9,280.0,5.6,6.0,80.0,70.0
20.3,16.4,313.0,6.8,5.7,76.0,70.0
20.2,16.5,355.0,8.3,5.4,71.0,69.0
21.0,18.8,379.0,13.2,6.5,68.0,68.0
23.1,20.9,371.0,12.5,6.9,67.0,68.0
24.5,21.8,346.0,11.4,7.4,66.0,68.0
27.0,22.8,320.0,10.6,7.8,64.0,68.0
29.3,24.4,297.0,10.2,7.9,61.0,68.0
29.3,24.1,272.0,10.1,7.8,58.0,68.0
28.0,22.9,254.0,9.8,7.6,57.0,68.0
26.9,21.9,243.0,9.1,7.3,60.0,68.0
23.9,19.7,238.0,8.3,7.0,65.0,68.0
22.4,18.8,240.0,8.0,7.0,68.0,68.0
22.6,19.7,240.0,8.8,7.5,67.0,69.0
23.5,21.0,246.0,10.1,8.2,65.0,69.0
16.3,14.1,288.0,7.5,5.5,79.0,69.0
19.3,17.4,408.0,8.6,6.5,76.0,69.0
22.6,20.4,562.0,10.1,8.0,73.0,69.0
23.6,20.7,653.0,11.1,8.9,70.0,69.0
24.4,21.9,617.0,11.2,8.7,69.0,69.0
23.2,21.4,517.0,10.9,8.0,70.0,70.0
23.4,21.6,442.0,10.8,7.8,71.0,70.0
22.9,21.2,424.0,11.2,8.7,72.0,71.0
25.1,23.6,431.0,11.8,10.2,74.0,71.0
29.4,27.5,454.0,12.3,11.3,77.0,72.0
32.5,28.9,511.0,12.8,11.7,80.0,73.0
36.4,32.8,584.0,13.2,11.8,84.0,75.0
40.2,35.9,614.0,16.9,13.2,69.0,76.0
41.2,37.8,559.0,15.9,13.1,72.0,77.0
42.8,39.0,462.0,14.5,13.0,77.0,79.0
42.8,38.3,389.0,13.2,12.6,82.0,80.0
43.0,37.8,374.0,11.9,11.6,87.0,81.0
42.8,36.7,383.0,10.6,10.5,91.0,82.0
41.6,34.8,385.0,9.8,10.0,92.0,83.0
42.4,35.3,362.0,9.9,10.9,87.0,84.0
43.7,35.7,331.0,10.6,12.5,77.0,85.0
44.2,35.9,312.0,11.4,13.7,69.0,86.0
44.0,35.4,314.0,12.3,14.1,61.0,88.0
43.5,34.9,329.0,13.2,14.3,54.0,89.0
45.2,36.7,348.0,15.7,16.1,55.0,91.0
48.3,39.6,379.0,13.8,16.5,68.0,92.0
52.6,39.9,416.0,11.0,17.1,87.0,94.0
57.6,36.7,429.0,8.5,17.5,104.0,95.0
71.7,40.6,396.0,6.5,17.6,119.0,97.0
78.5,43.0,340.0,4.7,17.4,132.0,98.0
75.7,41.0,301.0,3.4,17.0,142.0,100.0
79.9,42.1,287.0,2.8,16.0,147.0,102.0
75.4,40.5,290.0,2.7,14.8,147.0,104.0
73.6,39.9,322.0,3.3,13.7,145.0,105.0
71.0,40.5,408.0,4.8,13.0,140.0,106.0
65.2,40.2,524.0,6.9,12.5,132.0,107.0
92.4,62.2,604.0,18.5,16.8,104.0,110.0
85.2,60.5,619.0,18.5,16.8,98.0,112.0
82.7,60.3,599.0,18.4,16.7,90.0,114.0
85.2,62.4,571.0,18.2,16.2,84.0,117.0
87.8,65.9,541.0,17.9,15.0,81.0,120.0
88.9,66.6,502.0,17.4,13.5,79.0,123.0
78.7,58.0,463.0,16.6,12.4,78.0,125.0
70.8,52.6,416.0,14.9,12.2,76.0,127.0
70.3,52.9,368.0,12.8,12.5,75.0,129.0
68.5,51.7,348.0,11.4,12.9,74.0,130.0
66.8,50.8,376.0,11.4,13.0,72.0,132.0
66.4,50.2,431.0,12.1,13.2,70.0,134.0
55.6,43.7,479.0,10.4,8.7,76.0,134.0
57.5,45.2,515.0,9.9,11.7,83.0,135.0
62.6,48.2,544.0,9.1,15.8,94.0,136.0
72.6,51.2,549.0,8.0,19.1,107.0,137.0
81.3,56.2,510.0,6.4,20.9,123.0,139.0
81.0,56.2,446.0,4.6,21.8,141.0,140.0
79.6,54.7,396.0,3.3,21.9,154.0,142.0
79.6,55.2,373.0,2.9,21.1,160.0,143.0
78.9,55.1,363.0,3.1,19.4,160.0,145.0
76.8,54.2,367.0,4.0,17.3,153.0,146.0
71.5,50.9,392.0,6.0,14.2,134.0,147.0
65.2,47.8,430.0,8.7,10.8,109.0,148.0
68.7,49.9,461.0,11.2,18.5,132.0,147.0
63.3,50.1,477.0,11.6,16.6,118.0,146.0
59.0,48.5,485.0,12.1,13.9,99.0,144.0
57.7,48.3,483.0,13.0,11.8,83.0,143.0
61.7,52.5,465.0,14.4,11.0,73.0,142.0
65.7,56.6,438.0,16.1,10.9,66.0,140.0
66.1,56.9,418.0,17.3,10.8,61.0,140.0
65.7,55.9,414.0,17.5,10.4,58.0,141.0
65.9,55.1,418.0,17.3,10.0,58.0,141.0
68.5,56.3,418.0,17.1,9.9,57.0,141.0
72.9,59.1,399.0,17.3,10.0,55.0,142.0
72.9,58.7,377.0,17.5,10.3,54.0,143.0
58.8,44.6,390.0,15.6,13.4,63.0,143.0
56.6,45.4,480.0,15.2,15.7,70.0,143.0
58.7,46.4,606.0,14.7,19.0,81.0,143.0
63.8,48.7,680.0,13.9,22.0,93.0,143.0
69.4,51.2,642.0,12.6,24.7,108.0,142.0
77.5,55.2,553.0,11.1,27.1,125.0,142.0
84.5,59.0,504.0,10.0,28.1,136.0,143.0
83.8,58.4,539.0,9.2,26.9,139.0,143.0
84.1,57.6,614.0,8.8,24.4,136.0,143.0
81.7,56.1,689.0,9.8,22.1,129.0,143.0
77.1,58.2,765.0,13.5,20.5,114.0,144.0
75.0,60.5,842.0,18.6,19.2,94.0,146.0
82.2,72.6,874.0,30.4,20.7,91.0,148.0
81.0,69.2,825.0,32.1,23.2,85.0,150.0
87.8,75.9,732.0,34.5,26.5,76.0,151.0
95.2,84.5,663.0,36.2,28.4,67.0,152.0
98.5,88.2,654.0,37.0,27.8,58.0,153.0
102.2,92.2,669.0,37.1,25.7,48.0,154.0
97.3,89.2,663.0,36.0,23.7,42.0,155.0
80.1,72.6,611.0,32.9,22.0,41.0,155.0
58.0,52.7,538.0,28.5,20.3,44.0,155.0
53.1,45.6,477.0,24.9,18.9,47.0,155.0
50.5,40.9,437.0,23.0,17.8,48.0,155.0
55.2,40.7,409.0,21.9,16.9,50.0,154.0
71.5,60.3,401.0,17.8,15.0,61.0,154.0
72.6,61.5,432.0,16.1,18.6,83.0,155.0
71.7,58.4,483.0,13.6,23.4,113.0,155.0
64.5,47.3,504.0,11.1,25.9,141.0,155.0
60.1,41.4,461.0,8.4,23.7,163.0,155.0
54.9,39.2,387.0,5.6,19.2,181.0,154.0
50.4,38.0,334.0,3.8,15.6,193.0,154.0
45.3,36.1,315.0,3.5,14.5,199.0,153.0
43.7,36.8,316.0,4.1,14.4,199.0,153.0
39.8,34.6,345.0,5.2,13.7,188.0,157.0
32.5,29.0,404.0,5.8,11.1,161.0,165.0
25.4,23.7,491.0,6.9,7.9,123.0,162.0
22.5,19.1,612.0,10.3,7.4,81.0,148.0
35.3,32.7,794.0,19.2,11.7,67.0,140.0
52.9,49.8,1010.0,31.7,17.8,47.0,138.0
66.6,63.6,1183.0,43.2,23.3,30.0,136.0
81.5,78.5,1291.0,53.2,28.2,18.0,135.0
97.3,94.1,1355.0,62.1,32.5,9.0,135.0
107.1,103.6,1364.0,66.6,34.3,3.0,136.0
101.5,97.8,1307.0,64.2,31.7,2.0,139.0
88.2,84.5,1195.0,57.3,26.5,4.0,142.0
75.0,71.5,1051.0,50.0,22.1,8.0,145.0
64.0,60.3,855.0,43.4,19.8,10.0,147.0
54.0,50.4,628.0,36.4,18.3,13.0,148.0
40.3,36.9,451.0,23.5,14.5,30.0,146.0
32.1,29.0,366.0,18.4,13.4,50.0,142.0
21.5,18.7,332.0,11.4,11.8,77.0,138.0
19.0,15.9,305.0,5.9,10.4,100.0,135.0
17.0,14.2,269.0,3.6,9.6,113.0,132.0
14.5,12.4,241.0,2.8,8.9,122.0,129.0
12.8,11.4,229.0,2.7,8.5,126.0,126.0
14.4,13.0,240.0,2.9,8.1,125.0,124.0
14.4,13.2,268.0,3.7,7.9,120.0,121.0
13.6,12.7,301.0,5.0,8.0,114.0,119.0
12.7,11.9,338.0,6.6,8.6,111.0,117.0
13.2,12.4,380.0,8.7,9.5,107.0,116.0
19.0,16.1,419.0,8.8,8.8,95.0,116.0
22.3,19.4,459.0,10.2,9.8,88.0,115.0
25.3,21.7,495.0,12.1,11.0,78.0,112.0
26.7,22.5,503.0,13.3,11.8,71.0,107.0
27.1,22.3,463.0,13.1,11.6,69.0,101.0
26.8,21.8,396.0,12.2,10.9,70.0,95.0
25.6,20.6,338.0,11.2,10.0,72.0,89.0
23.9,19.4,302.0,10.0,9.0,75.0,83.0
22.7,18.6,274.0,8.6,7.9,79.0,78.0
21.8,17.8,254.0,7.7,7.2,82.0,73.0
21.1,16.9,239.0,7.7,7.1,82.0,70.0
21.5,16.8,230.0,8.2,7.3,80.0,67.0
22.7,18.7,235.0,10.7,9.2,72.0,66.0
22.2,17.5,266.0,9.0,9.2,82.0,65.0
20.1,15.7,310.0,6.5,9.2,95.0,65.0
17.1,13.5,333.0,4.6,9.0,105.0,65.0
15.7,12.7,313.0,3.6,8.4,109.0,64.0
15.1,12.2,273.0,3.1,7.7,111.0,64.0
12.7,10.8,247.0,2.8,7.0,111.0,64.0
11.9,10.1,243.0,2.6,6.6,111.0,64.0
11.4,9.6,252.0,2.7,6.2,109.0,64.0
11.2,9.6,284.0,3.1,6.0,108.0,64.0
12.7,11.0,343.0,4.1,5.9,107.0,63.0
13.2,11.3,426.0,5.5,5.9,105.0,63.0
17.1,14.5,525.0,8.7,8.1,101.0,63.0
15.8,13.4,675.0,8.5,7.9,100.0,63.0
16.4,13.7,842.0,8.2,7.7,99.0,62.0
17.9,14.7,921.0,8.1,7.5,97.0,62.0
20.3,16.5,839.0,8.2,7.4,94.0,61.0
21.8,17.6,670.0,8.5,7.3,91.0,61.0
21.6,17.4,530.0,8.7,7.3,88.0,61.0
20.8,17.1,468.0,8.9,7.5,85.0,60.0
20.0,16.9,436.0,9.0,7.8,82.0,60.0
18.7,16.3,406.0,9.3,8.1,79.0,60.0
17.2,15.3,365.0,10.1,8.5,74.0,60.0
17.2,15.4,326.0,10.9,9.1,69.0,60.0
21.8,19.8,307.0,12.0,10.0,66.0,60.0
25.1,22.4,323.0,10.9,10.4,72.0,60.0
26.1,22.9,358.0,9.2,10.9,82.0,61.0
24.4,21.3,383.0,7.6,11.3,93.0,62.0
24.2,20.5,384.0,5.9,11.5,108.0,62.0
21.9,18.7,374.0,4.2,11.7,125.0,63.0
23.2,20.1,362.0,3.1,11.4,135.0,63.0
20.8,17.5,344.0,2.9,10.5,135.0,64.0
21.7,17.3,324.0,3.3,9.3,129.0,65.0
23.8,18.9,322.0,4.0,8.2,122.0,65.0
27.6,21.1,359.0,5.0,7.3,114.0,71.0
30.6,22.9,414.0,6.3,6.6,105.0,74.0
36.4,28.0,441.0,7.9,8.4,109.0,74.0
38.6,29.7,409.0,7.9,8.2,104.0,69.0
37.8,29.0,349.0,7.9,7.8,97.0,71.0
33.3,25.7,304.0,7.9,7.5,92.0,71.0
27.1,21.3,296.0,7.7,7.1,90.0,72.0
24.2,19.0,303.0,7.5,6.7,88.0,72.0
21.3,16.7,303.0,7.4,6.4,87.0,72.0
19.9,15.8,282.0,7.5,6.4,85.0,72.0
19.2,15.7,253.0,7.7,6.6,82.0,72.0
19.0,15.8,236.0,8.0,6.8,80.0,72.0
19.4,16.4,237.0,8.8,6.9,76.0,72.0
20.5,17.7,249.0,9.7,7.1,71.0,72.0
23.1,18.9,268.0,7.0,7.1,86.0,72.0
24.9,20.3,303.0,6.1,7.3,93.0,72.0
24.0,18.7,345.0,4.8,7.4,102.0,71.0
22.1,17.2,362.0,3.7,7.4,110.0,71.0
20.2,15.9,331.0,3.0,6.9,114.0,71.0
17.9,14.1,277.0,2.4,6.2,117.0,70.0
15.9,12.6,238.0,2.0,5.6,118.0,70.0
14.0,11.0,231.0,1.7,5.2,118.0,69.0
13.4,10.7,241.0,1.6,4.9,118.0,69.0
12.2,9.7,259.0,1.9,4.7,116.0,68.0
12.2,9.7,291.0,2.9,4.8,112.0,67.0
12.7,10.3,330.0,4.4,5.0,107.0,66.0
16.4,12.7,355.0,5.3,4.1,96.0,65.0
18.0,14.5,350.0,6.3,4.8,92.0,64.0
20.1,16.5,330.0,7.8,5.8,87.0,63.0
21.1,17.5,313.0,8.6,6.3,83.0,62.0
20.5,17.5,309.0,8.3,6.0,83.0,62.0
19.2,16.1,307.0,7.5,5.2,85.0,61.0
18.5,15.2,297.0,6.7,4.6,87.0,61.0
18.7,15.3,266.0,6.2,4.4,90.0,61.0
19.2,15.3,225.0,5.8,4.3,93.0,61.0
19.5,15.4,201.0,5.7,4.4,94.0,61.0
19.4,15.4,208.0,6.4,4.6,90.0,61.0
19.0,15.0,231.0,7.4,4.9,85.0,61.0
18.1,15.0,250.0,7.4,4.8,84.0,61.0
19.4,15.0,260.0,6.2,5.2,90.0,60.0
19.2,14.4,266.0,4.5,5.7,98.0,60.0
18.0,13.4,266.0,3.2,6.1,104.0,60.0
16.8,12.7,255.0,2.5,6.1,108.0,59.0
16.4,12.3,237.0,2.0,5.9,111.0,59.0
16.4,12.0,225.0,1.8,5.7,111.0,59.0
17.1,12.0,221.0,1.8,5.5,109.0,59.0
22.4,14.8,222.0,1.9,5.3,104.0,60.0
18.0,12.7,234.0,2.4,5.1,99.0,60.0
19.3,13.6,265.0,3.3,4.9,93.0,60.0
19.0,13.3,307.0,4.4,4.7,86.0,60.0
29.2,19.3,333.0,4.7,5.1,87.0,61.0
31.8,22.3,330.0,5.9,5.9,83.0,61.0
32.2,23.6,312.0,7.6,7.0,77.0,62.0
32.2,24.0,294.0,8.5,7.6,73.0,63.0
31.9,23.6,281.0,8.0,7.2,74.0,63.0
32.1,23.3,267.0,6.9,6.3,78.0,64.0
33.9,24.0,253.0,6.0,5.5,81.0,64.0
36.8,25.7,235.0,5.6,5.2,83.0,65.0
45.2,30.2,218.0,5.4,5.0,84.0,66.0
38.1,26.8,210.0,5.8,5.0,83.0,67.0
36.2,26.3,213.0,7.3,5.2,76.0,68.0
36.3,26.9,225.0,9.2,5.6,67.0,69.0
33.6,24.7,257.0,8.6,5.3,68.0,70.0
34.1,25.7,330.0,8.2,6.5,75.0,71.0
35.2,26.4,422.0,7.6,8.1,86.0,72.0
35.2,25.9,474.0,6.8,9.3,96.0,72.0
33.5,23.7,452.0,5.4,9.6,107.0,73.0
34.6,23.6,390.0,3.7,9.5,117.0,74.0
34.7,23.4,337.0,2.6,9.1,122.0,75.0
32.5,22.2,302.0,2.5,8.3,117.0,76.0
29.0,20.9,276.0,3.1,7.3,107.0,76.0
24.8,19.1,273.0,4.0,6.5,96.0,77.0
22.2,17.5,308.0,5.4,6.0,85.0,77.0
20.7,16.6,367.0,7.3,5.8,73.0,77.0
22.2,20.3,419.0,13.9,9.9,61.0,78.0
22.0,20.1,461.0,13.2,9.5,60.0,77.0
21.8,20.0,497.0,12.3,8.8,59.0,77.0
20.8,19.1,510.0,11.7,8.2,57.0,77.0
20.3,18.5,488.0,12.1,7.6,54.0,76.0
20.8,19.3,444.0,12.8,6.9,51.0,76.0
20.4,19.0,396.0,13.0,6.3,50.0,76.0
17.2,15.7,345.0,12.0,5.8,51.0,75.0
15.7,14.3,290.0,10.5,5.3,54.0,74.0
13.6,12.3,254.0,9.5,5.2,56.0,72.0
12.7,11.4,247.0,9.4,5.5,56.0,71.0
13.0,11.7,258.0,9.8,6.1,54.0,70.0
9.6,8.7,275.0,7.3,5.5,59.0,69.0
10.4,9.5,300.0,7.8,5.8,60.0,68.0
10.4,9.6,331.0,8.5,6.3,62.0,66.0
9.7,9.1,350.0,9.1,6.8,65.0,65.0
11.5,10.9,345.0,9.4,7.5,68.0,64.0
12.8,12.1,327.0,9.6,8.3,72.0,63.0
13.7,13.2,313.0,9.5,8.7,76.0,62.0
15.0,14.6,303.0,8.7,8.5,82.0,62.0
14.7,14.3,297.0,7.7,7.9,89.0,61.0
13.5,13.2,312.0,7.4,7.5,91.0,61.0
13.0,12.8,371.0,8.6,7.3,86.0,60.0
13.5,13.3,451.0,10.6,7.1,77.0,60.0
10.2,10.0,503.0,11.2,8.0,62.0,59.0
12.8,12.7,497.0,12.9,8.9,56.0,59.0
15.7,15.5,463.0,15.2,10.1,48.0,58.0
19.9,19.6,438.0,17.1,10.9,42.0,58.0
23.2,22.8,443.0,18.4,11.2,39.0,59.0
23.6,23.2,458.0,19.3,11.2,37.0,59.0
20.6,20.1,457.0,19.1,10.7,38.0,59.0
16.6,16.0,427.0,17.0,9.4,44.0,59.0
13.9,13.3,382.0,13.8,7.7,52.0,59.0
13.0,12.4,341.0,11.8,6.5,57.0,59.0
12.4,11.9,309.0,12.4,6.3,55.0,59.0
10.8,10.4,281.0,14.2,6.7,49.0,59.0
8.2,8.1,265.0,10.1,5.7,62.0,59.0
10.0,9.9,272.0,9.6,6.7,65.0,59.0
8.9,8.8,290.0,8.8,7.9,70.0,59.0
8.4,8.1,301.0,7.7,8.6,76.0,59.0
7.6,7.1,293.0,5.9,8.0,85.0,58.0
7.6,7.3,276.0,3.8,6.9,95.0,58.0
7.2,6.9,261.0,2.7,6.0,100.0,58.0
7.8,7.6,241.0,3.3,5.8,96.0,57.0
9.1,8.9,223.0,4.8,5.9,86.0,57.0
9.3,9.0,241.0,6.3,6.2,78.0,56.0
10.3,9.8,333.0,7.6,6.5,73.0,56.0
12.6,11.8,460.0,9.0,7.0,68.0,56.0
12.2,11.8,539.0,9.6,6.0,53.0,56.0
14.2,13.5,524.0,10.4,7.0,52.0,56.0
15.9,14.8,460.0,11.5,8.2,52.0,56.0
18.2,16.5,400.0,12.3,9.0,51.0,56.0
21.0,18.2,359.0,12.7,8.8,50.0,55.0
23.0,19.2,321.0,12.9,8.1,49.0,55.0
23.8,19.3,293.0,12.5,7.3,49.0,55.0
22.9,17.7,276.0,11.0,6.4,51.0,55.0
20.0,15.1,269.0,8.9,5.5,55.0,55.0
17.2,13.2,267.0,7.8,4.9,56.0,55.0
16.6,13.3,270.0,8.6,4.9,53.0,56.0
17.1,14.2,280.0,10.4,5.3,48.0,56.0
24.5,21.0,294.0,10.8,8.3,58.0,57.0
28.0,25.0,323.0,10.3,8.9,63.0,58.0
32.2,29.4,356.0,9.6,9.6,69.0,60.0
27.8,23.9,368.0,8.7,9.8,74.0,61.0
25.3,21.2,334.0,7.6,8.8,75.0,62.0
21.3,17.8,277.0,6.4,7.1,75.0,63.0
19.2,16.5,242.0,5.5,6.0,75.0,64.0
18.5,15.7,244.0,4.9,5.8,78.0,64.0
18.9,15.9,267.0,4.5,6.2,81.0,65.0
17.9,14.4,309.0,4.6,6.5,83.0,65.0
15.8,12.8,389.0,5.5,6.6,81.0,65.0
15.1,12.5,488.0,6.9,6.8,77.0,65.0
16.0,14.6,545.0,11.7,7.0,50.0,66.0
18.7,16.5,523.0,11.7,8.0,53.0,66.0
22.8,19.3,459.0,11.6,9.3,56.0,66.0
26.3,21.7,402.0,11.3,10.0,60.0,67.0
29.0,23.1,371.0,10.4,9.5,63.0,67.0
29.7,23.0,347.0,9.2,8.3,67.0,67.0
30.0,22.2,323.0,8.3,7.4,69.0,68.0
25.0,18.5,296.0,7.7,6.9,70.0,68.0
22.8,17.2,270.0,7.4,6.5,70.0,68.0
23.2,18.0,250.0,7.4,6.5,69.0,68.0
24.7,19.9,229.0,8.1,7.0,67.0,69.0
26.1,21.6,215.0,9.2,7.8,65.0,69.0
14.3,13.3,236.0,9.7,3.8,60.0,69.0
16.2,15.3,329.0,10.5,4.5,57.0,68.0
17.8,16.9,457.0,11.5,5.5,54.0,67.0
17.8,15.9,535.0,11.7,6.4,55.0,66.0
19.6,16.5,518.0,10.2,7.0,64.0,66.0
20.4,17.0,452.0,7.8,7.5,78.0,66.0
21.6,17.8,391.0,6.0,7.9,90.0,66.0
24.9,20.4,342.0,5.2,8.4,99.0,66.0
24.6,20.2,299.0,4.9,8.9,105.0,67.0
27.9,24.4,297.0,5.5,9.1,107.0,67.0
30.0,26.9,373.0,7.7,8.8,100.0,69.0
27.1,24.1,489.0,10.7,8.2,88.0,70.0
31.7,28.6,569.0,9.7,11.2,103.0,71.0
37.1,35.0,576.0,11.8,11.4,92.0,72.0
38.2,36.4,545.0,14.8,11.6,78.0,73.0
40.3,38.5,509.0,17.4,11.8,65.0,75.0
45.3,43.5,476.0,19.3,12.1,57.0,76.0
47.1,45.5,436.0,20.9,12.4,51.0,78.0
45.5,43.9,393.0,21.8,12.5,47.0,80.0
43.5,41.9,340.0,21.7,12.0,44.0,82.0
42.7,41.0,283.0,21.0,11.2,43.0,84.0
40.5,39.0,246.0,20.3,10.9,42.0,85.0
37.6,36.1,241.0,20.3,11.0,39.0,86.0
36.9,35.2,255.0,20.4,11.5,37.0,88.0
50.4,48.7,271.0,19.0,16.9,42.0,90.0
43.9,42.0,291.0,15.6,15.7,58.0,92.0
39.8,37.8,314.0,10.9,14.1,81.0,94.0
28.0,25.6,317.0,7.0,12.7,100.0,95.0
22.2,19.9,281.0,4.8,11.8,113.0,95.0
19.6,17.5,227.0,3.5,11.2,123.0,95.0
17.3,15.7,188.0,2.8,10.5,127.0,95.0
14.8,13.5,173.0,2.7,9.4,122.0,94.0
12.7,11.8,175.0,3.2,8.3,111.0,94.0
11.1,10.5,207.0,4.6,7.6,99.0,93.0
9.8,9.4,299.0,7.4,7.7,88.0,91.0
10.7,10.3,421.0,11.0,8.4,76.0,90.0
13.4,12.0,498.0,9.2,8.4,85.0,89.0
13.8,12.8,487.0,10.2,9.2,80.0,87.0
14.8,13.9,430.0,11.5,10.4,72.0,85.0
15.4,14.4,382.0,12.4,11.1,66.0,83.0
15.4,14.5,366.0,12.5,11.1,62.0,81.0
14.7,13.7,359.0,12.3,10.7,58.0,79.0
13.6,12.5,341.0,11.9,10.2,55.0,76.0
13.3,12.1,297.0,11.4,9.5,52.0,74.0
13.4,12.0,242.0,10.9,8.7,50.0,72.0
13.5,12.0,201.0,10.4,8.0,48.0,69.0
13.6,12.0,187.0,10.3,7.4,46.0,68.0
13.4,11.8,188.0,10.3,6.8,45.0,66.0
12.2,11.0,193.0,9.9,7.3,46.0,63.0
12.1,10.9,204.0,8.3,7.5,56.0,60.0
10.2,9.1,219.0,6.0,7.7,70.0,58.0
9.2,8.0,224.0,4.2,7.8,83.0,57.0
8.6,7.3,210.0,3.1,7.5,92.0,56.0
7.9,6.8,186.0,2.5,7.1,100.0,55.0
7.2,6.2,169.0,2.1,6.7,105.0,54.0
6.7,5.8,165.0,2.0,6.6,106.0,54.0
7.2,6.3,168.0,2.3,6.6,104.0,53.0
8.0,7.0,180.0,2.9,6.6,100.0,53.0
8.1,6.9,208.0,4.1,6.4,92.0,53.0
8.7,7.7,244.0,5.8,6.2,82.0,52.0
13.4,11.7,266.0,8.1,8.2,75.0,52.0
15.1,13.7,260.0,9.2,8.7,69.0,52.0
15.5,14.3,240.0,10.6,9.4,60.0,52.0
15.1,13.9,222.0,11.5,9.6,54.0,52.0
14.7,13.6,213.0,11.3,9.0,54.0,52.0
13.8,12.5,206.0,10.5,8.0,56.0,52.0
12.6,11.4,199.0,9.7,7.0,59.0,52.0
11.5,10.3,187.0,9.0,6.2,61.0,52.0
10.4,9.2,174.0,8.3,5.5,62.0,52.0
9.7,8.6,168.0,7.8,5.0,63.0,52.0
8.8,8.0,170.0,7.8,4.8,62.0,51.0
7.9,7.3,179.0,8.0,4.9,61.0,51.0
6.7,5.6,198.0,7.2,4.7,59.0,50.0
7.7,6.8,240.0,7.2,5.3,63.0,50.0
9.7,8.8,293.0,7.1,6.2,70.0,50.0
9.4,8.0,324.0,7.0,6.9,76.0,50.0
9.5,8.1,313.0,6.6,7.2,82.0,50.0
10.8,9.8,280.0,6.1,7.3,87.0,50.0
11.3,10.2,252.0,5.8,7.3,91.0,51.0
10.7,9.7,230.0,5.5,7.0,93.0,51.0
10.1,9.3,212.0,5.4,6.7,92.0,51.0
9.9,9.2,222.0,6.0,6.5,90.0,51.0
9.1,8.6,288.0,7.9,6.7,84.0,52.0
10.2,9.7,382.0,10.4,7.2,76.0,52.0
10.6,9.7,438.0,10.3,8.4,80.0,52.0
8.9,8.2,421.0,10.1,8.6,78.0,51.0
9.0,8.4,367.0,9.9,8.8,76.0,51.0
9.8,9.1,319.0,9.5,8.7,74.0,50.0
10.1,9.3,294.0,8.9,7.9,73.0,50.0
9.7,9.0,275.0,8.2,6.7,72.0,49.0
9.0,8.3,261.0,7.5,5.6,72.0,48.0
8.0,7.4,249.0,6.8,4.6,73.0,48.0
7.5,6.9,242.0,6.1,3.7,75.0,47.0
7.0,6.6,242.0,5.8,3.3,75.0,47.0
6.0,5.6,253.0,6.2,3.7,72.0,46.0
6.0,5.6,272.0,6.9,4.7,68.0,46.0
8.6,8.0,288.0,5.7,4.9,83.0,46.0
10.0,9.4,303.0,5.6,5.4,87.0,47.0
10.7,10.0,316.0,5.3,6.0,92.0,47.0
11.2,10.1,316.0,4.9,6.5,98.0,48.0
11.5,10.2,288.0,4.1,6.8,106.0,48.0
11.7,10.1,247.0,3.0,6.9,115.0,48.0
11.9,9.9,223.0,2.3,6.9,121.0,48.0
11.3,9.3,231.0,2.1,6.8,124.0,48.0
12.5,10.3,256.0,2.2,6.5,124.0,51.0
14.5,11.6,287.0,2.6,6.2,122.0,58.0
14.9,11.9,329.0,3.3,5.9,117.0,64.0
14.8,11.8,377.0,4.2,5.5,111.0,66.0
17.5,14.7,403.0,5.9,6.7,96.0,64.0
19.0,16.3,393.0,6.7,7.4,91.0,59.0
19.8,17.4,361.0,7.9,8.3,84.0,52.0
20.3,17.9,328.0,8.6,8.8,79.0,52.0
20.8,18.2,298.0,8.5,8.4,77.0,53.0
20.0,17.3,265.0,8.0,7.6,77.0,54.0
18.4,15.6,236.0,7.4,6.9,77.0,54.0
16.9,14.0,209.0,6.7,6.3,77.0,55.0
15.5,12.7,186.0,5.9,5.8,77.0,55.0
14.2,11.6,172.0,5.5,5.5,77.0,56.0
13.3,10.9,174.0,5.7,5.6,75.0,56.0
12.7,10.5,185.0,6.3,6.0,73.0,57.0
12.6,11.1,199.0,7.9,6.1,69.0,57.0
12.4,10.8,215.0,6.9,6.6,78.0,57.0
12.3,10.7,233.0,5.4,7.2,90.0,57.0
10.9,9.4,243.0,4.2,7.5,99.0,57.0
9.3,8.1,240.0,3.6,7.3,100.0,57.0
8.4,7.3,230.0,3.2,6.9,97.0,57.0
8.4,7.2,222.0,2.9,6.4,94.0,56.0
8.3,7.2,214.0,2.5,5.9,94.0,56.0
9.1,7.8,207.0,2.2,5.3,95.0,56.0
9.9,8.1,217.0,2.6,5.0,93.0,56.0
10.5,8.4,260.0,4.3,5.0,85.0,55.0
10.8,8.7,320.0,6.6,5.3,75.0,55.0
13.2,10.4,358.0,6.4,5.7,72.0,55.0
15.2,12.5,356.0,7.1,6.2,69.0,55.0
15.5,13.0,333.0,8.0,6.8,65.0,54.0
15.8,13.4,306.0,8.5,7.0,62.0,54.0
15.8,13.3,279.0,8.1,6.5,62.0,53.0
15.4,12.6,249.0,7.3,5.6,63.0,53.0
13.8,11.1,221.0,6.6,4.9,63.0,53.0
13.0,10.6,195.0,6.3,4.6,62.0,52.0
12.7,10.2,171.0,6.2,4.6,61.0,52.0
12.8,10.3,157.0,6.2,4.6,60.0,52.0
12.3,9.9,158.0,6.4,4.7,59.0,52.0
11.9,9.6,169.0,6.8,4.8,57.0,52.0
14.5,10.8,185.0,6.0,4.7,60.0,52.0
15.7,11.9,210.0,5.6,5.1,63.0,52.0
16.8,12.6,240.0,4.9,5.6,68.0,52.0
16.5,12.3,256.0,4.2,5.8,73.0,52.0
15.8,12.0,245.0,3.4,5.5,77.0,53.0
13.8,10.1,221.0,2.5,5.0,82.0,53.0
16.1,11.2,204.0,1.9,4.5,84.0,53.0
16.7,11.3,201.0,1.7,4.2,84.0,54.0
18.0,11.5,206.0,1.9,3.9,82.0,54.0
15.9,11.1,219.0,2.3,3.8,79.0,54.0
14.8,10.9,247.0,3.2,3.9,76.0,54.0
14.3,10.7,283.0,4.4,4.2,72.0,55.0
13.9,11.0,307.0,5.9,4.3,62.0,55.0
14.7,12.0,309.0,6.1,4.8,61.0,55.0
15.3,12.6,299.0,6.5,5.6,59.0,54.0
15.1,12.4,287.0,6.7,6.0,58.0,54.0
15.4,12.5,275.0,6.8,5.8,57.0,54.0
15.1,12.0,260.0,6.8,5.3,57.0,54.0
14.2,11.1,243.0,6.8,4.8,56.0,54.0
13.9,10.7,220.0,6.8,4.4,55.0,54.0
14.0,10.9,195.0,6.9,4.1,55.0,54.0
14.7,11.4,181.0,7.0,4.0,54.0,54.0
15.0,11.4,184.0,7.3,4.2,53.0,55.0
15.4,11.4,198.0,7.6,4.6,52.0,55.0
16.4,13.2,217.0,9.0,5.9,48.0,55.0
19.9,14.6,246.0,7.8,6.3,56.0,55.0
21.5,15.0,280.0,6.0,6.8,66.0,55.0
22.3,14.7,293.0,4.5,7.0,74.0,55.0
22.2,13.7,265.0,3.4,6.5,77.0,56.0
23.7,13.2,217.0,2.5,5.6,77.0,56.0
24.4,12.7,189.0,2.0,4.8,76.0,56.0
22.1,11.8,200.0,1.8,4.4,75.0,56.0
19.0,10.4,232.0,2.0,4.1,74.0,56.0
17.3,10.3,268.0,2.5,4.0,72.0,56.0
17.1,11.4,311.0,3.5,4.2,70.0,56.0
16.6,10.7,358.0,4.9,4.6,68.0,56.0
26.0,17.2,384.0,5.9,5.0,66.0,56.0
27.1,18.9,372.0,6.7,5.6,64.0,57.0
28.3,20.4,339.0,7.8,6.5,61.0,58.0
26.1,19.4,310.0,8.6,7.0,58.0,58.0
24.8,19.0,294.0,9.0,6.8,56.0,59.0
22.9,17.8,282.0,9.1,6.2,53.0,59.0
20.2,15.9,267.0,9.2,5.7,51.0,59.0
18.3,14.5,244.0,9.4,5.4,48.0,60.0
17.5,13.8,219.0,9.6,5.2,45.0,60.0
18.1,14.3,204.0,9.8,5.1,43.0,60.0
19.6,15.4,201.0,10.4,5.3,40.0,61.0
19.1,15.0,208.0,11.1,5.7,39.0,61.0
15.8,12.0,234.0,9.3,5.0,47.0,61.0
18.8,13.4,303.0,8.0,5.5,54.0,61.0
19.0,13.7,391.0,6.2,6.3,65.0,61.0
19.3,14.0,432.0,4.7,6.7,73.0,60.0
20.1,14.2,378.0,3.6,6.5,78.0,60.0
19.8,12.9,277.0,2.7,6.0,82.0,60.0
21.0,13.0,205.0,2.2,5.5,83.0,60.0
20.9,12.8,195.0,2.2,5.1,82.0,61.0
24.7,14.7,215.0,2.5,4.8,79.0,61.0
20.4,13.6,242.0,3.1,4.6,76.0,61.0
20.0,13.4,278.0,4.0,4.8,73.0,61.0
20.4,13.7,321.0,5.2,5.1,69.0,62.0
24.9,16.9,345.0,7.3,5.9,66.0,62.0
25.7,18.5,333.0,7.4,6.1,62.0,62.0
26.0,18.9,302.0,7.7,6.3,57.0,61.0
23.5,17.2,278.0,7.8,6.4,53.0,61.0
21.5,16.2,275.0,7.8,6.1,53.0,61.0
20.1,15.4,280.0,7.8,5.6,54.0,61.0
18.5,14.3,272.0,7.8,5.3,55.0,61.0
17.8,13.9,235.0,7.8,5.2,55.0,61.0
17.8,14.0,187.0,7.9,5.2,55.0,61.0
17.8,14.0,161.0,8.2,5.4,54.0,61.0
17.9,14.1,177.0,9.0,5.8,52.0,61.0
18.4,14.6,215.0,10.0,6.3,49.0,60.0
19.0,15.1,248.0,9.1,6.7,55.0,61.0
20.2,15.5,270.0,7.6,7.2,64.0,61.0
19.8,15.0,287.0,5.4,7.9,76.0,61.0
20.2,15.5,290.0,3.7,8.4,87.0,61.0
19.8,15.6,267.0,2.7,8.5,97.0,61.0
19.7,15.6,231.0,2.2,8.3,105.0,61.0
18.5,15.0,212.0,1.9,8.0,110.0,62.0
17.9,14.6,223.0,1.8,7.6,110.0,62.0
17.6,14.3,251.0,2.0,7.1,106.0,62.0
17.2,14.3,286.0,2.7,6.8,99.0,62.0
16.3,13.9,333.0,4.1,6.8,89.0,62.0
18.3,15.3,386.0,6.1,7.0,76.0,62.0
27.8,24.9,420.0,8.3,8.3,77.0,63.0
33.9,30.6,418.0,11.0,9.9,69.0,64.0
40.7,36.9,396.0,14.7,12.0,58.0,65.0
41.9,37.6,375.0,16.7,13.0,51.0,67.0
39.2,34.6,363.0,15.4,11.9,52.0,68.0
36.0,31.4,351.0,12.4,9.8,57.0,69.0
32.5,27.9,334.0,9.9,8.0,62.0,70.0
29.2,24.3,301.0,8.5,7.0,66.0,71.0
25.6,21.0,263.0,7.6,6.3,70.0,72.0
23.2,19.4,241.0,7.1,5.9,73.0,72.0
23.2,19.8,240.0,7.4,5.8,73.0,73.0
23.3,20.5,255.0,8.2,5.9,72.0,73.0
30.4,26.3,295.0,13.0,7.9,53.0,74.0
32.2,27.4,390.0,12.2,9.2,61.0,75.0
32.8,27.9,511.0,11.1,11.0,72.0,76.0
31.7,27.5,576.0,9.6,12.3,85.0,77.0
30.7,27.2,533.0,7.6,12.7,101.0,78.0
30.9,27.5,434.0,5.3,12.7,118.0,79.0
30.0,26.6,355.0,3.6,12.5,131.0,80.0
31.4,27.9,318.0,2.8,12.3,139.0,81.0
32.9,29.2,301.0,2.7,12.0,143.0,82.0
34.3,30.5,309.0,3.3,11.4,140.0,83.0
28.7,25.7,360.0,5.2,10.2,124.0,84.0
25.1,22.9,436.0,7.9,8.6,100.0,85.0
30.0,27.4,487.0,10.4,7.6,74.0,85.0
34.0,31.7,492.0,11.5,8.4,67.0,85.0
34.0,31.5,472.0,13.1,9.6,57.0,84.0
34.2,31.1,445.0,13.9,10.1,50.0,84.0
34.7,30.7,415.0,13.4,9.5,48.0,84.0
33.6,29.2,377.0,12.2,8.4,48.0,83.0
30.9,26.1,335.0,11.2,7.4,49.0,83.0
29.3,24.4,284.0,10.8,6.9,48.0,83.0
28.2,23.5,229.0,10.7,6.6,47.0,83.0
25.7,21.5,192.0,10.4,6.3,48.0,84.0
21.6,18.5,179.0,9.7,6.0,52.0,84.0
19.2,16.3,185.0,9.0,5.8,58.0,83.0
27.8,23.2,213.0,12.3,7.2,48.0,83.0
31.0,27.0,286.0,10.4,8.0,63.0,83.0
30.6,24.5,382.0,7.8,9.0,84.0,83.0
30.5,24.2,433.0,5.5,9.8,102.0,82.0
30.3,24.3,396.0,4.0,10.2,117.0,82.0
30.6,24.8,315.0,2.9,10.3,129.0,82.0
30.5,24.6,257.0,2.3,10.1,135.0,82.0
39.9,31.9,242.0,2.2,9.5,132.0,82.0
29.5,23.9,249.0,2.5,8.7,122.0,82.0
26.5,21.7,288.0,3.6,8.0,110.0,81.0
25.8,20.8,382.0,6.0,7.5,96.0,81.0
25.3,20.2,507.0,9.0,7.2,81.0,80.0
24.7,20.0,598.0,7.9,6.2,71.0,80.0
26.0,21.4,634.0,9.2,7.0,65.0,79.0
28.3,23.7,637.0,11.0,8.1,58.0,78.0
29.6,24.6,606.0,12.2,8.7,53.0,78.0
30.4,25.1,524.0,12.1,8.5,53.0,77.0
31.0,25.7,408.0,11.4,7.9,57.0,77.0
31.0,25.6,314.0,10.7,7.4,60.0,77.0
31.8,26.4,260.0,10.0,7.3,63.0,77.0
31.8,26.7,228.0,9.3,7.4,67.0,78.0
30.9,26.4,213.0,9.0,7.6,69.0,78.0
29.1,25.7,218.0,9.5,8.0,67.0,79.0
29.5,26.6,240.0,10.4,8.5,63.0,79.0
31.7,27.8,274.0,9.1,9.9,73.0,80.0
32.0,28.6,326.0,8.7,10.2,76.0,80.0
33.6,29.0,389.0,8.1,10.7,81.0,80.0
32.9,28.6,437.0,7.3,11.1,89.0,81.0
29.5,26.4,459.0,6.2,11.4,102.0,81.0
26.7,24.6,466.0,4.9,11.7,118.0,81.0
27.0,25.1,461.0,4.1,11.7,128.0,81.0
26.2,24.6,424.0,4.0,11.3,129.0,80.0
26.6,24.9,375.0,4.4,10.7,123.0,80.0
25.4,23.7,375.0,5.7,10.2,115.0,80.0
24.8,23.2,458.0,8.3,9.6,102.0,81.0
25.5,24.2,591.0,11.8,9.0,87.0,81.0
28.3,26.5,736.0,11.9,6.6,79.0,81.0
34.2,32.8,926.0,15.1,7.8,70.0,82.0
36.9,35.7,1128.0,19.5,9.5,58.0,83.0
36.4,35.2,1212.0,22.2,10.5,50.0,84.0
36.0,34.7,1085.0,21.8,10.5,48.0,85.0
36.3,34.8,840.0,19.6,9.9,49.0,86.0
35.5,33.8,622.0,17.1,9.0,52.0,86.0
30.5,28.2,474.0,14.3,7.7,56.0,86.0
25.5,23.1,353.0,11.2,6.1,62.0,86.0
23.3,21.5,272.0,8.9,5.0,67.0,86.0
19.7,18.2,239.0,8.0,4.8,70.0,85.0
16.8,15.6,247.0,7.9,5.2,72.0,84.0
32.6,31.8,289.0,18.8,12.1,52.0,84.0
34.0,33.4,389.0,19.1,13.6,55.0,85.0
32.5,31.9,524.0,19.4,15.8,60.0,85.0
29.6,29.0,619.0,18.9,17.8,68.0,85.0
29.5,28.9,634.0,17.0,19.4,82.0,85.0
28.9,28.4,610.0,14.3,20.8,101.0,86.0
30.0,29.5,589.0,12.1,21.8,116.0,86.0
31.8,31.3,582.0,10.8,22.3,128.0,87.0
32.0,31.5,578.0,10.0,22.5,138.0,87.0
27.5,27.1,592.0,10.3,22.4,141.0,87.0
26.0,25.7,643.0,11.9,21.7,135.0,87.0
25.0,24.6,710.0,14.5,20.8,122.0,88.0
20.4,20.1,748.0,16.0,12.7,73.0,87.0
22.4,22.2,730.0,16.2,12.8,69.0,86.0
21.0,20.7,682.0,16.3,12.9,65.0,85.0
23.3,22.9,634.0,16.0,12.5,62.0,84.0
23.7,23.3,599.0,14.8,11.4,63.0,83.0
24.2,23.6,563.0,13.1,9.8,67.0,82.0
22.4,21.6,514.0,11.5,8.4,70.0,81.0
19.3,18.4,428.0,10.2,7.4,73.0,81.0
18.0,17.2,328.0,9.0,6.5,75.0,80.0
16.9,16.2,274.0,8.3,6.0,76.0,80.0
15.4,14.8,302.0,8.4,5.8,74.0,79.0
14.8,14.3,375.0,8.9,5.9,70.0,79.0
10.0,9.8,443.0,7.4,5.1,83.0,78.0
11.9,11.8,499.0,9.1,6.1,78.0,76.0
12.7,12.5,550.0,11.3,7.5,73.0,74.0
13.8,13.7,564.0,12.3,8.8,73.0,73.0
13.5,13.4,510.0,10.8,10.1,84.0,72.0
15.0,14.9,419.0,8.0,11.4,102.0,71.0
13.5,13.3,349.0,5.7,12.1,115.0,70.0
13.8,13.6,314.0,4.5,11.6,122.0,68.0
13.4,13.1,300.0,3.7,10.5,124.0,67.0
11.8,11.6,318.0,3.7,9.7,123.0,66.0
10.8,10.7,395.0,4.6,9.5,116.0,64.0
10.2,10.0,504.0,6.2,9.6,105.0,63.0
18.7,18.0,578.0,9.2,10.1,85.0,63.0
23.0,22.4,584.0,11.8,10.8,76.0,63.0
24.0,23.6,555.0,15.3,11.7,64.0,63.0
24.5,24.2,515.0,17.4,12.0,55.0,63.0
23.5,23.2,469.0,16.7,11.1,54.0,63.0
20.4,20.1,413.0,14.6,9.5,56.0,63.0
17.0,16.6,362.0,12.8,8.3,58.0,63.0
15.7,15.3,317.0,11.8,7.9,59.0,62.0
15.3,14.7,276.0,11.1,7.8,60.0,62.0
13.8,13.1,250.0,10.5,7.7,61.0,62.0
13.0,12.2,247.0,9.9,7.4,62.0,62.0
12.2,11.3,258.0,9.3,7.0,64.0,62.0
6.9,6.5,274.0,6.0,4.9,67.0,61.0
9.0,8.4,297.0,5.7,5.7,73.0,61.0
9.7,8.6,324.0,5.2,6.7,81.0,61.0
10.4,9.0,333.0,4.7,7.4,88.0,60.0
10.2,8.6,307.0,4.1,7.4,92.0,60.0
10.2,8.5,263.0,3.4,6.9,95.0,59.0
10.0,8.4,231.0,2.8,6.4,97.0,59.0
10.2,8.4,220.0,2.2,5.7,98.0,59.0
10.2,8.3,221.0,1.8,5.0,98.0,58.0
10.5,8.5,238.0,1.9,4.5,95.0,58.0
11.5,9.0,286.0,3.0,4.5,89.0,58.0
12.5,9.7,349.0,4.6,4.8,81.0,58.0
14.4,11.3,392.0,6.6,5.1,67.0,57.0
16.9,13.7,393.0,7.6,5.9,63.0,57.0
18.0,15.1,374.0,9.0,7.0,58.0,56.0
18.3,15.6,355.0,10.0,7.7,53.0,55.0
18.0,15.3,348.0,10.1,7.5,51.0,55.0
17.2,14.6,342.0,9.7,6.8,49.0,54.0
16.1,13.7,328.0,9.5,6.3,47.0,54.0
15.7,13.5,297.0,9.8,6.1,44.0,54.0
15.8,13.6,258.0,10.2,6.0,41.0,54.0
15.8,13.7,234.0,10.6,6.1,38.0,54.0
15.5,13.4,238.0,11.1,6.4,35.0,54.0
15.2,13.3,255.0,11.6,6.9,32.0,54.0
13.8,11.8,270.0,9.1,6.1,43.0,55.0
15.1,12.7,276.0,7.4,6.3,54.0,55.0
14.2,11.2,278.0,5.0,6.5,69.0,55.0
13.4,10.3,275.0,3.2,6.7,81.0,55.0
12.9,9.8,260.0,2.4,6.8,87.0,55.0
12.8,9.7,239.0,2.2,6.9,91.0,55.0
13.1,10.0,226.0,2.2,7.0,92.0,56.0
11.0,8.7,226.0,2.1,7.0,92.0,56.0
9.7,7.9,235.0,2.3,6.9,90.0,56.0
9.3,7.7,253.0,2.8,6.8,86.0,55.0
9.1,7.9,288.0,4.1,6.6,78.0,55.0
9.7,8.6,333.0,5.8,6.3,69.0,55.0
9.4,8.9,365.0,8.1,6.3,56.0,55.0
13.8,13.0,371.0,9.9,7.7,52.0,55.0
17.9,16.9,363.0,12.5,9.6,45.0,55.0
19.7,18.5,358.0,14.5,10.9,40.0,55.0
21.8,20.4,364.0,15.5,10.9,37.0,56.0
23.3,21.7,372.0,16.0,10.3,34.0,56.0
23.5,21.5,370.0,16.2,9.8,33.0,57.0
25.6,23.3,349.0,16.2,9.6,32.0,58.0
25.6,23.3,318.0,16.0,9.5,32.0,59.0
22.0,19.8,293.0,15.5,9.4,33.0,59.0
19.6,17.3,278.0,14.7,9.2,34.0,59.0
18.0,15.8,268.0,13.6,9.1,35.0,59.0
18.5,16.4,270.0,14.2,10.6,35.0,60.0
19.1,16.6,295.0,12.4,13.0,51.0,60.0
19.3,15.4,330.0,9.8,16.2,74.0,60.0
20.4,15.6,345.0,7.4,18.1,95.0,61.0
18.7,15.0,316.0,5.5,17.5,113.0,61.0
15.5,13.8,265.0,3.9,15.7,130.0,62.0
15.9,14.5,232.0,2.8,14.2,143.0,62.0
17.4,16.1,226.0,2.4,13.8,152.0,63.0
18.1,16.8,236.0,2.6,13.7,156.0,63.0
18.1,16.8,271.0,3.3,13.2,151.0,82.0
15.9,15.0,339.0,4.6,11.5,129.0,94.0
13.9,13.1,431.0,6.5,9.4,96.0,94.0
21.9,18.7,528.0,8.9,9.7,83.0,88.0
27.0,24.3,639.0,13.0,11.6,69.0,75.0
32.1,29.6,755.0,18.6,14.2,50.0,68.0
36.8,34.2,831.0,22.9,15.9,35.0,69.0
42.6,39.9,843.0,24.4,15.7,29.0,70.0
44.1,41.3,815.0,24.6,14.6,27.0,72.0
43.4,40.5,779.0,25.2,14.0,25.0,73.0
45.6,42.4,744.0,26.9,14.4,23.0,75.0
47.0,43.8,700.0,28.8,15.2,20.0,76.0
48.8,45.6,653.0,30.5,16.4,19.0,78.0
45.9,43.2,598.0,32.4,18.2,15.0,81.0
47.5,45.1,539.0,33.9,20.4,11.0,83.0
43.2,40.2,495.0,29.0,21.4,24.0,85.0
43.1,40.0,481.0,24.9,23.9,45.0,87.0
38.1,34.8,481.0,19.1,27.2,75.0,88.0
31.0,28.1,467.0,13.8,28.6,104.0,89.0
27.0,24.9,420.0,9.6,26.4,130.0,90.0
24.2,22.8,359.0,6.0,22.4,154.0,91.0
24.3,22.9,316.0,3.5,19.1,173.0,91.0
25.0,23.8,292.0,2.5,17.8,186.0,92.0
25.0,23.9,287.0,2.7,17.1,192.0,92.0
25.2,24.1,326.0,3.7,16.2,187.0,122.0
24.1,23.1,456.0,5.6,14.0,162.0,140.0
22.2,21.5,630.0,8.4,11.6,126.0,145.0
14.2,13.9,740.0,11.5,11.0,101.0,139.0
23.5,23.2,719.0,17.7,13.7,83.0,124.0
32.0,31.8,633.0,26.1,17.4,60.0,100.0
34.3,34.2,572.0,30.6,19.2,44.0,94.0
34.7,34.6,585.0,27.3,17.4,46.0,94.0
26.1,26.0,624.0,20.1,13.8,56.0,92.0
23.6,23.6,631.0,15.0,11.3,62.0,91.0
24.2,24.2,567.0,14.5,11.1,60.0,90.0
25.8,25.7,471.0,16.1,12.0,54.0,88.0
27.7,27.6,403.0,17.6,12.9,48.0,87.0
29.3,29.3,386.0,18.8,13.3,40.0,86.0
30.9,30.9,397.0,19.9,13.8,33.0,85.0
22.2,22.1,424.0,18.3,14.9,51.0,83.0
24.0,23.9,484.0,19.9,14.9,50.0,82.0
24.2,24.0,561.0,22.0,14.8,50.0,81.0
23.6,23.5,590.0,22.7,14.5,53.0,81.0
20.1,20.0,523.0,20.8,13.6,59.0,80.0
19.4,19.3,410.0,17.5,12.5,68.0,80.0
15.5,15.4,329.0,14.1,12.0,84.0,79.0
15.6,15.5,311.0,10.4,12.7,118.0,79.0
16.9,16.8,326.0,6.7,13.9,159.0,78.0
19.7,19.6,369.0,5.1,14.7,183.0,78.0
23.0,22.9,464.0,6.9,14.3,174.0,78.0
25.3,25.2,587.0,10.8,13.4,147.0,78.0
23.5,22.5,665.0,15.6,13.1,82.0,82.0
31.9,30.7,656.0,21.3,15.5,70.0,83.0
41.0,39.0,601.0,29.1,18.7,53.0,80.0
45.4,43.2,552.0,34.9,20.8,39.0,81.0
47.3,45.2,530.0,36.9,20.7,31.0,81.0
48.7,46.4,515.0,36.9,19.3,26.0,83.0
45.3,43.2,495.0,35.5,17.7,24.0,85.0
38.9,36.8,460.0,32.3,15.9,24.0,86.0
34.7,32.9,421.0,27.8,13.8,27.0,86.0
29.6,27.9,400.0,24.0,12.3,30.0,86.0
23.7,22.2,415.0,21.9,11.7,31.0,86.0
20.7,19.4,448.0,20.6,11.5,33.0,85.0
12.3,11.5,465.0,15.6,9.3,45.0,84.0
12.3,11.8,450.0,13.8,9.6,54.0,83.0
12.2,11.8,419.0,11.3,10.1,66.0,82.0
11.6,11.5,385.0,9.1,10.6,81.0,81.0
12.7,12.7,340.0,7.4,11.3,99.0,80.0
14.0,13.9,291.0,6.0,12.0,119.0,80.0
14.4,14.3,273.0,5.0,12.3,134.0,80.0
14.0,13.9,311.0,4.5,11.8,140.0,80.0
13.4,13.3,380.0,4.4,10.8,140.0,80.0
12.2,12.0,437.0,4.9,10.0,137.0,79.0
11.5,11.2,470.0,6.2,9.5,129.0,78.0
13.3,12.2,492.0,8.0,9.3,117.0,82.0
21.4,20.8,501.0,10.4,10.3,95.0,82.0
21.2,21.0,489.0,10.4,10.3,91.0,76.0
20.5,20.3,463.0,10.4,10.3,86.0,75.0
20.3,19.9,446.0,10.3,10.3,82.0,73.0
19.9,19.4,451.0,10.0,10.3,81.0,71.0
19.3,18.6,464.0,9.5,10.3,82.0,69.0
18.4,17.3,462.0,9.0,10.4,82.0,67.0
17.3,16.2,429.0,8.5,10.6,82.0,65.0
16.5,15.3,380.0,8.0,10.8,81.0,64.0
16.0,14.7,338.0,7.8,11.1,79.0,63.0
15.3,14.1,307.0,8.2,11.3,74.0,62.0
15.4,14.2,282.0,8.9,11.5,69.0,61.0
19.6,18.9,270.0,10.5,13.8,65.0,62.0
22.1,21.5,282.0,9.2,13.8,75.0,63.0
22.2,20.8,307.0,7.4,13.7,88.0,64.0
17.4,16.7,321.0,5.8,13.3,100.0,64.0
14.2,13.5,310.0,4.7,12.5,108.0,64.0
12.5,11.9,287.0,3.7,11.4,114.0,64.0
12.3,11.6,272.0,3.1,10.5,119.0,64.0
12.3,11.7,268.0,2.7,9.8,124.0,63.0
12.2,11.6,273.0,2.7,9.2,127.0,63.0
12.3,11.6,292.0,3.0,8.7,128.0,63.0
13.1,12.4,343.0,4.0,8.4,124.0,67.0
13.7,13.0,409.0,5.5,8.3,116.0,71.0
24.7,23.5,450.0,7.3,9.6,113.0,72.0
26.2,25.1,446.0,7.9,10.6,112.0,71.0
27.9,26.8,417.0,8.7,11.9,110.0,69.0
28.8,27.8,387.0,9.5,12.8,107.0,66.0
30.2,29.1,363.0,10.1,13.0,103.0,66.0
30.5,29.5,339.0,10.7,12.7,97.0,67.0
27.8,26.8,313.0,10.9,12.3,92.0,67.0
24.2,23.2,283.0,10.6,11.7,87.0,68.0
22.5,21.7,253.0,10.0,11.0,83.0,69.0
20.9,20.1,233.0,9.4,10.4,80.0,69.0
18.6,17.9,227.0,9.2,10.2,78.0,69.0
16.4,15.7,232.0,9.0,10.2,77.0,69.0
12.8,12.1,245.0,9.2,8.5,74.0,69.0
13.9,13.5,276.0,8.1,9.3,83.0,68.0
13.4,12.7,316.0,6.5,10.2,96.0,68.0
14.8,13.2,338.0,5.1,10.6,106.0,67.0
13.1,11.6,324.0,4.1,9.8,109.0,67.0
11.3,10.4,292.0,3.3,8.3,108.0,67.0
11.4,10.4,271.0,2.7,7.1,108.0,67.0
11.3,10.0,269.0,2.4,6.5,110.0,67.0
11.3,10.2,278.0,2.3,6.3,113.0,67.0
10.5,9.6,303.0,2.7,6.1,112.0,67.0
10.7,9.4,362.0,4.0,6.0,105.0,66.0
10.1,9.1,436.0,5.7,6.0,95.0,66.0
13.4,11.8,483.0,6.3,7.4,90.0,65.0
14.3,12.8,474.0,7.8,8.2,84.0,64.0
15.5,14.1,437.0,9.8,9.3,75.0,63.0
14.9,13.8,407.0,11.3,10.1,68.0,62.0
14.6,13.3,404.0,11.8,10.2,64.0,61.0
14.1,12.9,408.0,11.7,10.0,62.0,59.0
13.2,12.0,397.0,11.3,9.7,61.0,58.0
12.1,10.9,352.0,10.4,9.3,62.0,57.0
11.2,9.9,291.0,9.2,8.7,64.0,56.0
10.3,9.1,245.0,8.3,8.2,66.0,56.0
9.1,8.1,229.0,8.2,7.6,66.0,55.0
8.4,7.5,229.0,8.5,7.1,66.0,54.0
9.3,8.3,232.0,7.6,7.3,71.0,54.0
10.4,9.5,238.0,6.8,7.9,77.0,54.0
10.9,9.6,249.0,5.6,8.7,86.0,53.0
11.1,9.5,253.0,4.6,9.3,95.0,53.0
11.5,9.6,244.0,3.8,9.3,104.0,53.0
11.4,9.7,229.0,3.1,9.1,113.0,53.0
10.6,9.2,222.0,2.9,8.8,117.0,53.0
10.4,8.9,223.0,3.3,8.6,112.0,53.0
10.6,9.3,231.0,4.3,8.5,102.0,53.0
11.6,10.3,259.0,5.7,8.3,92.0,53.0
10.9,10.2,332.0,8.0,8.0,82.0,53.0
12.0,11.7,426.0,10.9,7.6,72.0,53.0
9.3,8.8,478.0,6.6,7.8,96.0,53.0
11.3,11.2,445.0,7.6,8.6,92.0,52.0
13.7,13.6,370.0,9.0,9.8,86.0,52.0
12.8,12.7,327.0,10.0,10.5,81.0,52.0
13.3,13.2,359.0,10.5,10.4,78.0,52.0
13.4,13.2,421.0,10.6,9.9,75.0,52.0
12.5,12.3,455.0,10.5,9.3,73.0,52.0
11.6,11.1,426.0,10.0,8.7,71.0,52.0
10.9,10.3,368.0,9.4,8.1,70.0,52.0
10.4,9.8,322.0,9.0,7.7,69.0,52.0
10.0,9.3,300.0,9.2,7.6,66.0,53.0
10.3,9.7,290.0,9.7,7.8,64.0,53.0
7.3,7.3,297.0,12.3,11.3,59.0,53.0
10.8,10.4,338.0,12.9,10.8,56.0,53.0
10.0,9.7,396.0,13.6,10.2,53.0,53.0
10.2,9.9,428.0,13.5,10.8,56.0,53.0
11.8,11.6,401.0,11.9,14.0,71.0,53.0
13.7,13.6,347.0,9.5,18.4,93.0,53.0
16.1,16.0,323.0,7.4,21.4,112.0,54.0
19.1,19.0,359.0,6.0,21.6,128.0,55.0
22.0,21.9,425.0,5.0,20.4,141.0,56.0
24.1,23.9,484.0,4.7,18.8,146.0,57.0
23.6,23.5,532.0,5.7,16.8,137.0,58.0
22.4,22.2,574.0,7.4,14.5,120.0,68.0
19.8,19.3,585.0,12.4,8.7,83.0,71.0
18.8,18.5,543.0,12.1,9.3,83.0,69.0
19.0,18.7,472.0,11.7,10.2,82.0,62.0
19.4,18.9,414.0,11.5,11.0,80.0,61.0
19.7,19.3,390.0,11.6,11.5,76.0,61.0
19.5,19.1,379.0,11.8,11.9,70.0,62.0
18.1,17.8,369.0,11.8,12.0,66.0,62.0
17.2,16.8,351.0,11.4,11.7,64.0,63.0
16.8,16.4,333.0,10.8,11.2,64.0,63.0
16.4,16.0,324.0,10.3,10.9,63.0,64.0
15.0,14.7,329.0,10.3,10.9,60.0,64.0
13.3,13.1,343.0,10.5,11.0,58.0,64.0
16.7,15.9,358.0,11.2,13.6,54.0,65.0
18.1,17.3,377.0,9.6,14.0,64.0,65.0
18.6,17.2,397.0,7.5,14.6,79.0,66.0
17.7,16.6,399.0,5.6,14.9,93.0,67.0
16.7,15.7,367.0,4.4,14.8,105.0,67.0
16.9,15.8,317.0,3.4,14.4,117.0,67.0
16.8,15.6,280.0,2.8,13.7,125.0,67.0
17.0,15.6,264.0,2.3,12.6,129.0,67.0
17.6,16.1,260.0,2.2,11.3,131.0,66.0
17.2,15.4,273.0,2.5,10.1,129.0,66.0
16.8,15.0,314.0,3.8,9.2,123.0,69.0
16.8,15.0,371.0,5.5,8.6,115.0,74.0
21.6,19.1,411.0,6.1,7.8,105.0,74.0
23.6,21.4,420.0,7.5,9.2,101.0,70.0
25.2,23.2,411.0,9.5,11.2,95.0,65.0
25.3,23.7,399.0,11.1,12.9,88.0,65.0
24.6,23.4,387.0,11.9,13.8,81.0,66.0
22.4,21.3,371.0,12.2,14.3,73.0,66.0
19.0,18.0,348.0,12.3,14.8,66.0,66.0
18.0,16.5,309.0,12.2,15.5,61.0,66.0
18.2,16.3,262.0,11.8,16.2,57.0,66.0
18.3,16.2,231.0,11.5,16.5,54.0,66.0
18.3,16.1,225.0,11.6,16.2,50.0,66.0
18.2,15.8,233.0,11.9,15.6,47.0,66.0
17.1,15.0,250.0,11.7,15.7,49.0,66.0
18.8,16.2,282.0,9.9,15.0,60.0,66.0
19.5,16.2,322.0,7.3,14.1,75.0,66.0
19.7,16.1,340.0,5.2,13.2,90.0,66.0
19.4,16.2,317.0,3.9,12.6,105.0,66.0
18.8,16.1,272.0,2.9,12.1,119.0,66.0
19.8,17.0,238.0,2.3,11.4,129.0,66.0
20.4,17.3,221.0,1.9,10.4,131.0,66.0
20.4,17.1,215.0,1.7,9.3,129.0,66.0
20.3,16.7,230.0,2.1,8.4,123.0,66.0
19.7,16.1,288.0,3.3,7.7,112.0,67.0
21.5,17.0,368.0,5.1,7.2,99.0,68.0
22.0,17.7,416.0,6.6,7.0,88.0,67.0
24.0,19.3,397.0,7.4,7.7,82.0,66.0
27.5,22.0,346.0,8.4,8.6,75.0,66.0
28.8,23.2,310.0,9.2,9.1,69.0,66.0
28.0,22.9,315.0,9.4,9.0,67.0,66.0
27.0,22.4,337.0,9.4,8.4,67.0,66.0
24.6,20.3,345.0,9.4,8.0,66.0,66.0
22.8,18.7,322.0,9.5,7.7,65.0,67.0
22.0,18.2,286.0,9.7,7.4,63.0,67.0
21.9,18.2,266.0,10.1,7.4,61.0,67.0
22.1,18.5,273.0,11.4,7.7,55.0,67.0
22.5,18.8,296.0,13.0,8.1,49.0,67.0
22.4,18.9,328.0,12.3,9.0,55.0,68.0
24.4,20.5,383.0,10.1,9.5,71.0,68.0
26.5,20.4,448.0,7.1,10.2,93.0,68.0
28.1,20.8,473.0,4.7,10.6,112.0,69.0
26.7,20.3,417.0,3.4,10.5,123.0,69.0
25.7,20.0,323.0,2.6,10.1,130.0,69.0
25.3,20.0,266.0,2.2,9.7,134.0,70.0
24.7,19.7,282.0,1.8,9.3,136.0,70.0
24.8,19.9,335.0,1.7,8.9,135.0,70.0
24.1,19.4,399.0,2.4,8.7,129.0,78.0
23.2,18.9,484.0,4.8,8.7,115.0,82.0
21.8,18.4,580.0,8.0,8.7,96.0,79.0
23.8,20.8,629.0,9.8,8.6,85.0,71.0
28.8,25.6,593.0,11.3,9.8,78.0,71.0
32.2,28.8,511.0,13.4,11.5,69.0,72.0
33.3,30.0,439.0,14.6,12.4,63.0,72.0
33.5,30.5,399.0,14.0,12.0,63.0,73.0
32.6,30.0,370.0,12.5,10.8,67.0,74.0
31.1,28.6,343.0,11.3,9.9,70.0,74.0
30.0,27.8,309.0,10.5,9.5,71.0,75.0
29.4,27.2,277.0,10.1,9.3,72.0,76.0
29.2,26.8,263.0,10.5,9.4,72.0,76.0
30.7,27.6,276.0,13.0,9.9,67.0,77.0
34.0,30.4,306.0,16.5,10.8,61.0,78.0
31.9,28.7,341.0,15.1,12.1,68.0,79.0
33.5,29.7,387.0,12.8,13.9,84.0,79.0
33.2,28.6,438.0,9.5,16.3,107.0,80.0
34.9,30.0,459.0,6.8,18.1,130.0,81.0
34.0,29.6,423.0,5.0,18.9,154.0,82.0
32.8,29.0,357.0,3.8,19.1,178.0,82.0
33.6,30.2,315.0,3.2,18.6,190.0,83.0
33.1,30.2,312.0,3.3,17.0,183.0,99.0
32.8,30.0,333.0,4.1,14.6,164.0,120.0
31.7,29.1,378.0,5.2,12.7,145.0,133.0
30.3,27.9,463.0,6.7,11.6,129.0,137.0
28.7,26.7,574.0,8.6,10.9,113.0,134.0
34.8,30.6,668.0,8.8,10.8,93.0,121.0
42.5,38.8,741.0,13.4,13.5,83.0,101.0
50.5,46.2,797.0,19.6,17.2,68.0,90.0
55.5,51.1,809.0,23.4,19.3,59.0,92.0
54.6,49.7,752.0,22.6,18.5,59.0,93.0
52.9,47.7,651.0,19.4,16.3,63.0,95.0
50.9,45.4,557.0,16.6,14.2,67.0,96.0
49.0,43.2,482.0,15.0,12.8,68.0,97.0
45.8,40.7,412.0,13.8,11.6,69.0,98.0
43.0,38.4,361.0,13.1,10.8,69.0,99.0
44.2,39.0,335.0,13.5,10.5,66.0,100.0
44.5,39.5,327.0,14.5,10.5,61.0,101.0
41.6,36.8,324.0,15.5,10.7,59.0,102.0
40.3,35.6,330.0,13.2,12.8,80.0,102.0
38.1,32.5,342.0,10.1,15.7,109.0,103.0
37.5,31.7,340.0,7.3,17.6,131.0,103.0
35.7,30.3,310.0,5.4,17.5,141.0,103.0
31.4,27.1,268.0,3.9,16.4,144.0,103.0
27.9,24.2,236.0,2.9,15.1,143.0,102.0
26.1,22.8,213.0,2.5,13.7,139.0,101.0
27.1,23.5,201.0,2.6,12.2,130.0,101.0
23.1,20.3,233.0,3.3,10.8,119.0,100.0
20.0,18.0,337.0,4.5,9.4,104.0,99.0
16.5,15.1,484.0,6.3,8.2,86.0,98.0
16.9,15.1,621.0,8.8,7.7,70.0,97.0
18.7,17.3,733.0,11.3,8.8,60.0,95.0
22.1,20.7,834.0,14.8,10.2,47.0,93.0
24.8,23.3,914.0,17.4,11.1,36.0,91.0
26.7,25.0,989.0,18.2,11.0,32.0,89.0
26.0,24.3,1044.0,18.1,10.3,30.0,87.0
23.1,21.5,1020.0,18.0,9.9,29.0,85.0
21.5,20.0,856.0,18.3,9.9,27.0,84.0
21.2,19.7,615.0,18.7,10.2,26.0,82.0
20.7,19.2,423.0,18.8,10.6,25.0,80.0
19.2,17.8,334.0,19.0,11.4,24.0,79.0
18.6,17.3,296.0,19.0,12.4,24.0,77.0
11.1,10.3,277.0,10.2,7.8,51.0,75.0
11.4,10.3,281.0,8.7,8.1,63.0,73.0
12.4,10.8,305.0,6.6,8.6,81.0,71.0
12.8,10.7,311.0,4.8,8.9,96.0,70.0
12.6,10.2,274.0,3.7,8.9,106.0,68.0
11.6,9.4,220.0,3.0,8.8,114.0,67.0
10.5,8.5,182.0,2.6,8.5,119.0,65.0
9.6,7.7,173.0,2.3,8.0,120.0,64.0
8.5,6.9,181.0,2.4,7.3,117.0,63.0
8.2,6.6,204.0,2.8,7.0,113.0,62.0
10.7,8.6,253.0,3.9,7.3,108.0,61.0
10.9,9.0,318.0,5.4,7.9,101.0,61.0
13.8,11.3,364.0,6.4,7.4,89.0,60.0
14.0,12.1,373.0,7.6,8.2,81.0,60.0
14.5,12.9,364.0,9.2,9.3,71.0,59.0
13.7,12.5,352.0,10.2,9.8,63.0,58.0
13.0,11.9,345.0,10.1,9.4,60.0,57.0
11.7,10.7,336.0,9.5,8.4,58.0,56.0
10.1,9.1,320.0,8.9,7.6,58.0,55.0
9.3,8.3,289.0,8.5,7.1,58.0,54.0
8.8,7.8,252.0,8.1,6.7,59.0,53.0
9.1,8.0,226.0,7.9,6.5,60.0,53.0
9.8,8.6,217.0,8.0,6.4,61.0,52.0
10.5,9.2,220.0,8.2,6.5,62.0,51.0
10.1,8.8,234.0,7.9,7.5,65.0,51.0
12.2,10.5,270.0,6.8,7.6,74.0,51.0
13.9,11.8,316.0,5.3,7.8,86.0,51.0
13.8,11.9,343.0,4.1,7.8,97.0,51.0
13.2,11.8,329.0,3.4,7.5,106.0,51.0
10.2,9.8,295.0,3.1,7.2,113.0,51.0
10.2,9.8,271.0,2.8,6.8,118.0,52.0
11.1,10.6,266.0,2.6,6.6,119.0,52.0
13.3,12.0,271.0,2.5,6.5,117.0,52.0
15.3,13.4,289.0,2.7,6.2,112.0,53.0
13.3,11.3,333.0,3.4,5.7,103.0,55.0
11.6,9.7,391.0,4.5,5.0,92.0,54.0
14.4,12.7,425.0,6.0,5.5,88.0,53.0
12.8,11.5,416.0,6.3,5.6,83.0,53.0
12.1,10.7,384.0,6.6,5.8,77.0,53.0
11.1,9.7,348.0,6.8,5.8,71.0,53.0
10.6,9.3,311.0,6.8,5.5,68.0,52.0
10.3,9.0,271.0,6.6,4.9,66.0,52.0
8.9,7.6,236.0,6.4,4.5,64.0,52.0
8.0,6.8,210.0,6.0,4.2,62.0,52.0
7.7,6.4,189.0,5.5,3.9,61.0,52.0
7.6,6.2,178.0,5.3,3.9,60.0,52.0
7.4,6.1,178.0,5.6,4.2,58.0,52.0
7.5,6.2,187.0,6.2,4.6,56.0,51.0
8.0,6.5,199.0,5.6,4.3,61.0,51.0
9.8,8.0,217.0,5.0,4.6,67.0,51.0
10.4,8.4,237.0,4.0,5.1,76.0,51.0
10.9,8.5,246.0,3.3,5.3,84.0,50.0
10.8,8.1,229.0,2.8,5.2,89.0,50.0
10.8,8.4,200.0,2.6,4.8,92.0,50.0
9.2,7.3,184.0,2.4,4.6,94.0,50.0
8.9,7.1,192.0,2.3,4.5,96.0,49.0
9.7,7.6,214.0,2.3,4.4,98.0,48.0
10.2,8.1,244.0,2.8,4.6,98.0,47.0
10.2,8.6,287.0,4.1,5.0,95.0,46.0
10.5,9.1,339.0,5.9,5.6,91.0,46.0
15.5,13.6,379.0,8.7,6.5,78.0,46.0
17.9,15.9,400.0,9.8,7.7,76.0,47.0
20.2,18.2,411.0,11.2,9.2,72.0,49.0
22.0,20.0,415.0,12.1,10.2,70.0,50.0
23.2,21.1,417.0,12.0,10.0,70.0,51.0
23.3,21.1,414.0,11.3,9.3,70.0,52.0
21.7,19.4,398.0,10.6,8.5,71.0,53.0
20.8,18.5,358.0,9.9,7.8,72.0,54.0
20.7,18.3,305.0,9.1,7.1,73.0,55.0
21.0,18.5,272.0,8.6,6.6,74.0,56.0
20.3,17.8,269.0,8.5,6.1,74.0,57.0
19.9,17.5,285.0,8.6,5.8,73.0,58.0
24.2,20.6,316.0,9.1,7.1,77.0,59.0
21.1,18.7,380.0,8.3,7.7,85.0,60.0
22.6,19.8,460.0,7.2,8.5,96.0,61.0
23.2,20.3,498.0,6.0,9.2,107.0,62.0
22.1,19.8,452.0,4.7,9.7,119.0,63.0
20.4,18.8,366.0,3.3,10.2,132.0,63.0
19.0,17.8,308.0,2.4,10.4,141.0,64.0
18.3,17.1,308.0,1.9,10.3,145.0,65.0
18.2,17.0,337.0,1.9,10.0,146.0,73.0
17.9,16.7,381.0,2.7,9.6,140.0,85.0
17.0,15.9,439.0,4.6,8.9,125.0,91.0
15.1,14.3,512.0,7.4,8.0,103.0,90.0
22.9,21.9,582.0,8.7,7.4,87.0,83.0
27.6,26.8,656.0,11.6,9.0,78.0,72.0
30.4,29.7,727.0,15.5,11.2,64.0,70.0
35.4,34.5,757.0,18.5,12.7,54.0,71.0
39.8,38.6,715.0,19.5,12.8,49.0,72.0
40.5,39.0,631.0,19.6,12.1,47.0,74.0
38.2,36.6,557.0,19.4,11.5,46.0,75.0
36.6,34.8,509.0,19.2,11.1,44.0,76.0
37.7,35.9,470.0,18.7,10.6,42.0,78.0
37.3,35.3,439.0,18.2,10.4,42.0,79.0
35.6,33.5,410.0,18.0,10.3,40.0,80.0
33.4,31.9,389.0,17.7,10.4,40.0,81.0
31.0,30.5,390.0,17.4,9.6,47.0,82.0
33.2,32.7,440.0,15.0,11.5,70.0,83.0
32.0,31.4,512.0,11.5,14.1,101.0,84.0
33.1,32.4,546.0,8.5,15.8,129.0,85.0
34.3,33.4,497.0,6.2,15.8,148.0,86.0
35.2,34.2,408.0,4.4,14.9,163.0,87.0
33.8,32.7,352.0,3.1,14.0,173.0,89.0
32.7,31.7,360.0,2.4,13.4,177.0,90.0
30.5,29.5,400.0,2.4,12.7,176.0,108.0
29.5,28.4,445.0,3.1,12.1,168.0,129.0
28.8,27.5,488.0,5.2,11.3,148.0,139.0
27.5,26.3,535.0,8.0,10.5,121.0,138.0
30.5,29.1,577.0,10.2,10.1,100.0,127.0
35.3,33.4,620.0,11.0,10.6,91.0,112.0
36.7,34.2,658.0,11.1,11.5,88.0,95.0
38.2,35.5,669.0,11.2,12.1,86.0,95.0
38.8,36.1,635.0,11.6,11.9,83.0,95.0
38.6,36.3,574.0,12.0,11.3,81.0,95.0
38.9,36.8,516.0,12.6,11.1,79.0,95.0
39.2,37.1,467.0,13.6,11.6,78.0,95.0
41.0,38.8,422.0,14.9,12.5,76.0,95.0
43.7,41.2,393.0,15.9,13.3,74.0,95.0
48.1,45.8,386.0,17.0,13.8,67.0,96.0
48.0,45.9,396.0,17.9,14.3,59.0,98.0
74.3,72.4,421.0,19.5,14.8,43.0,101.0
76.1,74.3,481.0,17.7,18.0,64.0,105.0
73.1,71.5,556.0,15.0,22.5,94.0,110.0
73.6,71.9,586.0,12.3,25.8,126.0,114.0
67.5,65.9,524.0,9.4,27.2,163.0,117.0
65.7,64.3,417.0,6.4,27.5,203.0,120.0
68.0,66.6,350.0,4.4,26.4,224.0,124.0
66.8,65.4,360.0,3.9,23.3,215.0,127.0
64.0,62.9,410.0,4.4,18.8,189.0,138.0
54.7,53.6,473.0,5.5,15.2,162.0,157.0
48.2,47.4,541.0,7.1,13.2,140.0,164.0
42.4,41.7,623.0,9.2,12.1,119.0,163.0
50.4,49.5,717.0,12.0,18.2,139.0,159.0
43.0,42.3,847.0,11.5,16.4,124.0,146.0
40.3,39.7,988.0,10.8,14.0,104.0,141.0
36.6,35.9,1068.0,10.4,11.9,88.0,141.0
36.4,35.5,1049.0,10.6,10.5,81.0,141.0
37.7,37.0,967.0,11.1,9.5,78.0,141.0
33.8,33.2,863.0,11.6,9.0,75.0,140.0
27.4,26.9,722.0,12.0,9.3,72.0,139.0
27.1,26.7,558.0,12.5,10.1,70.0,138.0
29.3,29.0,449.0,13.3,11.3,67.0,137.0
27.5,27.2,446.0,15.1,13.1,60.0,135.0
29.4,29.2,498.0,17.2,15.2,53.0,133.0
40.0,39.8,525.0,19.1,17.8,55.0,130.0
42.0,41.8,494.0,16.2,18.1,72.0,126.0
33.9,33.5,439.0,12.2,18.3,95.0,122.0
28.8,28.2,385.0,8.7,18.0,115.0,118.0
24.9,24.0,334.0,6.2,16.5,129.0,113.0
22.3,21.2,284.0,4.2,14.4,140.0,109.0
20.3,19.0,258.0,3.1,12.7,144.0,104.0
18.0,16.7,266.0,3.1,11.8,139.0,99.0
16.8,15.7,297.0,3.9,11.3,127.0,95.0
15.8,14.8,341.0,5.3,10.6,112.0,92.0
13.2,12.6,401.0,7.2,9.2,94.0,90.0
12.3,11.8,475.0,9.5,7.6,73.0,87.0
14.4,13.6,546.0,12.3,8.9,69.0,85.0
21.9,20.9,624.0,18.5,12.2,57.0,83.0
30.4,29.5,699.0,27.2,16.7,40.0,82.0
40.2,38.9,730.0,35.1,20.5,26.0,82.0
52.0,50.4,685.0,42.4,23.1,16.0,83.0
60.1,58.4,597.0,48.9,24.9,9.0,85.0
57.5,55.9,517.0,51.0,25.0,7.0,87.0
45.1,43.7,463.0,45.5,22.5,11.0,88.0
33.2,31.9,419.0,35.5,18.4,20.0,89.0
25.1,24.0,383.0,26.6,14.7,30.0,88.0
18.6,17.7,358.0,20.8,11.8,38.0,88.0
13.7,13.0,342.0,16.2,9.3,47.0,86.0
10.6,10.1,331.0,11.3,7.2,62.0,84.0
9.1,8.5,328.0,9.4,7.4,72.0,81.0
8.9,8.1,330.0,6.8,7.6,87.0,79.0
8.6,7.9,326.0,4.7,7.9,101.0,78.0
8.3,7.7,310.0,3.5,8.2,115.0,76.0
8.7,8.1,289.0,2.7,8.4,129.0,75.0
8.4,7.9,270.0,2.5,8.5,135.0,75.0
8.0,7.5,245.0,2.9,8.1,127.0,74.0
7.9,7.6,223.0,3.8,7.4,111.0,73.0
8.0,7.7,233.0,4.9,7.2,97.0,73.0
8.6,8.2,302.0,6.1,7.9,90.0,72.0
9.3,8.6,404.0,7.4,9.1,86.0,72.0
12.7,12.0,488.0,9.4,7.9,72.0,72.0
15.3,14.8,545.0,10.6,8.9,67.0,71.0
17.9,17.2,585.0,12.2,10.3,59.0,70.0
16.9,16.3,588.0,13.0,11.0,55.0,69.0
16.1,15.5,533.0,12.4,10.5,56.0,66.0
15.0,14.3,441.0,11.0,9.5,60.0,62.0
12.6,11.9,360.0,9.7,8.5,64.0,59.0
10.6,9.9,302.0,8.5,7.8,69.0,56.0
9.6,8.9,254.0,7.3,7.3,75.0,55.0
8.9,8.2,227.0,6.5,6.9,79.0,53.0
8.5,7.7,231.0,6.4,6.8,79.0,52.0
8.2,7.4,256.0,6.7,6.8,78.0,52.0
6.6,6.4,284.0,5.4,4.6,88.0,52.0
9.1,8.6,313.0,5.3,5.9,92.0,52.0
10.7,10.0,345.0,5.1,7.7,98.0,52.0
11.8,10.7,361.0,4.8,8.9,103.0,52.0
12.1,10.8,348.0,4.1,8.9,108.0,52.0
11.0,9.7,319.0,3.3,8.4,112.0,52.0
10.4,9.3,297.0,2.8,7.9,115.0,53.0
10.4,9.7,284.0,2.7,7.7,116.0,53.0
10.4,9.6,277.0,2.9,7.6,116.0,53.0
10.3,9.3,288.0,3.8,7.7,113.0,54.0
9.5,8.7,335.0,5.9,8.0,105.0,55.0
10.2,9.7,399.0,8.6,8.3,93.0,53.0
13.7,12.8,435.0,8.7,7.6,88.0,53.0
15.2,14.3,416.0,9.0,8.3,87.0,53.0
15.9,15.0,369.0,9.3,9.4,85.0,53.0
16.2,15.3,326.0,9.4,9.9,84.0,53.0
17.1,16.0,297.0,9.1,9.6,84.0,53.0
15.3,14.3,271.0,8.5,8.8,84.0,53.0
12.6,11.6,249.0,7.9,8.1,84.0,53.0
11.8,10.8,230.0,7.2,7.6,85.0,53.0
11.1,10.2,216.0,6.5,7.2,86.0,53.0
10.6,9.8,208.0,6.1,6.9,86.0,53.0
10.2,9.3,205.0,6.2,6.9,85.0,53.0
9.8,9.1,208.0,6.6,7.0,83.0,54.0
11.5,11.3,228.0,6.3,5.1,85.0,54.0
13.8,13.5,283.0,6.5,5.9,82.0,54.0
14.3,13.4,355.0,6.8,7.1,79.0,55.0
14.0,13.1,397.0,6.7,7.9,79.0,55.0
13.3,12.2,378.0,5.7,8.1,87.0,55.0
11.8,10.6,330.0,4.2,8.0,99.0,55.0
10.6,9.5,300.0,3.4,7.9,107.0,55.0
10.0,9.3,307.0,3.6,8.0,108.0,55.0
10.3,9.4,332.0,4.5,8.0,105.0,55.0
10.8,9.7,368.0,5.5,8.2,102.0,55.0
10.4,10.0,426.0,6.8,8.4,98.0,55.0
11.3,11.0,495.0,8.3,8.7,94.0,55.0
12.8,12.7,529.0,9.9,7.8,80.0,55.0
15.8,15.5,501.0,10.1,8.5,77.0,55.0
16.9,16.5,439.0,10.3,9.4,73.0,55.0
17.2,16.5,382.0,10.4,9.9,70.0,55.0
18.2,17.5,344.0,10.2,9.5,70.0,56.0
17.3,16.7,311.0,9.8,8.6,71.0,56.0
15.7,15.0,283.0,9.4,7.9,73.0,56.0
14.4,13.7,259.0,8.7,7.7,76.0,56.0
15.0,14.2,241.0,7.9,7.8,79.0,57.0
15.4,14.6,232.0,7.6,8.1,81.0,57.0
16.5,15.5,231.0,8.2,8.6,79.0,57.0
17.9,16.8,240.0,9.2,9.4,76.0,58.0
19.7,19.4,262.0,10.8,12.7,67.0,59.0
23.2,22.0,316.0,10.7,13.7,67.0,59.0
24.3,22.2,383.0,10.5,15.1,68.0,60.0
25.4,22.8,418.0,9.7,16.1,75.0,61.0
27.4,23.9,387.0,7.8,16.4,95.0,62.0
31.3,27.1,323.0,5.4,16.2,121.0,63.0
34.6,29.6,280.0,3.8,15.8,137.0,65.0
36.1,30.7,270.0,3.6,14.9,135.0,66.0
36.0,30.5,280.0,4.3,13.6,123.0,68.0
32.8,28.5,331.0,5.8,12.7,111.0,69.0
32.8,28.7,458.0,8.6,12.2,100.0,71.0
36.7,31.9,625.0,12.1,12.1,89.0,73.0
40.0,34.8,743.0,14.8,12.6,71.0,74.0
47.3,42.1,775.0,17.3,14.1,64.0,76.0
51.8,46.4,758.0,20.6,16.1,54.0,79.0
55.8,49.7,714.0,22.8,17.2,47.0,81.0
61.2,54.4,638.0,22.9,16.8,45.0,84.0
62.2,54.8,535.0,21.8,15.5,46.0,87.0
58.1,50.8,440.0,20.3,14.3,48.0,90.0
55.3,48.1,355.0,18.6,13.4,51.0,93.0
52.6,45.4,278.0,16.6,12.6,55.0,95.0
49.8,42.8,233.0,14.7,11.8,59.0,97.0
42.1,36.3,224.0,13.1,10.6,63.0,99.0
35.3,30.4,248.0,11.7,9.4,66.0,100.0
31.9,29.0,316.0,10.4,8.8,73.0,101.0
36.8,33.5,480.0,10.7,11.0,76.0,102.0
36.0,32.0,688.0,11.0,14.0,82.0,103.0
34.2,29.5,797.0,10.6,16.7,93.0,104.0
33.8,29.0,713.0,8.6,18.7,117.0,105.0
34.3,29.6,531.0,5.8,20.3,147.0,105.0
35.5,30.9,387.0,3.9,21.0,166.0,105.0
37.4,32.0,332.0,3.3,20.5,167.0,105.0
38.8,31.9,316.0,3.6,19.0,158.0,105.0
40.9,32.1,329.0,4.7,17.5,145.0,106.0
43.5,33.9,386.0,7.4,15.9,127.0,106.0
46.2,36.0,471.0,10.9,14.2,106.0,108.0
44.9,32.4,530.0,9.1,9.1,92.0,106.0
43.7,32.9,539.0,9.8,9.7,87.0,105.0
43.2,33.6,522.0,10.8,10.4,79.0,104.0
41.4,32.7,496.0,11.5,10.7,73.0,102.0
38.8,31.2,465.0,11.5,10.2,70.0,100.0
36.2,29.6,425.0,11.1,9.4,68.0,98.0
32.1,26.4,386.0,10.7,8.6,67.0,96.0
29.6,24.5,344.0,10.1,8.0,67.0,94.0
27.9,23.2,302.0,9.5,7.5,67.0,92.0
24.5,20.7,280.0,9.5,7.4,66.0,91.0
23.8,20.4,289.0,11.0,7.7,59.0,89.0
25.1,21.5,318.0,13.2,8.3,51.0,89.0
24.2,21.1,347.0,13.1,9.6,57.0,88.0
29.3,26.6,379.0,11.0,11.6,73.0,88.0
31.0,26.2,413.0,8.2,14.4,96.0,87.0
32.0,26.5,422.0,5.8,16.3,116.0,87.0
32.0,26.5,383.0,4.3,16.5,131.0,87.0
32.5,27.4,319.0,3.4,15.9,142.0,86.0
32.0,27.3,281.0,2.8,15.2,149.0,86.0
31.3,26.8,285.0,2.5,14.6,150.0,86.0
31.9,27.6,314.0,2.5,13.9,146.0,85.0
30.4,26.3,368.0,3.5,13.2,137.0,93.0
29.0,25.5,468.0,6.0,12.4,121.0,99.0
28.4,25.7,593.0,9.4,11.6,102.0,96.0
34.5,29.2,675.0,8.1,11.7,102.0,90.0
37.8,32.5,681.0,9.8,12.5,95.0,83.0
40.0,34.8,643.0,12.1,13.4,85.0,83.0
40.4,35.7,596.0,13.7,13.8,76.0,84.0
40.4,36.0,548.0,14.2,13.1,69.0,84.0
38.1,33.9,490.0,14.1,11.7,64.0,84.0
34.5,30.5,429.0,13.4,10.3,62.0,85.0
30.0,26.5,356.0,11.5,8.7,65.0,85.0
24.7,21.7,280.0,9.0,7.1,71.0,85.0
21.1,18.5,234.0,7.4,6.1,75.0,84.0
20.8,18.3,233.0,7.8,6.1,72.0,84.0
21.9,19.2,264.0,9.2,6.7,67.0,84.0
25.4,22.1,316.0,11.0,9.5,65.0,84.0
29.3,26.3,416.0,9.5,11.0,79.0,84.0
32.9,27.2,538.0,7.3,13.1,98.0,84.0
36.2,28.7,598.0,5.5,14.5,114.0,84.0
38.6,30.3,535.0,4.2,14.7,125.0,85.0
38.6,30.4,409.0,3.2,14.4,134.0,85.0
38.3,30.2,322.0,2.6,13.8,139.0,85.0
38.0,29.9,314.0,2.2,13.1,140.0,85.0
37.5,29.5,343.0,2.1,12.3,137.0,86.0
38.3,29.8,390.0,3.1,11.6,130.0,86.0
35.0,28.2,457.0,6.1,11.0,115.0,86.0
32.7,27.1,540.0,10.2,10.4,94.0,86.0
36.1,31.4,608.0,11.2,10.2,82.0,86.0
40.2,35.4,660.0,12.6,11.2,77.0,87.0
42.1,37.3,696.0,14.5,12.5,69.0,87.0
42.8,37.7,689.0,15.4,13.0,64.0,87.0
42.5,37.4,609.0,14.4,11.9,63.0,87.0
39.6,34.3,485.0,12.4,10.0,65.0,87.0
35.2,29.9,379.0,10.6,8.4,67.0,87.0
32.1,27.0,308.0,9.3,7.5,68.0,87.0
30.6,25.3,254.0,8.3,7.0,69.0,87.0
29.5,24.2,226.0,7.8,6.8,69.0,88.0
28.2,23.4,231.0,8.6,7.1,66.0,88.0
27.7,23.2,262.0,10.0,7.7,63.0,89.0
35.9,31.2,306.0,10.7,9.9,66.0,89.0
38.6,34.9,376.0,9.1,11.3,80.0,90.0
40.7,34.7,459.0,6.9,13.2,100.0,91.0
46.2,36.9,502.0,5.1,14.5,116.0,91.0
52.6,39.0,469.0,4.0,14.8,125.0,92.0
53.4,38.3,395.0,3.3,14.4,131.0,92.0
51.0,36.3,340.0,2.9,13.7,133.0,93.0
46.8,33.6,320.0,2.7,12.4,130.0,93.0
44.2,32.4,319.0,2.8,10.6,122.0,93.0
40.0,30.5,338.0,3.6,9.6,113.0,94.0
37.8,30.9,397.0,5.7,9.8,102.0,94.0
38.4,32.2,477.0,8.4,10.6,91.0,94.0
38.9,32.1,527.0,9.2,11.4,90.0,94.0
38.9,33.8,517.0,10.2,12.5,86.0,94.0
39.3,35.0,478.0,11.6,13.9,80.0,94.0
38.2,34.3,444.0,12.2,14.5,77.0,94.0
36.4,32.6,432.0,11.2,13.3,79.0,93.0
34.0,29.7,426.0,9.5,11.3,84.0,93.0
29.6,25.4,416.0,8.3,9.6,86.0,93.0
29.9,25.4,394.0,8.2,8.7,83.0,92.0
29.9,25.3,369.0,8.8,8.2,78.0,92.0
27.0,23.7,354.0,9.7,8.0,72.0,92.0
28.4,25.2,351.0,11.4,8.1,63.0,93.0
29.4,26.1,359.0,13.5,8.6,53.0,93.0
24.2,20.6,383.0,9.7,8.2,71.0,92.0
26.9,23.5,447.0,9.0,9.2,79.0,91.0
29.7,26.0,527.0,7.9,10.6,91.0,90.0
31.2,26.6,562.0,6.7,11.9,105.0,90.0
34.0,28.8,505.0,5.3,12.9,122.0,89.0
35.9,30.6,403.0,3.7,13.8,140.0,88.0
37.7,32.6,336.0,2.8,14.4,152.0,88.0
39.6,34.8,337.0,2.7,14.6,153.0,88.0
38.0,33.9,374.0,3.3,14.5,147.0,88.0
35.2,31.8,422.0,4.5,13.9,137.0,89.0
30.6,28.3,464.0,6.7,12.1,121.0,96.0
29.8,27.8,518.0,9.4,9.7,101.0,95.0
30.3,28.1,619.0,9.7,7.5,88.0,88.0
30.5,29.2,820.0,11.8,9.4,83.0,87.0
33.5,32.2,1066.0,14.7,12.0,77.0,87.0
36.0,34.7,1231.0,17.2,14.2,70.0,87.0
40.2,38.9,1259.0,19.2,15.5,62.0,87.0
43.0,41.8,1205.0,20.8,16.4,55.0,88.0
43.2,42.0,1104.0,21.4,16.8,49.0,89.0
42.4,41.3,931.0,19.9,16.4,48.0,91.0
42.1,41.1,712.0,17.4,15.5,49.0,92.0
43.7,42.5,556.0,16.0,15.2,49.0,93.0
46.1,44.8,520.0,17.3,16.1,45.0,95.0
49.4,48.0,548.0,19.8,17.6,40.0,97.0
48.8,47.4,577.0,18.3,13.9,40.0,99.0
52.2,50.5,588.0,15.7,14.5,59.0,101.0
43.9,41.8,600.0,12.2,15.3,86.0,103.0
40.5,38.1,608.0,9.2,16.2,111.0,104.0
39.5,36.9,610.0,7.3,17.4,135.0,105.0
41.1,38.5,609.0,6.0,18.7,159.0,106.0
41.9,39.6,604.0,5.3,18.9,170.0,106.0
40.5,38.2,584.0,5.1,17.2,162.0,107.0
37.1,35.0,560.0,5.5,14.5,142.0,107.0
32.5,30.6,571.0,6.5,12.4,123.0,107.0
26.5,25.0,631.0,7.8,11.4,111.0,106.0
25.3,23.6,725.0,9.7,11.1,99.0,106.0
44.7,42.1,848.0,12.6,15.1,119.0,107.0
46.9,44.5,1045.0,15.6,16.2,103.0,109.0
52.0,49.7,1271.0,19.8,17.9,80.0,111.0
59.8,57.6,1382.0,23.7,19.5,62.0,113.0
64.5,62.4,1289.0,27.0,21.1,54.0,116.0
70.5,68.5,1080.0,30.0,22.7,50.0,119.0
72.9,70.8,879.0,31.5,23.7,48.0,122.0
73.6,71.2,711.0,30.7,23.9,46.0,125.0
73.8,71.9,549.0,28.4,23.4,45.0,128.0
71.7,69.8,438.0,25.7,22.5,46.0,131.0
65.7,64.3,401.0,22.8,20.5,47.0,133.0
38.8,37.8,413.0,19.5,18.0,50.0,132.0
66.6,65.4,450.0,24.3,24.9,46.0,134.0
63.1,61.9,525.0,21.5,27.4,70.0,135.0
56.1,54.9,623.0,17.4,30.8,104.0,136.0
50.2,49.0,675.0,13.6,32.8,135.0,137.0
49.8,48.7,635.0,10.1,32.1,160.0,138.0
49.7,48.4,548.0,6.9,30.1,183.0,139.0
49.4,48.0,483.0,4.6,28.2,200.0,140.0
50.6,49.4,456.0,3.8,27.3,213.0,142.0
51.1,49.9,450.0,3.9,26.5,220.0,143.0
49.5,48.3,488.0,4.8,25.0,216.0,166.0
46.7,45.6,617.0,6.6,21.9,191.0,180.0
44.1,43.3,788.0,9.0,18.0,155.0,183.0
32.8,32.2,882.0,12.8,12.4,102.0,173.0
35.9,35.0,821.0,15.0,14.1,93.0,159.0
39.2,38.3,682.0,18.1,16.5,79.0,146.0
43.8,42.8,572.0,21.2,18.6,67.0,144.0
50.1,49.1,538.0,24.6,20.2,57.0,143.0
53.0,52.0,533.0,28.0,21.4,47.0,141.0
54.1,53.3,525.0,30.0,22.1,40.0,139.0
53.9,53.1,502.0,29.6,21.9,36.0,138.0
49.6,48.8,477.0,27.8,21.1,34.0,135.0
44.5,43.8,454.0,25.5,20.0,34.0,132.0
39.2,38.4,436.0,23.2,18.6,35.0,130.0
33.8,32.9,421.0,20.5,17.0,38.0,129.0
33.5,32.9,410.0,19.7,19.7,42.0,126.0
28.9,28.1,411.0,16.2,18.5,60.0,122.0
22.9,21.9,416.0,11.4,16.9,85.0,119.0
20.1,19.2,405.0,7.4,15.3,106.0,116.0
17.2,16.4,357.0,5.2,13.9,119.0,112.0
14.8,14.1,293.0,3.9,12.6,127.0,109.0
13.2,12.5,252.0,3.2,11.2,127.0,105.0
11.3,10.7,246.0,3.0,9.5,115.0,101.0
9.0,8.6,264.0,3.5,7.7,96.0,98.0
8.7,8.3,310.0,4.8,6.8,79.0,94.0
8.9,8.1,412.0,7.2,7.3,70.0,91.0
10.4,9.6,542.0,10.4,8.8,63.0,89.0
10.2,9.5,626.0,11.1,7.7,62.0,87.0
14.6,13.9,625.0,12.3,8.9,61.0,85.0
15.8,14.9,579.0,13.9,10.5,60.0,84.0
15.7,14.8,528.0,15.1,11.6,58.0,81.0
17.3,16.4,486.0,15.7,11.8,56.0,79.0
17.5,16.5,439.0,15.8,11.5,54.0,76.0
14.9,13.9,390.0,15.3,11.0,53.0,73.0
13.2,12.1,331.0,13.9,10.4,54.0,70.0
12.0,10.9,269.0,11.8,9.6,56.0,67.0
11.2,10.1,225.0,10.0,8.7,58.0,64.0
10.9,9.7,210.0,8.8,7.6,59.0,62.0
10.4,9.2,214.0,7.9,6.5,61.0,60.0
8.7,7.6,225.0,6.1,6.5,77.0,58.0
9.4,8.5,245.0,6.1,7.0,80.0,56.0
9.9,9.0,271.0,6.0,7.7,84.0,55.0
10.4,9.2,287.0,5.6,8.1,89.0,55.0
9.2,8.0,282.0,4.6,7.9,95.0,54.0
7.7,6.9,266.0,3.3,7.3,101.0,53.0
7.2,6.5,256.0,2.5,6.7,104.0,53.0
7.2,6.5,251.0,2.4,6.1,102.0,53.0
7.7,6.9,252.0,2.7,5.5,96.0,52.0
9.5,8.6,270.0,3.5,5.2,89.0,52.0
10.4,9.6,329.0,5.2,5.4,81.0,53.0
10.7,9.9,407.0,7.4,5.9,71.0,53.0
14.5,12.5,448.0,8.2,6.9,70.0,53.0
16.0,14.3,416.0,8.3,7.3,67.0,53.0
16.6,14.6,348.0,8.3,7.8,63.0,53.0
16.4,14.1,294.0,8.3,8.0,59.0,53.0
15.9,13.6,281.0,8.1,7.7,56.0,53.0
14.7,12.4,284.0,7.8,7.0,53.0,52.0
12.8,10.6,275.0,7.7,6.6,50.0,52.0
11.9,9.8,238.0,7.9,6.6,46.0,52.0
11.8,9.8,190.0,8.3,6.7,43.0,52.0
11.6,9.6,156.0,8.5,6.8,41.0,52.0
11.4,9.2,146.0,8.3,6.6,43.0,52.0
10.9,8.7,151.0,7.8,6.3,47.0,52.0
10.9,9.0,165.0,8.2,6.7,47.0,52.0
13.2,10.8,197.0,7.3,7.1,54.0,52.0
13.5,10.9,240.0,6.0,7.6,65.0,52.0
14.0,10.9,264.0,4.9,8.0,74.0,52.0
13.8,10.6,252.0,4.0,8.2,81.0,52.0
13.8,10.6,223.0,3.3,8.4,86.0,53.0
12.9,10.0,203.0,2.9,8.2,88.0,53.0
11.6,9.3,194.0,3.1,7.5,84.0,53.0
9.9,8.5,194.0,3.6,6.6,76.0,53.0
9.5,8.3,228.0,4.5,5.9,69.0,53.0
9.1,7.8,331.0,5.9,5.8,64.0,53.0
9.1,8.0,468.0,7.6,5.9,59.0,53.0
11.6,10.0,558.0,8.9,5.7,51.0,53.0
11.7,10.4,558.0,9.5,6.5,49.0,52.0
13.2,12.0,512.0,10.4,7.6,46.0,52.0
14.6,13.4,470.0,11.1,8.3,43.0,52.0
15.7,14.5,457.0,11.5,8.3,41.0,52.0
15.8,14.6,448.0,11.8,7.9,38.0,52.0
14.4,13.1,416.0,12.0,7.6,36.0,53.0
13.7,12.3,334.0,12.1,7.5,34.0,53.0
13.6,12.1,229.0,12.2,7.5,31.0,53.0
14.0,12.5,159.0,12.5,7.7,29.0,53.0
14.2,12.6,158.0,13.8,8.1,25.0,54.0
14.6,13.0,193.0,15.4,8.7,21.0,54.0
12.5,11.4,221.0,12.2,7.1,27.0,54.0
16.2,14.9,227.0,10.0,7.9,40.0,54.0
14.2,12.2,226.0,6.9,9.1,59.0,54.0
12.1,9.8,221.0,4.4,10.1,76.0,54.0
13.2,10.5,208.0,3.1,10.9,92.0,54.0
13.5,10.7,190.0,2.5,11.6,107.0,54.0
13.4,10.9,185.0,2.2,11.7,116.0,54.0
13.2,11.1,197.0,2.1,10.9,116.0,55.0
12.7,10.7,221.0,2.2,9.6,109.0,55.0
11.8,10.2,257.0,3.0,8.4,98.0,55.0
8.9,7.8,308.0,4.3,7.0,81.0,55.0
7.0,6.1,370.0,6.2,5.7,59.0,55.0
12.0,10.8,438.0,8.1,6.7,52.0,55.0
18.9,17.7,524.0,12.6,9.7,44.0,55.0
27.1,25.6,615.0,18.8,13.9,33.0,56.0
31.4,29.8,662.0,24.1,17.2,24.0,58.0
36.3,34.6,633.0,27.1,18.7,20.0,59.0
42.5,40.6,560.0,29.1,19.4,17.0,61.0
39.1,37.0,489.0,31.1,20.0,15.0,63.0
38.1,36.0,427.0,33.7,20.8,11.0,65.0
40.6,38.4,367.0,36.4,21.5,8.0,67.0
42.7,40.6,336.0,38.0,22.2,5.0,69.0
44.2,42.1,356.0,38.9,23.1,1.0,72.0
44.7,42.6,404.0,38.9,24.0,0.0,74.0
31.5,29.7,442.0,25.0,17.0,11.0,76.0
34.3,32.5,460.0,20.7,18.8,33.0,77.0
22.5,19.9,468.0,14.8,21.2,63.0,77.0
21.7,18.0,455.0,9.8,22.7,91.0,78.0
23.5,19.0,405.0,6.9,22.6,114.0,79.0
21.0,17.9,334.0,5.0,21.7,135.0,79.0
18.2,17.1,284.0,3.7,20.5,150.0,80.0
18.8,17.8,260.0,2.7,19.2,160.0,80.0
19.4,18.5,256.0,2.3,17.8,165.0,81.0
18.8,17.9,295.0,3.2,16.3,160.0,87.0
18.7,17.8,417.0,6.3,14.8,139.0,103.0
18.1,17.3,582.0,10.6,13.3,107.0,107.0
17.6,17.6,692.0,14.3,13.1,82.0,100.0
23.8,23.8,696.0,15.5,13.2,69.0,86.0
23.6,23.3,644.0,17.2,13.2,50.0,84.0
22.1,21.8,593.0,18.6,12.9,35.0,83.0
22.8,22.5,561.0,19.3,11.9,27.0,83.0
22.9,22.5,529.0,19.8,10.5,23.0,81.0
21.2,20.8,495.0,19.9,9.4,21.0,80.0
20.5,19.8,451.0,19.5,8.7,20.0,79.0
19.4,18.7,404.0,18.8,8.2,20.0,77.0
19.2,18.5,373.0,18.8,8.2,20.0,75.0
19.7,19.0,362.0,21.1,8.9,15.0,73.0
21.1,20.3,368.0,24.1,10.0,9.0,72.0
18.3,17.5,399.0,16.8,7.5,21.0,71.0
23.7,22.8,486.0,13.9,8.8,42.0,70.0
21.9,20.3,599.0,9.9,10.6,73.0,70.0
18.0,16.2,654.0,6.6,12.1,100.0,70.0
16.9,16.4,595.0,4.8,13.0,122.0,70.0
18.9,18.3,478.0,3.7,13.6,141.0,70.0
20.8,20.1,392.0,3.0,13.6,154.0,70.0
22.5,21.7,351.0,2.3,12.8,160.0,70.0
23.1,22.2,342.0,2.0,11.5,159.0,71.0
22.3,21.5,409.0,2.9,10.5,151.0,92.0
21.5,20.6,644.0,6.2,10.2,132.0,105.0
22.3,21.5,956.0,10.8,10.1,105.0,106.0
23.8,23.1,1120.0,14.2,9.7,77.0,96.0
27.9,27.2,990.0,14.8,10.4,67.0,80.0
27.8,27.0,712.0,15.6,11.3,53.0,72.0
26.0,25.1,493.0,15.9,11.6,42.0,73.0
24.6,23.9,423.0,15.1,10.6,38.0,73.0
23.4,22.6,413.0,13.7,9.1,38.0,73.0
21.5,20.7,398.0,12.5,7.8,38.0,73.0
20.7,19.8,349.0,11.7,7.2,39.0,73.0
20.5,19.6,296.0,11.0,7.0,40.0,73.0
20.5,19.3,264.0,10.8,7.0,41.0,73.0
20.4,19.2,258.0,11.6,7.1,38.0,73.0
20.6,19.2,273.0,12.9,7.4,34.0,73.0
27.5,24.7,319.0,13.1,7.7,37.0,73.0
32.6,30.2,434.0,11.1,9.0,53.0,74.0
32.7,28.8,579.0,8.2,10.9,76.0,75.0
35.2,29.6,649.0,5.8,12.0,96.0,76.0
32.5,28.6,567.0,4.3,11.8,109.0,77.0
32.7,29.4,410.0,3.2,10.9,119.0,77.0
31.9,29.2,299.0,2.5,10.2,126.0,78.0
31.1,28.6,285.0,2.0,9.9,133.0,79.0
31.1,28.9,318.0,1.9,9.7,137.0,79.0
32.4,30.2,371.0,3.0,9.6,133.0,80.0
31.8,29.9,441.0,6.3,9.3,116.0,81.0
31.3,29.6,531.0,10.8,9.0,91.0,81.0
25.3,23.6,617.0,9.7,8.6,78.0,81.0
26.7,25.1,709.0,11.5,9.8,70.0,81.0
28.3,26.9,797.0,13.8,11.3,58.0,81.0
30.6,29.3,832.0,15.3,12.1,50.0,82.0
31.1,29.8,778.0,15.0,11.4,48.0,82.0
29.1,27.8,670.0,13.8,9.9,49.0,82.0
26.5,25.1,567.0,12.6,8.6,50.0,83.0
24.7,23.3,480.0,11.7,7.8,51.0,83.0
23.9,22.4,397.0,10.8,7.3,52.0,83.0
24.6,22.9,343.0,10.3,7.0,52.0,84.0
25.1,23.4,327.0,10.6,7.1,49.0,84.0
25.8,24.2,339.0,11.3,7.5,46.0,84.0
26.4,24.4,373.0,11.6,7.8,47.0,84.0
31.7,30.2,445.0,10.0,9.2,63.0,84.0
33.8,31.3,539.0,7.8,11.1,86.0,84.0
37.8,35.2,600.0,5.9,12.4,107.0,85.0
40.0,37.5,593.0,4.4,12.6,123.0,86.0
39.3,37.1,553.0,3.3,12.3,137.0,86.0
40.3,38.1,524.0,2.6,11.7,144.0,87.0
39.3,37.4,516.0,2.5,10.9,143.0,88.0
37.6,35.9,520.0,2.9,9.9,137.0,88.0
35.5,34.1,551.0,4.1,9.3,127.0,88.0
32.8,31.8,642.0,6.7,9.2,113.0,89.0
32.6,31.5,761.0,10.0,9.6,96.0,89.0
38.4,37.8,827.0,13.3,9.9,80.0,90.0
46.8,46.3,791.0,16.1,11.8,70.0,91.0
50.1,49.5,702.0,19.8,14.3,56.0,93.0
49.2,48.5,631.0,22.2,15.8,45.0,95.0
45.8,44.9,609.0,21.7,15.1,41.0,96.0
44.4,43.4,603.0,19.8,13.3,41.0,97.0
43.1,41.9,589.0,18.6,12.0,41.0,99.0
43.3,42.1,547.0,18.8,11.7,39.0,100.0
45.8,44.5,497.0,19.8,12.0,37.0,102.0
49.5,48.2,467.0,21.5,12.8,35.0,105.0
53.8,52.4,476.0,25.6,14.4,28.0,108.0
57.3,55.9,505.0,30.4,16.6,21.0,111.0
54.2,52.4,533.0,26.3,15.3,28.0,114.0
57.5,55.9,555.0,21.2,16.3,58.0,117.0
49.0,47.0,575.0,14.1,17.7,99.0,118.0
46.9,44.7,583.0,8.4,18.6,136.0,119.0
48.3,46.1,570.0,5.6,18.6,162.0,120.0
48.7,46.7,545.0,4.2,18.1,183.0,121.0
49.0,47.0,521.0,3.5,17.7,199.0,122.0
51.3,49.5,495.0,3.2,18.1,212.0,124.0
53.1,51.2,470.0,3.5,18.6,220.0,136.0
56.3,54.4,466.0,4.4,18.1,213.0,165.0
49.8,48.3,497.0,6.1,15.2,180.0,177.0
40.9,39.8,549.0,8.4,11.3,131.0,177.0
47.7,46.3,598.0,11.7,10.4,104.0,167.0
53.1,51.8,638.0,15.3,13.7,95.0,153.0
61.7,60.5,674.0,20.3,18.2,83.0,132.0
68.9,68.0,703.0,24.4,21.8,72.0,134.0
75.4,74.3,728.0,27.0,23.3,63.0,138.0
81.3,80.1,746.0,28.7,23.9,55.0,141.0
82.7,81.5,734.0,29.6,24.3,48.0,145.0
86.4,85.2,667.0,29.5,24.8,43.0,150.0
90.6,89.4,571.0,28.6,25.2,41.0,151.0
92.9,91.7,504.0,27.5,25.7,39.0,153.0
94.1,92.9,496.0,26.8,26.5,35.0,154.0
93.1,92.0,516.0,25.8,27.4,33.0,155.0
100.8,99.9,532.0,25.6,31.0,42.0,156.0
94.1,92.9,534.0,22.1,32.7,69.0,157.0
81.3,80.1,532.0,17.1,34.9,108.0,158.0
69.4,68.2,518.0,12.7,35.6,145.0,159.0
68.5,67.3,480.0,9.3,33.4,178.0,160.0
67.8,66.6,432.0,6.4,29.7,209.0,160.0
68.7,67.3,405.0,4.6,26.3,229.0,161.0
67.3,65.9,412.0,4.1,23.6,236.0,161.0
65.9,64.5,441.0,4.6,21.2,233.0,162.0
63.6,62.4,488.0,6.1,19.3,221.0,186.0
58.3,57.3,550.0,8.4,17.3,196.0,200.0
56.1,55.4,631.0,11.7,15.8,161.0,201.0
43.7,43.3,738.0,15.4,12.3,128.0,195.0
46.9,46.6,897.0,17.8,14.0,113.0,179.0
47.4,47.1,1082.0,21.1,16.4,92.0,162.0
53.1,52.7,1227.0,23.6,18.4,76.0,162.0
60.1,59.6,1317.0,24.6,19.6,68.0,161.0
64.3,63.8,1367.0,24.8,20.4,65.0,161.0
63.8,63.3,1355.0,24.2,20.4,62.0,160.0
65.2,65.0,1250.0,22.6,19.2,59.0,160.0
65.2,64.7,1082.0,20.3,17.2,57.0,159.0
59.0,58.8,923.0,18.1,16.0,58.0,158.0
36.8,36.6,791.0,16.4,16.1,62.0,156.0
34.1,33.9,667.0,14.9,16.8,69.0,155.0
33.9,33.8,568.0,14.6,11.7,74.0,153.0
36.4,36.3,502.0,14.1,13.2,81.0,151.0
33.5,33.3,460.0,13.2,15.1,90.0,148.0
32.0,31.7,429.0,12.1,16.2,95.0,144.0
27.5,27.2,408.0,10.4,15.5,94.0,140.0
21.5,21.2,398.0,8.4,13.9,89.0,135.0
16.8,16.5,386.0,6.9,12.5,84.0,130.0
13.2,13.0,354.0,6.1,11.8,82.0,125.0
10.3,10.2,322.0,5.7,11.3,80.0,119.0
8.6,8.6,333.0,6.1,11.1,77.0,113.0
8.1,8.0,432.0,7.5,11.2,74.0,108.0
9.4,9.0,575.0,9.6,11.5,70.0,103.0
9.2,8.6,675.0,11.4,11.1,51.0,100.0
13.5,13.0,684.0,12.7,12.1,46.0,97.0
15.1,14.5,652.0,14.5,13.3,39.0,95.0
15.6,15.0,636.0,15.9,14.0,34.0,92.0
16.2,15.7,677.0,16.5,13.5,31.0,88.0
17.0,16.4,736.0,16.6,12.3,30.0,84.0
17.7,17.1,752.0,17.0,11.4,28.0,81.0
19.3,18.6,681.0,17.8,11.0,26.0,77.0
20.4,19.7,568.0,18.8,10.8,23.0,74.0
21.5,20.8,483.0,19.6,10.8,22.0,71.0
22.6,22.1,459.0,20.5,10.8,18.0,70.0
23.5,23.1,464.0,21.2,11.0,15.0,69.0
20.2,20.1,474.0,19.0,10.3,26.0,68.0
24.7,24.6,490.0,17.0,12.4,50.0,67.0
24.7,24.6,512.0,14.2,15.2,84.0,66.0
24.8,24.7,515.0,11.4,16.8,113.0,65.0
23.3,23.3,482.0,8.6,16.2,134.0,65.0
20.5,20.4,430.0,5.9,14.5,151.0,65.0
17.6,17.6,387.0,4.0,12.9,161.0,65.0
15.4,15.4,351.0,2.9,11.8,165.0,65.0
14.3,14.2,325.0,2.6,10.7,162.0,84.0
13.8,13.7,343.0,3.9,10.1,152.0,105.0
15.7,15.7,448.0,7.6,9.7,130.0,115.0
18.1,18.0,598.0,13.0,9.6,101.0,112.0
12.0,12.0,700.0,16.9,12.2,67.0,98.0
22.0,21.7,710.0,20.3,14.9,60.0,79.0
26.1,25.6,673.0,24.9,18.6,50.0,69.0
25.8,25.4,632.0,27.8,20.9,42.0,70.0
25.7,25.2,598.0,27.7,20.4,38.0,71.0
26.4,25.8,560.0,26.0,18.6,35.0,71.0
23.1,22.4,526.0,24.0,16.7,33.0,72.0
19.6,18.8,498.0,22.2,15.3,32.0,72.0
18.1,17.2,473.0,20.1,14.0,31.0,72.0
17.5,16.5,452.0,18.1,12.8,31.0,71.0
15.8,14.6,434.0,16.3,11.7,31.0,71.0
14.3,13.1,419.0,14.7,10.7,31.0,70.0
8.4,7.7,414.0,11.4,9.3,41.0,69.0
10.6,9.9,434.0,9.7,9.7,53.0,68.0
10.6,9.5,464.0,7.3,10.2,69.0,67.0
10.1,8.9,461.0,5.3,10.5,84.0,65.0
9.6,8.5,390.0,4.0,10.4,98.0,64.0
9.8,8.7,287.0,3.0,10.1,110.0,63.0
9.9,8.8,216.0,2.5,9.6,115.0,63.0
9.1,8.1,204.0,2.3,8.7,110.0,62.0
10.2,8.9,225.0,2.7,7.7,97.0,62.0
7.7,7.0,262.0,4.0,7.1,84.0,61.0
7.2,6.7,328.0,7.3,7.3,70.0,60.0
7.5,6.8,409.0,11.6,7.9,55.0,60.0
8.7,7.7,452.0,9.3,6.6,55.0,59.0
9.7,8.8,421.0,9.9,7.6,51.0,58.0
10.6,9.7,352.0,10.8,8.9,46.0,57.0
10.7,9.9,292.0,11.1,9.7,43.0,56.0
10.9,10.1,260.0,10.5,9.4,43.0,55.0
9.8,9.0,238.0,9.3,8.5,45.0,53.0
7.9,7.0,219.0,8.2,7.6,47.0,52.0
6.5,5.8,200.0,7.2,6.8,49.0,51.0
5.6,5.0,185.0,6.2,6.0,52.0,50.0
4.8,4.3,175.0,5.5,5.4,55.0,47.0
4.0,3.6,168.0,5.1,5.0,57.0,45.0
3.8,3.4,167.0,4.9,4.8,59.0,43.0
4.4,3.7,184.0,4.7,4.9,66.0,42.0
5.9,5.3,241.0,5.6,5.5,64.0,41.0
7.3,6.7,317.0,6.8,6.3,62.0,40.0
7.5,6.9,356.0,7.3,6.8,62.0,39.0
7.4,6.6,322.0,6.4,6.7,65.0,39.0
5.7,5.0,251.0,4.8,6.3,69.0,38.0
5.4,4.6,203.0,3.7,5.9,72.0,37.0
5.9,5.2,201.0,3.5,5.7,72.0,37.0
6.1,5.3,221.0,3.8,5.5,71.0,36.0
6.2,5.5,247.0,4.5,5.4,69.0,35.0
6.2,5.5,283.0,5.9,5.4,65.0,35.0
6.4,5.7,325.0,7.7,5.6,60.0,35.0
9.4,7.8,345.0,9.3,6.4,53.0,35.0
9.0,7.7,323.0,8.4,6.2,54.0,35.0
8.6,7.5,279.0,7.0,6.0,55.0,34.0
7.8,6.8,240.0,6.0,5.8,56.0,33.0
7.9,6.8,216.0,5.6,5.6,56.0,33.0
7.0,5.9,196.0,5.4,5.5,54.0,32.0
5.8,4.7,179.0,5.2,5.3,54.0,31.0
5.4,4.4,161.0,4.8,5.0,55.0,31.0
5.2,4.2,144.0,4.5,4.7,56.0,31.0
5.1,4.1,136.0,4.3,4.5,57.0,31.0
4.9,4.1,139.0,4.5,4.6,57.0,31.0
4.9,4.2,150.0,4.8,4.9,57.0,31.0
4.0,3.4,167.0,4.2,4.6,65.0,31.0
5.2,4.7,196.0,4.5,4.9,67.0,31.0
6.2,5.5,230.0,4.8,5.3,69.0,31.0
6.9,5.9,255.0,4.8,5.5,71.0,30.0
6.5,5.4,261.0,4.1,5.4,74.0,30.0
6.4,5.4,257.0,3.0,5.1,77.0,31.0
6.4,5.1,250.0,2.4,4.8,78.0,32.0
6.2,5.0,236.0,2.6,4.6,74.0,33.0
7.0,5.8,220.0,3.3,4.3,68.0,34.0
7.3,6.2,215.0,4.0,4.2,62.0,33.0
7.0,5.9,238.0,4.8,4.2,58.0,33.0
6.1,5.1,274.0,5.7,4.4,55.0,32.0
7.9,6.2,291.0,6.2,4.6,54.0,30.0
8.6,6.8,272.0,5.9,4.7,55.0,30.0
9.5,7.6,235.0,5.6,4.9,57.0,30.0
9.3,7.6,204.0,5.2,4.9,59.0,30.0
8.7,7.2,191.0,4.9,4.6,61.0,30.0
8.1,6.7,184.0,4.7,4.2,63.0,30.0
6.8,5.5,177.0,4.4,3.9,65.0,31.0
5.9,4.8,164.0,4.1,3.7,66.0,31.0
5.4,4.5,151.0,3.7,3.6,67.0,31.0
5.3,4.4,145.0,3.5,3.6,68.0,31.0
5.6,4.6,148.0,3.6,3.7,68.0,31.0
6.4,5.2,158.0,3.8,3.8,67.0,31.0
6.1,5.2,174.0,4.1,4.2,67.0,32.0
6.9,6.1,202.0,4.3,4.6,65.0,32.0
7.7,6.8,236.0,4.6,5.1,63.0,32.0
8.0,6.8,256.0,4.6,5.4,62.0,32.0
8.0,6.8,246.0,3.9,5.2,65.0,33.0
7.2,6.0,223.0,2.9,4.7,70.0,33.0
7.1,5.7,213.0,2.3,4.3,73.0,33.0
7.7,6.4,233.0,2.4,4.3,71.0,33.0
8.6,7.5,266.0,3.0,4.5,67.0,34.0
9.0,7.7,290.0,3.6,4.5,63.0,34.0
9.2,7.7,296.0,4.3,4.2,58.0,34.0
8.4,7.0,292.0,5.0,3.9,54.0,35.0
10.7,8.6,281.0,5.9,4.2,52.0,35.0
11.7,9.8,260.0,6.1,4.6,52.0,36.0
13.0,11.0,233.0,6.3,5.1,52.0,37.0
13.4,11.2,208.0,6.3,5.4,53.0,38.0
13.1,11.1,190.0,6.0,5.3,54.0,39.0
12.1,10.1,176.0,5.6,5.0,54.0,39.0
11.5,9.1,164.0,5.1,4.6,56.0,40.0
11.5,8.8,152.0,4.5,4.1,59.0,41.0
11.4,8.8,143.0,3.9,3.6,64.0,42.0
11.3,8.8,139.0,3.5,3.3,67.0,43.0
11.4,9.0,140.0,3.6,3.4,68.0,44.0
11.3,9.0,147.0,4.0,3.8,67.0,45.0
12.6,9.7,166.0,4.1,3.9,63.0,46.0
13.8,11.0,210.0,3.9,4.3,65.0,47.0
15.1,11.7,266.0,3.7,4.9,68.0,48.0
14.6,11.4,296.0,3.3,5.3,72.0,50.0
15.9,12.2,273.0,2.7,5.4,78.0,50.0
17.8,13.5,225.0,2.0,5.3,84.0,51.0
21.0,15.8,196.0,1.6,5.1,88.0,52.0
22.9,17.3,200.0,1.5,4.8,87.0,52.0
22.5,17.2,224.0,1.8,4.4,82.0,53.0
21.7,16.7,268.0,2.6,4.2,77.0,54.0
20.8,16.1,354.0,4.5,4.4,71.0,55.0
19.0,15.5,461.0,6.9,4.8,63.0,55.0
19.4,16.6,523.0,8.2,5.4,61.0,56.0
22.8,19.8,502.0,9.3,6.5,57.0,57.0
25.2,22.2,436.0,10.7,8.0,52.0,58.0
26.8,23.6,381.0,11.5,8.9,49.0,59.0
27.9,24.4,359.0,11.1,8.5,48.0,60.0
27.7,24.0,348.0,10.1,7.4,50.0,61.0
26.3,22.5,334.0,9.1,6.5,51.0,62.0
25.7,21.7,305.0,8.2,5.9,53.0,63.0
25.5,21.4,273.0,7.4,5.3,55.0,64.0
25.7,21.1,258.0,7.0,5.1,57.0,65.0
24.6,20.3,275.0,7.5,5.2,55.0,66.0
23.1,19.0,310.0,8.5,5.5,53.0,66.0
20.7,17.8,337.0,8.6,6.0,50.0,67.0
24.0,20.8,350.0,7.3,6.6,62.0,68.0
24.7,20.1,356.0,5.5,7.4,78.0,68.0
24.1,18.7,349.0,4.0,8.1,93.0,69.0
24.3,18.6,319.0,3.1,8.5,104.0,70.0
24.4,18.5,275.0,2.4,8.8,113.0,70.0
23.7,18.0,246.0,2.1,9.0,120.0,70.0
21.8,17.0,224.0,1.7,9.0,124.0,70.0
22.0,17.2,216.0,1.6,9.0,126.0,70.0
23.3,18.2,267.0,2.7,9.3,122.0,70.0
22.4,17.8,426.0,6.1,10.2,110.0,70.0
22.5,18.3,644.0,10.7,11.4,93.0,71.0
41.1,34.9,824.0,14.6,13.6,105.0,72.0
52.5,46.4,948.0,21.1,18.0,87.0,74.0
65.4,59.6,1033.0,29.9,24.0,63.0,77.0
71.9,66.8,1030.0,35.3,27.4,45.0,80.0
71.0,66.6,876.0,34.3,25.8,39.0,84.0
65.9,61.9,635.0,29.9,21.5,40.0,87.0
60.1,56.3,450.0,25.9,18.0,41.0,89.0
56.5,53.0,382.0,23.5,16.1,42.0,92.0
55.1,52.0,370.0,21.6,15.0,43.0,94.0
56.5,54.0,373.0,20.3,14.8,44.0,97.0
59.4,57.0,379.0,20.2,15.6,39.0,100.0
59.6,57.7,400.0,20.7,17.3,33.0,104.0
66.1,64.3,435.0,18.3,26.1,52.0,109.0
75.9,74.5,504.0,16.5,32.4,76.0,114.0
71.0,69.8,587.0,14.0,40.9,110.0,119.0
49.7,48.3,619.0,11.4,45.2,140.0,122.0
46.0,44.1,550.0,8.7,41.7,163.0,125.0
46.8,44.0,430.0,5.8,34.1,183.0,128.0
47.3,43.5,342.0,3.9,27.4,196.0,130.0
48.3,43.7,303.0,2.8,23.3,202.0,133.0
49.4,44.0,296.0,2.5,20.1,201.0,137.0
51.6,45.6,348.0,4.3,18.1,192.0,159.0
53.4,47.1,496.0,9.1,17.4,171.0,168.0
57.0,51.8,704.0,15.8,17.9,143.0,169.0
54.5,50.3,889.0,21.1,19.3,114.0,161.0
66.6,61.7,1034.0,28.8,24.6,98.0,148.0
80.1,75.0,1156.0,39.4,32.0,76.0,150.0
95.9,90.6,1227.0,47.5,37.5,57.0,151.0
107.6,102.2,1232.0,50.7,39.3,46.0,152.0
113.9,108.0,1185.0,51.5,39.3,39.0,153.0
118.3,112.0,1102.0,51.5,38.9,34.0,155.0
123.9,117.3,958.0,51.4,38.5,30.0,157.0
126.2,119.7,778.0,50.5,37.8,28.0,159.0
128.1,121.1,649.0,48.7,36.8,27.0,161.0
129.0,122.0,617.0,46.0,35.4,24.0,163.0
126.2,119.7,636.0,42.4,33.8,22.0,165.0
98.5,92.7,662.0,29.0,29.9,44.0,165.0
103.6,99.0,699.0,24.3,31.7,75.0,166.0
90.3,85.2,742.0,17.8,34.1,119.0,167.0
65.4,60.1,735.0,12.2,34.9,155.0,167.0
52.7,48.0,629.0,8.6,32.9,175.0,167.0
49.6,44.7,472.0,5.9,29.3,187.0,167.0
50.4,44.6,355.0,4.2,26.1,195.0,167.0
51.8,45.1,294.0,2.9,23.7,202.0,167.0
53.3,45.9,272.0,2.4,21.6,204.0,167.0
55.5,47.5,331.0,4.4,20.6,198.0,167.0
58.2,49.8,468.0,9.6,20.3,179.0,176.0
61.7,55.1,685.0,17.2,21.0,152.0,175.0
73.1,64.5,1030.0,21.3,22.8,122.0,168.0
84.3,75.4,1684.0,29.4,29.3,108.0,168.0
99.4,90.1,2465.0,40.8,38.4,88.0,169.0
119.2,109.7,2879.0,50.2,45.7,70.0,169.0
138.3,128.5,2610.0,57.2,50.1,54.0,170.0
152.3,142.0,1973.0,62.3,52.7,41.0,171.0
157.4,147.1,1421.0,62.0,52.1,33.0,172.0
151.3,142.0,1097.0,52.1,46.1,37.0,173.0
132.2,123.9,857.0,36.8,36.9,47.0,173.0
120.1,112.2,721.0,25.2,29.9,53.0,173.0
112.5,105.2,745.0,21.6,27.0,48.0,172.0
108.0,101.3,872.0,21.8,26.3,39.0,172.0
111.3,102.9,957.0,21.4,29.0,47.0,172.0
109.7,102.7,947.0,19.5,32.7,71.0,172.0
103.4,95.9,894.0,16.8,37.6,105.0,172.0
84.8,76.1,808.0,13.9,39.4,135.0,173.0
70.1,60.1,666.0,10.4,35.4,159.0,173.0
64.3,53.8,491.0,6.7,28.3,180.0,173.0
59.8,49.1,365.0,4.1,22.7,194.0,174.0
55.8,45.9,303.0,2.5,20.0,201.0,174.0
53.9,44.6,291.0,2.1,18.7,202.0,174.0
53.3,44.7,366.0,4.3,18.5,195.0,174.0
53.8,46.0,535.0,10.3,18.9,176.0,173.0
57.2,51.1,793.0,19.0,20.4,150.0,173.0
68.0,61.0,1158.0,27.2,24.1,118.0,173.0
81.3,74.3,1812.0,37.0,31.8,101.0,173.0
100.8,93.6,2574.0,50.3,42.2,76.0,173.0
120.1,112.9,2920.0,58.2,48.6,58.0,173.0
134.1,127.1,2474.0,56.1,47.5,51.0,173.0
132.2,125.3,1612.0,48.7,42.5,49.0,173.0
114.8,108.5,940.0,40.5,36.8,50.0,172.0
96.2,90.6,713.0,32.1,31.1,53.0,170.0
82.0,76.8,675.0,23.1,24.8,57.0,169.0
70.1,65.4,670.0,16.4,19.9,60.0,167.0
59.6,55.3,649.0,14.1,17.0,57.0,166.0
53.1,48.9,661.0,14.2,15.5,52.0,164.0
87.5,77.1,689.0,16.0,17.4,55.0,164.0
93.1,84.8,752.0,14.3,18.8,77.0,163.0
88.9,78.2,831.0,11.8,20.6,107.0,162.0
87.1,72.9,855.0,9.4,21.8,133.0,162.0
87.8,71.0,776.0,7.0,21.7,152.0,163.0
87.3,69.8,643.0,4.7,21.0,167.0,163.0
86.8,69.2,531.0,3.1,20.1,176.0,164.0
86.4,68.9,451.0,2.1,19.2,179.0,164.0
85.9,68.5,394.0,1.9,18.3,177.0,165.0
84.1,67.1,403.0,3.3,17.4,166.0,166.0
81.5,66.1,541.0,7.5,16.6,142.0,166.0
80.8,69.4,746.0,13.4,15.8,110.0,167.0
83.8,70.8,878.0,18.3,18.5,98.0,167.0
88.2,74.3,861.0,22.6,22.1,88.0,167.0
101.0,86.8,770.0,28.6,27.1,75.0,167.0
112.5,99.2,691.0,32.5,30.3,64.0,167.0
123.9,110.8,659.0,32.9,30.4,57.0,166.0
127.1,113.6,638.0,31.4,28.8,52.0,166.0
119.7,105.5,606.0,29.0,26.8,50.0,166.0
114.1,99.0,540.0,25.4,24.5,51.0,166.0
112.5,95.9,464.0,20.8,21.8,54.0,167.0
110.8,93.6,422.0,17.3,19.6,57.0,167.0
108.0,90.3,441.0,15.9,18.2,56.0,168.0
105.5,87.5,494.0,15.5,17.3,54.0,170.0
109.2,89.6,549.0,16.4,18.4,55.0,170.0
108.5,92.0,610.0,13.5,19.7,80.0,170.0
102.9,83.1,671.0,9.6,21.4,115.0,170.0
96.9,74.3,687.0,6.3,22.2,142.0,170.0
86.1,65.7,614.0,4.4,21.1,154.0,170.0
78.7,60.1,495.0,3.2,19.1,157.0,170.0
74.5,57.0,408.0,2.5,17.5,159.0,170.0
71.7,55.2,370.0,2.0,16.8,162.0,169.0
72.2,55.9,364.0,1.9,16.5,162.0,169.0
72.2,56.1,420.0,3.1,16.2,156.0,168.0
70.3,56.2,601.0,6.6,15.5,137.0,168.0
67.1,56.7,845.0,11.4,14.9,112.0,168.0
108.5,87.8,994.0,28.9,23.3,112.0,168.0
114.8,95.2,958.0,32.1,25.3,97.0,169.0
118.0,101.3,827.0,36.3,28.0,75.0,169.0
115.0,100.4,712.0,37.3,28.7,60.0,169.0
107.8,94.8,659.0,32.3,25.8,56.0,169.0
97.3,85.7,623.0,24.0,21.1,59.0,168.0
85.9,75.2,579.0,17.2,17.1,62.0,167.0
77.5,67.5,510.0,13.4,14.9,65.0,166.0
71.7,61.9,433.0,10.9,13.4,69.0,165.0
67.8,58.0,380.0,9.4,12.4,72.0,164.0
65.4,55.4,365.0,9.2,11.8,71.0,163.0
64.5,54.2,373.0,9.9,11.8,70.0,162.0
84.1,69.4,391.0,10.2,12.9,75.0,162.0
85.9,72.9,429.0,9.1,13.7,86.0,161.0
88.0,73.1,477.0,7.5,14.9,102.0,161.0
94.3,73.8,496.0,6.0,16.1,118.0,161.0
101.0,76.1,457.0,4.7,17.3,133.0,161.0
103.6,75.9,389.0,3.4,18.6,147.0,161.0
107.1,77.1,342.0,2.6,19.4,158.0,162.0
107.6,76.8,312.0,2.0,19.6,165.0,163.0
106.9,77.3,302.0,1.8,19.3,168.0,163.0
106.2,77.5,370.0,3.2,18.8,162.0,164.0
101.7,76.1,600.0,7.5,17.9,141.0,165.0
98.7,77.8,907.0,13.4,16.7,110.0,165.0
118.3,93.6,1093.0,20.4,20.3,100.0,165.0
114.3,95.5,1045.0,20.0,20.6,90.0,165.0
109.4,92.9,877.0,19.4,21.1,77.0,165.0
109.2,92.9,729.0,18.7,21.0,67.0,165.0
110.6,93.8,654.0,17.8,20.0,63.0,165.0
110.6,93.4,599.0,16.8,18.5,61.0,165.0
3.4,2.1,113.0,4.0,2.9,48.0,21.0
4.8,2.8,106.0,3.6,2.7,49.0,21.0
3.9,2.5,102.0,3.3,2.6,50.0,22.0
2.1,1.5,99.0,3.2,2.6,50.0,22.0
1.6,1.2,97.0,3.2,2.7,50.0,22.0
2.2,1.8,103.0,3.8,2.3,50.0,23.0
2.5,1.9,124.0,4.4,2.4,48.0,23.0
3.8,2.6,153.0,5.2,2.6,45.0,23.0
6.5,4.0,171.0,5.5,2.8,44.0,22.0
10.9,6.2,166.0,4.9,3.0,46.0,22.0
13.9,7.1,150.0,3.8,3.1,51.0,22.0
15.1,6.7,137.0,3.0,3.2,54.0,22.0
8.2,5.0,130.0,2.7,3.1,56.0,23.0
5.7,4.0,126.0,2.6,3.0,57.0,23.0
4.0,2.5,128.0,2.9,2.8,56.0,24.0
4.7,3.0,141.0,3.8,2.6,53.0,24.0
3.9,2.8,160.0,5.0,2.3,49.0,24.0
45.1,19.9,174.0,5.6,3.3,52.0,25.0
43.1,21.7,179.0,6.5,3.9,52.0,25.0
32.2,18.1,178.0,7.7,4.6,51.0,29.0
15.7,9.9,173.0,8.2,5.0,50.0,31.0
4.7,3.6,162.0,7.2,4.6,49.0,31.0
2.2,1.8,148.0,5.5,3.8,47.0,31.0
2.0,1.5,134.0,4.1,3.0,46.0,31.0
1.3,1.1,123.0,3.3,2.4,46.0,31.0
0.9,0.8,112.0,2.9,1.9,46.0,30.0
0.8,0.7,105.0,2.7,1.5,46.0,30.0
0.8,0.8,100.0,2.6,1.2,46.0,30.0
0.9,0.9,98.0,2.7,1.0,45.0,30.0
4.7,2.7,104.0,3.1,2.3,44.0,30.0
5.5,3.0,126.0,3.9,2.6,43.0,30.0
7.6,4.3,155.0,5.0,3.0,43.0,31.0
7.5,4.4,171.0,5.8,3.4,43.0,31.0
6.7,4.4,161.0,6.0,3.8,45.0,30.0
5.0,3.4,139.0,5.9,4.1,48.0,29.0
3.9,3.3,124.0,5.8,4.2,51.0,29.0
3.1,2.7,125.0,5.6,4.0,53.0,28.0
3.5,2.6,134.0,5.5,3.6,54.0,28.0
3.4,2.7,146.0,5.5,3.3,54.0,28.0
3.2,2.5,161.0,6.0,3.3,53.0,28.0
2.9,2.4,179.0,6.6,3.5,51.0,28.0
6.5,3.3,191.0,6.2,3.1,48.0,24.0
6.4,4.1,192.0,6.8,3.5,48.0,24.0
8.8,5.3,186.0,7.6,4.0,47.0,24.0
7.7,4.9,178.0,7.9,4.3,48.0,23.0
5.2,3.7,168.0,7.4,4.3,51.0,23.0
4.2,3.2,157.0,6.3,4.2,54.0,23.0
3.4,2.5,145.0,5.4,3.9,56.0,23.0
1.9,1.6,134.0,4.7,3.4,54.0,24.0
1.4,1.3,122.0,4.0,2.7,51.0,24.0
1.1,1.1,114.0,3.5,2.2,48.0,24.0
1.1,1.0,109.0,3.0,1.9,48.0,24.0
0.8,0.8,106.0,2.6,1.8,49.0,24.0
4.8,2.8,109.0,3.2,3.0,49.0,24.0
5.5,3.3,122.0,4.2,3.4,46.0,23.0
5.7,3.8,141.0,5.6,3.8,41.0,22.0
4.6,3.3,152.0,6.3,4.2,40.0,22.0
7.5,4.2,149.0,5.5,4.3,46.0,21.0
11.1,5.7,139.0,4.0,4.3,55.0,22.0
14.2,6.9,132.0,3.1,4.3,61.0,22.0
12.5,6.6,134.0,3.1,4.2,61.0,23.0
11.9,7.3,139.0,3.7,4.0,59.0,24.0
11.5,6.7,145.0,4.8,4.1,55.0,24.0
9.7,6.2,149.0,6.9,4.9,51.0,25.0
7.2,4.8,154.0,9.5,5.9,45.0,25.0
11.4,6.5,160.0,7.1,3.8,51.0,25.0
7.8,5.7,170.0,8.3,4.6,46.0,25.0
5.3,4.5,182.0,9.9,5.7,39.0,24.0
4.8,3.9,186.0,10.9,6.5,33.0,23.0
6.2,4.4,176.0,11.0,6.9,30.0,23.0
8.1,5.1,158.0,10.5,7.0,29.0,23.0
10.8,6.1,141.0,9.7,6.8,28.0,24.0
8.8,4.8,125.0,8.4,6.2,28.0,25.0
5.2,3.0,110.0,6.8,5.3,29.0,25.0
3.1,1.9,99.0,5.5,4.6,30.0,25.0
3.8,2.0,95.0,4.7,4.1,31.0,26.0
4.3,2.2,96.0,4.3,3.7,32.0,26.0
8.3,3.4,102.0,4.2,3.7,32.0,26.0
8.0,3.5,119.0,4.5,4.0,34.0,26.0
11.0,4.6,142.0,4.8,4.4,36.0,26.0
16.5,6.9,155.0,4.8,4.7,40.0,27.0
17.8,8.1,149.0,4.0,4.6,47.0,28.0
19.1,8.5,134.0,2.9,4.3,55.0,29.0
20.0,8.8,123.0,2.1,4.1,60.0,29.0
17.2,7.8,120.0,2.0,4.0,61.0,29.0
14.6,7.0,120.0,2.2,4.1,60.0,29.0
12.8,6.8,123.0,2.6,4.1,58.0,29.0
14.3,7.2,128.0,3.0,4.1,56.0,30.0
16.3,8.1,135.0,3.7,4.1,54.0,30.0
26.4,12.3,143.0,4.4,4.3,52.0,32.0
25.7,12.6,154.0,6.8,5.0,46.0,33.0
24.7,13.0,167.0,10.0,6.1,38.0,35.0
21.8,12.0,172.0,11.9,6.7,33.0,37.0
17.3,10.3,166.0,11.2,6.7,32.0,38.0
13.0,8.1,153.0,9.1,6.3,34.0,39.0
8.8,5.0,140.0,7.3,5.8,35.0,39.0
6.4,3.7,128.0,6.2,5.3,36.0,39.0
4.8,3.0,116.0,5.3,4.9,36.0,39.0
4.6,2.4,107.0,4.7,4.5,36.0,39.0
4.3,2.3,102.0,4.4,4.4,35.0,39.0
4.8,2.4,101.0,4.5,4.4,34.0,39.0
6.4,3.3,105.0,4.7,4.5,35.0,39.0
5.7,3.4,119.0,4.8,4.6,36.0,39.0
6.3,3.3,138.0,4.8,4.7,38.0,38.0
10.6,4.8,149.0,4.6,4.7,41.0,38.0
17.6,7.3,144.0,3.8,4.5,48.0,38.0
23.6,9.4,132.0,2.7,4.2,56.0,38.0
26.4,10.4,123.0,1.9,4.0,63.0,38.0
27.8,11.1,121.0,1.6,3.8,67.0,39.0
28.1,11.4,123.0,1.5,3.6,68.0,40.0
28.8,12.0,126.0,1.8,3.6,68.0,41.0
28.5,12.1,129.0,2.3,3.7,65.0,43.0
30.4,12.7,134.0,3.1,3.8,59.0,44.0
31.5,12.2,142.0,4.1,3.8,55.0,44.0
26.7,11.2,157.0,5.8,4.6,49.0,43.0
23.1,10.7,175.0,8.1,5.7,42.0,43.0
20.8,10.3,183.0,9.7,6.5,36.0,42.0
18.9,10.1,173.0,9.9,6.7,34.0,42.0
17.0,9.4,154.0,9.2,6.6,34.0,43.0
14.2,7.3,136.0,8.4,6.4,34.0,43.0
10.6,5.9,123.0,7.4,5.9,35.0,44.0
8.3,4.3,111.0,6.1,5.3,36.0,44.0
7.4,3.7,102.0,5.1,4.8,37.0,44.0
8.7,3.7,97.0,4.5,4.5,38.0,45.0
8.4,3.7,95.0,4.1,4.3,39.0,45.0
9.9,4.5,99.0,3.9,3.9,39.0,45.0
9.4,4.1,112.0,4.4,4.1,38.0,45.0
11.1,4.5,131.0,5.1,4.4,38.0,46.0
12.8,5.5,142.0,5.3,4.5,40.0,46.0
22.4,8.5,140.0,4.4,4.3,47.0,46.0
44.1,14.4,131.0,2.9,3.9,56.0,47.0
36.7,12.6,123.0,1.8,3.6,62.0,48.0
37.7,13.1,120.0,1.5,3.4,64.0,48.0
35.5,12.8,118.0,1.6,3.3,63.0,48.0
32.9,11.8,119.0,1.9,3.2,62.0,48.0
26.9,11.0,125.0,2.2,3.2,61.0,48.0
24.2,10.5,134.0,2.7,3.3,59.0,48.0
28.2,11.0,143.0,4.0,3.6,53.0,47.0
22.9,9.9,155.0,5.7,4.3,48.0,47.0
20.7,10.0,167.0,8.1,5.2,41.0,47.0
20.7,10.3,171.0,9.6,5.8,36.0,47.0
19.2,9.6,160.0,9.6,6.0,34.0,47.0
18.0,9.4,142.0,8.9,5.9,34.0,47.0
14.3,7.7,125.0,7.9,5.7,35.0,47.0
10.0,5.5,114.0,6.8,5.3,36.0,47.0
8.9,4.3,105.0,5.5,4.7,37.0,47.0
8.4,4.0,99.0,4.5,4.2,38.0,47.0
8.0,4.0,96.0,4.0,3.9,38.0,47.0
7.5,3.8,95.0,3.8,3.8,38.0,47.0
9.3,4.4,97.0,4.1,3.9,38.0,47.0
10.7,4.6,104.0,4.0,4.1,39.0,47.0
12.4,5.5,113.0,3.9,4.4,42.0,47.0
19.2,7.5,119.0,3.6,4.5,45.0,48.0
24.9,9.4,117.0,2.9,4.3,51.0,48.0
29.1,10.6,112.0,2.0,3.9,58.0,47.0
29.5,10.9,108.0,1.4,3.6,63.0,47.0
29.5,10.9,107.0,1.2,3.4,64.0,46.0
29.2,10.7,108.0,1.2,3.2,64.0,46.0
39.5,13.0,109.0,1.3,3.1,62.0,46.0
29.6,10.5,111.0,1.5,3.0,60.0,46.0
29.1,10.5,113.0,1.7,3.1,57.0,46.0
33.6,12.7,117.0,2.5,3.2,52.0,46.0
25.2,10.6,124.0,3.8,3.8,48.0,46.0
18.9,9.1,132.0,5.6,4.7,42.0,46.0
17.3,8.6,136.0,6.8,5.3,38.0,46.0
17.8,9.1,133.0,7.0,5.5,36.0,46.0
17.5,9.1,126.0,6.8,5.4,36.0,46.0
15.4,8.0,119.0,6.3,5.3,36.0,46.0
12.5,6.4,111.0,5.7,5.0,36.0,46.0
10.0,5.1,103.0,4.9,4.7,37.0,46.0
8.4,4.4,97.0,4.3,4.4,38.0,46.0
7.6,4.1,94.0,4.0,4.2,38.0,46.0
7.1,4.1,93.0,4.0,4.1,38.0,46.0
5.3,3.4,98.0,4.3,4.2,37.0,46.0
5.4,3.7,116.0,4.5,4.5,39.0,46.0
6.4,4.7,141.0,4.6,4.9,41.0,46.0
8.8,5.9,155.0,4.5,5.1,46.0,45.0
11.6,7.2,150.0,3.7,4.8,54.0,45.0
13.8,8.3,135.0,2.6,4.3,64.0,44.0
15.8,9.1,123.0,1.7,3.8,71.0,44.0
17.5,9.8,119.0,1.4,3.5,74.0,44.0
19.3,10.7,119.0,1.3,3.2,74.0,44.0
20.6,11.3,121.0,1.5,3.1,73.0,43.0
20.3,11.1,125.0,1.8,3.0,71.0,43.0
20.0,11.1,132.0,2.2,3.0,68.0,43.0
31.5,16.9,142.0,3.2,3.5,66.0,44.0
29.5,16.6,158.0,4.9,4.1,59.0,46.0
25.6,15.5,178.0,7.3,5.0,50.0,47.0
23.0,14.6,188.0,9.1,5.8,42.0,49.0
19.8,13.0,183.0,10.1,6.4,38.0,50.0
18.2,12.4,169.0,10.5,6.8,35.0,50.0
16.2,11.3,154.0,10.2,6.9,34.0,50.0
14.2,9.5,137.0,8.7,6.3,35.0,51.0
10.1,7.0,119.0,6.5,5.4,38.0,51.0
7.3,4.9,106.0,4.8,4.7,40.0,51.0
6.9,4.3,100.0,4.2,4.4,41.0,51.0
7.7,4.7,98.0,4.1,4.3,41.0,51.0
8.9,5.7,104.0,5.0,5.0,40.0,51.0
10.7,6.8,124.0,5.0,5.0,41.0,51.0
15.0,9.0,151.0,5.0,5.0,43.0,52.0
19.2,11.4,167.0,4.7,5.0,48.0,52.0
23.7,14.1,160.0,3.9,4.9,57.0,53.0
26.8,15.8,142.0,2.7,4.7,69.0,53.0
28.4,16.8,128.0,1.9,4.5,78.0,54.0
30.5,17.6,124.0,1.5,4.2,83.0,54.0
31.3,17.9,124.0,1.4,3.8,85.0,55.0
32.1,17.8,126.0,1.6,3.6,84.0,55.0
33.5,17.6,131.0,1.9,3.5,80.0,56.0
35.2,17.7,139.0,2.5,3.4,74.0,57.0
34.6,18.2,148.0,4.6,4.2,65.0,57.0
37.3,18.7,159.0,6.2,4.9,58.0,57.0
36.8,18.9,172.0,8.4,5.9,48.0,57.0
34.2,18.2,180.0,10.0,6.7,41.0,57.0
32.9,17.7,182.0,10.5,7.1,38.0,58.0
31.7,16.4,179.0,10.4,7.4,37.0,58.0
28.5,14.6,171.0,10.0,7.4,36.0,58.0
25.0,12.5,154.0,9.1,7.1,36.0,59.0
19.3,9.9,133.0,8.0,6.6,37.0,59.0
14.0,7.2,117.0,7.1,6.2,37.0,59.0
11.0,5.7,111.0,6.9,6.0,36.0,59.0
9.6,5.2,112.0,7.0,5.8,34.0,59.0
14.1,6.9,116.0,6.5,5.5,35.0,59.0
20.0,9.0,128.0,6.5,5.4,36.0,59.0
24.8,10.5,143.0,6.4,5.4,39.0,59.0
23.2,10.8,153.0,5.9,5.2,43.0,59.0
20.8,10.3,150.0,4.7,4.9,52.0,59.0
17.4,9.0,141.0,3.2,4.5,63.0,59.0
19.3,9.7,134.0,2.2,4.2,70.0,58.0
20.5,10.0,133.0,2.0,4.0,72.0,57.0
23.7,9.8,135.0,2.3,3.8,70.0,57.0
20.4,9.4,139.0,2.7,3.7,67.0,56.0
21.2,9.7,147.0,3.0,3.5,64.0,56.0
16.2,7.6,158.0,3.4,3.4,60.0,55.0
24.4,11.7,169.0,5.8,4.3,59.0,54.0
22.1,11.3,180.0,7.4,4.9,54.0,54.0
19.2,11.0,190.0,9.5,5.8,47.0,53.0
17.2,10.0,196.0,11.3,6.6,41.0,52.0
16.1,9.7,194.0,12.4,7.3,37.0,52.0
16.0,10.1,188.0,13.0,8.1,35.0,51.0
15.7,10.3,181.0,13.3,8.5,33.0,51.0
15.3,10.2,173.0,13.0,8.5,32.0,51.0
15.4,10.1,164.0,12.3,8.3,32.0,51.0
15.8,9.8,156.0,11.6,8.1,32.0,51.0
15.6,9.5,148.0,10.9,8.1,32.0,51.0
15.3,9.4,141.0,10.2,8.0,31.0,52.0
9.8,5.4,138.0,6.1,5.5,39.0,51.0
9.2,5.3,145.0,6.0,5.6,40.0,51.0
9.5,5.2,156.0,5.8,5.7,41.0,51.0
10.6,5.6,163.0,5.3,5.6,45.0,50.0
15.4,7.1,159.0,4.3,5.3,54.0,50.0
20.2,9.2,151.0,2.9,4.7,65.0,50.0
24.2,11.0,144.0,2.0,4.3,72.0,50.0
23.7,11.3,141.0,1.7,3.9,73.0,50.0
22.7,10.8,140.0,1.9,3.6,69.0,50.0
23.1,10.0,141.0,2.3,3.5,66.0,50.0
22.9,10.0,145.0,3.0,3.7,64.0,50.0
23.3,10.9,151.0,4.0,4.2,62.0,51.0
27.8,14.3,160.0,5.4,4.9,60.0,51.0
23.7,12.9,175.0,7.1,5.5,54.0,51.0
18.9,10.7,192.0,9.5,6.4,45.0,51.0
16.9,10.2,201.0,11.2,7.1,38.0,51.0
14.8,8.8,197.0,11.7,7.5,35.0,51.0
12.9,7.9,185.0,11.5,7.8,33.0,51.0
12.5,8.1,174.0,11.0,7.9,32.0,51.0
11.6,7.6,165.0,10.2,7.7,32.0,50.0
10.9,7.0,156.0,9.1,7.3,32.0,50.0
8.8,5.4,148.0,8.1,7.0,33.0,49.0
6.5,4.3,141.0,7.5,6.8,33.0,48.0
4.8,3.4,137.0,7.1,6.6,32.0,47.0
6.6,4.3,136.0,7.5,6.9,32.0,47.0
6.6,4.5,144.0,7.4,6.6,33.0,46.0
6.4,4.0,157.0,7.1,6.3,35.0,46.0
7.3,4.6,164.0,6.6,5.9,38.0,46.0
10.0,5.8,157.0,5.6,5.6,45.0,46.0
13.3,7.3,144.0,4.3,5.3,53.0,45.0
16.1,8.6,135.0,3.3,5.0,59.0,45.0
16.1,8.4,134.0,2.8,4.6,61.0,44.0
17.1,8.5,136.0,2.6,4.2,60.0,43.0
15.7,7.9,140.0,3.0,4.0,59.0,43.0
16.5,8.8,146.0,4.0,4.3,57.0,43.0
17.3,9.4,154.0,5.6,4.9,55.0,42.0
17.0,10.0,162.0,6.2,4.5,51.0,41.0
14.4,8.9,172.0,8.3,5.2,46.0,40.0
14.8,9.2,183.0,11.0,6.1,38.0,40.0
13.5,9.2,189.0,12.7,6.7,33.0,40.0
13.6,9.1,187.0,12.1,6.8,32.0,40.0
11.4,7.4,179.0,10.5,6.7,34.0,40.0
9.8,6.3,169.0,9.1,6.5,35.0,39.0
8.9,5.7,153.0,8.6,6.4,34.0,39.0
7.7,5.0,135.0,8.4,6.3,33.0,38.0
8.1,5.3,122.0,8.3,6.3,32.0,38.0
8.2,5.5,118.0,8.1,6.5,31.0,39.0
8.7,5.7,120.0,8.0,6.8,31.0,39.0
4.6,3.3,125.0,6.3,5.8,34.0,39.0
4.4,3.3,135.0,6.0,5.6,36.0,39.0
5.0,3.6,147.0,5.6,5.3,39.0,39.0
6.7,3.9,154.0,5.2,5.1,43.0,38.0
9.7,5.5,149.0,4.6,5.0,48.0,38.0
12.5,6.7,137.0,4.0,4.9,52.0,38.0
13.5,7.6,129.0,3.6,4.8,56.0,38.0
14.2,7.8,128.0,3.4,4.5,58.0,38.0
15.4,8.1,131.0,3.5,4.3,58.0,38.0
14.6,7.8,135.0,4.0,4.2,56.0,38.0
14.2,8.0,140.0,5.1,4.5,52.0,38.0
14.0,8.4,148.0,6.6,5.0,47.0,37.0
10.6,6.5,158.0,8.7,4.8,42.0,37.0
10.0,6.7,175.0,10.2,5.3,38.0,36.0
9.1,6.6,196.0,12.1,5.9,33.0,35.0
7.0,5.5,208.0,13.3,6.3,29.0,35.0
5.3,4.5,206.0,13.0,6.3,28.0,33.0
3.5,3.2,197.0,11.8,6.2,29.0,33.0
3.0,2.9,183.0,10.7,6.0,30.0,32.0
2.7,2.6,164.0,9.9,5.9,30.0,31.0
2.4,2.3,142.0,9.2,5.8,31.0,30.0
2.3,2.2,125.0,8.5,5.8,31.0,30.0
2.1,2.0,118.0,7.9,5.8,32.0,29.0
2.2,2.1,118.0,7.3,5.8,33.0,28.0
2.8,1.9,120.0,5.5,5.0,37.0,28.0
3.7,2.4,127.0,5.7,5.0,37.0,27.0
6.4,3.8,137.0,5.9,5.1,37.0,28.0
9.7,4.8,142.0,5.7,5.1,38.0,28.0
12.0,5.3,137.0,4.9,5.0,42.0,28.0
15.7,6.7,128.0,3.7,4.8,47.0,28.0
17.2,7.5,122.0,2.8,4.6,52.0,28.0
15.0,6.7,124.0,2.2,4.2,55.0,27.0
10.8,5.1,130.0,1.7,3.7,58.0,27.0
8.6,4.6,135.0,1.9,3.4,58.0,26.0
5.8,3.5,136.0,3.1,3.2,54.0,25.0
5.9,3.9,136.0,4.9,3.2,47.0,24.0
6.9,4.3,140.0,8.2,3.6,35.0,24.0
5.4,4.1,153.0,8.8,4.3,34.0,23.0
4.7,3.7,170.0,9.5,5.3,34.0,22.0
4.1,3.6,180.0,9.9,6.1,33.0,22.0
4.2,3.8,176.0,9.6,6.5,33.0,22.0
4.5,4.1,165.0,8.9,6.6,34.0,22.0
4.1,3.6,153.0,8.1,6.6,34.0,22.0
3.6,2.8,141.0,7.4,6.4,34.0,22.0
2.9,2.2,127.0,6.6,5.9,34.0,22.0
2.3,1.9,118.0,6.0,5.6,34.0,22.0
1.8,1.6,114.0,5.6,5.4,34.0,22.0
2.0,1.8,115.0,5.4,5.3,34.0,22.0
2.0,1.8,121.0,5.1,4.6,36.0,22.0
2.2,1.8,139.0,5.2,4.6,37.0,22.0
3.8,2.7,163.0,5.4,4.6,38.0,21.0
5.3,3.3,177.0,5.2,4.5,41.0,21.0
7.5,4.1,169.0,4.4,4.4,47.0,21.0
9.1,4.5,150.0,3.3,4.3,54.0,20.0
9.3,4.7,137.0,2.4,4.2,60.0,20.0
9.0,4.4,134.0,1.9,3.9,63.0,22.0
12.6,5.4,137.0,1.7,3.6,63.0,23.0
12.8,6.0,143.0,2.0,3.4,62.0,25.0
10.4,5.7,155.0,2.9,3.3,57.0,26.0
8.2,5.2,171.0,4.4,3.3,51.0,26.0
10.4,5.9,183.0,6.5,3.4,45.0,26.0
9.1,5.6,187.0,8.0,3.9,41.0,26.0
6.8,5.0,188.0,9.9,4.7,36.0,24.0
7.3,5.7,187.0,10.9,5.2,33.0,22.0
7.5,5.1,187.0,10.0,5.2,34.0,22.0
6.0,4.2,186.0,8.2,5.0,36.0,22.0
4.9,3.6,178.0,6.6,4.8,38.0,22.0
4.5,3.3,157.0,5.7,4.5,39.0,22.0
3.6,2.6,130.0,5.1,4.2,39.0,22.0
4.1,2.8,111.0,4.7,4.0,39.0,22.0
3.7,2.5,104.0,4.4,3.9,39.0,23.0
4.0,2.7,105.0,4.2,3.8,39.0,23.0
5.3,3.0,115.0,3.7,3.1,40.0,23.0
4.5,2.6,144.0,4.7,3.5,40.0,23.0
4.7,3.2,182.0,6.0,4.0,39.0,23.0
6.7,4.0,203.0,6.7,4.4,40.0,24.0
10.0,5.8,192.0,6.2,4.5,43.0,24.0
12.4,7.0,164.0,5.1,4.4,48.0,25.0
16.1,8.4,142.0,4.3,4.3,51.0,25.0
17.5,9.2,133.0,4.1,4.1,51.0,27.0
15.0,7.9,129.0,4.1,4.0,49.0,27.0
7.8,4.5,133.0,4.5,3.8,47.0,27.0
5.8,3.7,151.0,5.4,3.7,44.0,26.0
7.5,4.4,176.0,6.7,3.7,41.0,26.0
10.4,6.0,191.0,8.9,4.0,39.0,26.0
8.5,5.1,187.0,8.8,4.2,39.0,26.0
6.4,4.2,173.0,8.6,4.4,38.0,26.0
5.6,3.9,160.0,8.3,4.6,38.0,25.0
5.5,3.8,153.0,7.7,4.7,38.0,25.0
4.1,3.0,147.0,7.0,4.6,38.0,25.0
3.0,2.4,139.0,6.3,4.5,38.0,25.0
2.4,1.8,126.0,5.5,4.2,38.0,24.0
2.5,1.8,111.0,4.7,3.8,39.0,24.0
2.5,1.7,101.0,4.1,3.4,39.0,24.0
1.6,1.3,97.0,3.6,3.1,39.0,23.0
1.1,1.0,99.0,3.4,2.9,39.0,23.0
4.3,2.4,106.0,2.9,2.4,41.0,23.0
4.7,2.5,126.0,4.0,2.8,39.0,23.0
5.8,3.4,153.0,5.4,3.3,37.0,23.0
6.7,4.2,168.0,6.4,3.8,36.0,23.0
7.9,5.3,160.0,6.3,4.1,39.0,23.0
8.8,5.9,141.0,5.7,4.4,44.0,23.0
8.6,5.9,126.0,5.4,4.5,47.0,22.0
6.0,4.0,121.0,5.6,4.3,46.0,21.0
5.4,3.5,120.0,6.1,4.0,43.0,20.0
4.8,3.5,124.0,6.5,3.7,41.0,20.0
3.4,2.8,135.0,6.8,3.5,40.0,19.0
6.6,3.5,151.0,7.1,3.4,40.0,20.0
21.1,8.6,160.0,7.3,3.4,39.0,20.0
16.9,7.6,157.0,6.9,3.4,40.0,20.0
12.7,6.1,147.0,6.4,3.4,42.0,21.0
12.2,5.9,138.0,5.8,3.3,44.0,21.0
9.2,4.8,133.0,5.2,3.1,45.0,22.0
5.9,3.2,129.0,4.5,2.9,46.0,22.0
7.5,3.5,125.0,3.9,2.7,48.0,22.0
7.4,3.4,118.0,3.3,2.5,51.0,22.0
9.7,4.1,111.0,2.8,2.3,54.0,23.0
12.8,5.3,106.0,2.5,2.1,56.0,24.0
16.0,6.7,103.0,2.3,2.0,56.0,25.0
18.6,7.8,101.0,2.2,1.9,55.0,26.0
44.6,16.9,104.0,2.4,2.0,57.0,30.0
36.2,15.3,114.0,3.3,2.2,57.0,33.0
43.3,18.2,127.0,4.5,2.6,56.0,36.0
44.2,19.5,137.0,5.5,2.8,54.0,40.0
35.2,17.0,140.0,6.0,2.9,51.0,42.0
16.8,9.4,139.0,6.3,2.9,47.0,43.0
4.5,3.2,139.0,6.4,2.9,43.0,43.0
1.8,1.7,142.0,6.2,2.8,40.0,42.0
3.7,2.9,146.0,5.7,2.7,38.0,42.0
2.6,2.3,150.0,5.4,2.6,37.0,42.0
2.3,2.0,155.0,5.3,2.4,37.0,41.0
2.8,1.9,161.0,5.4,2.2,37.0,41.0
11.3,5.7,162.0,6.7,2.7,34.0,40.0
7.6,4.3,155.0,6.5,2.7,35.0,40.0
6.0,3.6,144.0,6.2,2.8,36.0,39.0
8.1,4.3,135.0,5.9,2.9,37.0,39.0
7.5,4.0,130.0,5.5,3.0,38.0,38.0
6.0,3.4,126.0,5.1,3.2,38.0,39.0
6.4,3.4,121.0,4.6,3.2,39.0,38.0
6.2,3.1,113.0,4.0,3.0,39.0,38.0
5.4,2.7,105.0,3.4,2.7,40.0,38.0
5.2,2.7,99.0,2.9,2.4,40.0,38.0
4.3,2.3,96.0,2.6,2.3,40.0,36.0
4.4,2.3,95.0,2.5,2.2,39.0,35.0
5.6,2.7,101.0,2.4,2.0,38.0,32.0
4.6,2.3,119.0,3.1,2.3,38.0,29.0
6.2,3.3,142.0,3.9,2.7,38.0,25.0
8.3,4.4,157.0,4.3,2.9,39.0,22.0
5.9,3.1,154.0,3.7,2.8,43.0,19.0
5.9,3.2,142.0,2.7,2.7,47.0,19.0
8.2,4.3,132.0,1.9,2.5,51.0,19.0
10.3,5.0,126.0,1.6,2.5,53.0,20.0
8.2,3.9,122.0,1.6,2.5,54.0,21.0
8.1,4.6,122.0,2.0,2.5,53.0,22.0
7.3,4.0,130.0,2.9,2.6,50.0,23.0
7.1,4.0,142.0,4.2,2.7,46.0,23.0
14.0,7.5,150.0,5.1,3.1,41.0,23.0
12.9,7.3,151.0,5.9,3.4,39.0,22.0
10.6,6.4,147.0,7.0,3.9,36.0,22.0
9.7,6.1,143.0,7.6,4.2,34.0,22.0
8.4,5.5,139.0,7.4,4.3,33.0,23.0
6.2,4.3,135.0,6.8,4.2,33.0,23.0
5.2,3.6,129.0,6.2,4.1,33.0,23.0
4.8,3.2,121.0,5.6,4.0,33.0,23.0
4.1,2.8,112.0,5.0,3.8,33.0,23.0
3.1,2.2,105.0,4.5,3.6,33.0,23.0
3.4,2.4,101.0,4.3,3.4,32.0,23.0
4.1,2.8,99.0,4.2,3.3,31.0,23.0
4.5,2.4,104.0,3.6,3.2,35.0,23.0
4.5,2.5,121.0,4.3,3.5,35.0,23.0
5.0,3.2,144.0,5.3,3.9,35.0,23.0
3.8,2.9,157.0,5.6,4.1,36.0,22.0
5.6,3.5,152.0,4.7,3.8,40.0,23.0
8.0,3.5,137.0,3.2,3.3,47.0,23.0
11.3,4.4,126.0,2.1,2.9,51.0,23.0
10.2,4.5,123.0,1.7,2.7,53.0,23.0
11.9,5.4,122.0,1.7,2.7,53.0,23.0
10.6,4.8,124.0,2.0,2.7,52.0,23.0
10.3,5.1,127.0,2.7,2.9,52.0,23.0
11.2,6.4,132.0,3.7,3.1,51.0,24.0
23.4,12.0,139.0,3.9,3.3,48.0,25.0
24.1,12.3,150.0,6.6,4.0,42.0,26.0
22.1,11.3,162.0,10.2,4.9,34.0,27.0
14.7,8.8,170.0,12.5,5.6,28.0,28.0
7.6,5.3,170.0,12.4,5.9,27.0,28.0
4.6,3.6,165.0,11.0,6.0,28.0,28.0
3.7,3.0,156.0,9.6,5.9,30.0,27.0
3.1,2.5,142.0,8.5,5.6,31.0,27.0
2.7,2.2,125.0,7.4,5.2,32.0,27.0
2.3,1.9,112.0,6.4,4.8,33.0,27.0
2.5,1.7,108.0,5.7,4.5,34.0,27.0
3.0,1.9,108.0,5.1,4.2,36.0,27.0
5.7,3.1,112.0,4.5,3.9,41.0,27.0
4.6,3.0,121.0,4.5,4.1,42.0,27.0
5.6,3.6,134.0,4.4,4.5,43.0,27.0
9.9,5.0,141.0,4.1,4.6,46.0,27.0
20.5,9.1,137.0,3.4,4.4,50.0,29.0
23.7,10.2,128.0,2.4,4.0,56.0,30.0
22.1,9.3,120.0,1.7,3.7,60.0,31.0
24.7,9.2,116.0,1.5,3.5,63.0,33.0
21.5,8.9,113.0,1.5,3.4,65.0,33.0
17.6,8.6,113.0,1.9,3.3,65.0,34.0
13.9,7.2,117.0,2.6,3.2,62.0,35.0
13.6,7.2,123.0,3.6,3.3,58.0,35.0
21.6,10.9,131.0,2.8,3.3,54.0,35.0
20.4,11.0,141.0,4.7,4.1,49.0,34.0
15.8,9.2,152.0,7.2,5.1,42.0,34.0
11.4,7.7,159.0,9.0,5.9,37.0,34.0
7.6,5.9,159.0,9.4,6.2,35.0,34.0
5.6,4.7,155.0,9.0,6.2,35.0,34.0
4.9,4.0,149.0,8.4,6.1,35.0,34.0
3.8,3.0,139.0,7.5,5.8,36.0,34.0
3.1,2.3,126.0,6.4,5.4,38.0,34.0
2.9,2.2,116.0,5.5,5.0,39.0,34.0
2.6,1.8,111.0,5.1,4.8,39.0,34.0
2.7,1.8,109.0,4.9,4.6,39.0,34.0
2.0,1.6,113.0,3.9,3.9,44.0,34.0
3.5,2.4,130.0,4.3,4.2,45.0,34.0
5.4,3.2,154.0,4.8,4.6,46.0,34.0
6.3,3.3,167.0,4.9,4.7,48.0,33.0
8.3,3.6,160.0,4.1,4.3,51.0,32.0
10.3,4.3,142.0,3.0,3.7,56.0,31.0
12.4,4.8,129.0,2.2,3.2,59.0,30.0
10.6,4.4,126.0,2.1,3.1,61.0,29.0
13.1,6.2,127.0,2.5,3.3,63.0,28.0
10.7,5.5,131.0,2.9,3.4,63.0,27.0
7.1,4.0,136.0,3.2,3.4,61.0,27.0
7.9,3.7,144.0,3.6,3.4,57.0,27.0
18.3,7.8,152.0,4.3,3.7,53.0,27.0
16.5,8.3,163.0,6.3,4.4,49.0,27.0
15.0,8.4,176.0,8.9,5.3,43.0,26.0
13.2,7.9,183.0,10.8,6.0,38.0,25.0
11.4,7.0,182.0,11.2,6.5,36.0,25.0
9.8,6.2,176.0,10.8,6.8,36.0,25.0
9.9,6.0,166.0,10.1,6.8,36.0,25.0
9.3,5.1,151.0,9.1,6.4,36.0,26.0
8.5,4.6,133.0,7.7,5.9,37.0,26.0
7.2,4.1,120.0,6.6,5.4,38.0,27.0
5.6,2.9,113.0,6.0,5.3,38.0,27.0
4.5,2.6,111.0,5.7,5.3,38.0,27.0
5.4,3.2,115.0,5.4,4.8,41.0,28.0
4.6,3.0,131.0,5.4,4.7,42.0,28.0
4.5,2.8,154.0,5.3,4.6,42.0,28.0
5.9,3.2,166.0,5.0,4.5,45.0,28.0
10.4,4.5,157.0,4.2,4.4,50.0,28.0
18.3,7.2,138.0,3.2,4.4,58.0,29.0
24.4,9.1,127.0,2.4,4.3,63.0,30.0
26.1,9.7,133.0,2.1,4.1,66.0,31.0
24.3,8.7,147.0,2.0,3.9,68.0,31.0
20.4,8.6,156.0,2.3,3.8,67.0,32.0
16.2,7.9,153.0,3.0,3.7,62.0,33.0
10.8,5.8,147.0,4.1,3.7,55.0,33.0
19.5,9.7,145.0,4.8,4.0,51.0,34.0
19.2,10.2,156.0,6.8,4.6,46.0,34.0
18.9,10.2,173.0,9.6,5.5,38.0,35.0
18.9,10.1,183.0,11.3,6.1,33.0,35.0
18.2,9.5,181.0,11.1,6.3,32.0,36.0
15.8,8.4,171.0,10.0,6.3,34.0,36.0
11.8,6.5,159.0,8.8,6.2,35.0,36.0
7.2,4.3,143.0,8.0,6.1,35.0,36.0
4.8,3.3,124.0,7.2,5.8,35.0,36.0
4.5,2.9,110.0,6.5,5.6,35.0,36.0
5.0,3.0,103.0,6.0,5.4,35.0,36.0
4.4,2.8,102.0,5.6,5.1,35.0,36.0
6.2,3.0,109.0,5.4,4.7,36.0,36.0
4.8,2.6,132.0,5.8,4.9,36.0,36.0
4.6,3.0,164.0,6.4,5.1,36.0,36.0
5.9,3.4,182.0,6.4,5.2,39.0,36.0
13.4,5.5,173.0,5.3,4.9,46.0,36.0
20.6,8.2,150.0,3.7,4.5,55.0,36.0
22.6,9.7,134.0,2.5,4.1,62.0,36.0
19.4,7.9,131.0,2.1,3.7,63.0,36.0
20.0,8.5,134.0,2.1,3.4,62.0,36.0
19.2,7.9,140.0,2.4,3.2,60.0,36.0
18.9,8.2,151.0,3.1,3.2,57.0,36.0
21.7,10.4,164.0,4.1,3.3,54.0,37.0
29.3,13.6,173.0,5.6,3.9,52.0,38.0
21.7,10.8,173.0,7.4,4.4,47.0,38.0
17.6,10.1,169.0,9.9,5.2,41.0,38.0
14.4,9.1,163.0,11.6,5.8,36.0,38.0
9.2,6.5,155.0,11.7,6.1,35.0,37.0
8.8,6.2,145.0,10.9,6.4,35.0,36.0
7.2,5.1,136.0,10.0,6.4,36.0,36.0
5.9,4.2,127.0,9.0,6.2,36.0,36.0
4.5,3.3,117.0,7.9,5.9,37.0,36.0
3.4,2.6,111.0,7.0,5.6,37.0,36.0
3.2,2.4,107.0,6.5,5.5,37.0,36.0
3.4,2.4,105.0,6.2,5.4,37.0,36.0
4.9,2.5,110.0,4.6,4.6,43.0,36.0
5.2,3.0,129.0,6.5,4.9,41.0,36.0
7.3,3.9,156.0,9.1,5.4,38.0,36.0
8.4,5.0,173.0,10.6,5.8,37.0,36.0
8.2,4.8,172.0,10.1,6.2,40.0,36.0
7.5,4.9,161.0,8.6,6.5,44.0,35.0
6.7,4.2,153.0,7.2,6.6,48.0,34.0
6.5,3.7,152.0,5.9,6.2,51.0,33.0
6.8,3.5,155.0,4.7,5.5,54.0,32.0
7.9,4.1,158.0,4.3,5.0,55.0,31.0
12.9,6.2,163.0,5.5,4.9,52.0,31.0
12.8,6.7,170.0,7.5,5.0,46.0,30.0
16.4,8.5,174.0,9.6,5.7,44.0,29.0
14.8,8.3,176.0,9.7,6.0,43.0,28.0
9.3,5.9,176.0,9.8,6.4,43.0,27.0
6.4,4.4,172.0,9.6,6.5,42.0,26.0
6.3,4.3,164.0,8.9,6.1,42.0,25.0
6.5,4.4,152.0,7.9,5.5,42.0,25.0
5.7,3.7,140.0,6.9,5.0,42.0,25.0
4.2,2.7,128.0,6.0,4.7,42.0,24.0
2.6,1.8,116.0,5.2,4.6,43.0,24.0
2.1,1.4,108.0,4.6,4.5,43.0,24.0
1.4,1.1,101.0,4.1,4.4,43.0,23.0
1.5,1.1,98.0,3.8,4.4,43.0,23.0
1.3,1.2,106.0,3.6,3.6,48.0,23.0
2.1,1.6,138.0,5.1,4.2,47.0,23.0
3.8,2.6,180.0,7.2,5.0,45.0,22.0
5.2,3.4,206.0,8.6,5.6,43.0,22.0
5.6,4.1,197.0,8.7,5.7,41.0,22.0
5.1,3.4,170.0,8.1,5.6,39.0,21.0
5.4,4.0,151.0,7.4,5.4,39.0,21.0
6.1,3.7,151.0,6.5,5.1,41.0,21.0
8.7,4.9,159.0,5.4,4.8,44.0,22.0
9.1,5.2,164.0,4.9,4.5,46.0,22.0
10.7,5.6,161.0,5.4,4.4,45.0,22.0
13.1,6.6,155.0,6.4,4.3,42.0,22.0
10.8,6.7,150.0,9.7,5.1,37.0,21.0
6.9,4.7,149.0,9.4,5.1,36.0,20.0
6.5,4.2,149.0,8.9,5.2,34.0,20.0
5.3,3.4,147.0,8.6,5.2,33.0,20.0
5.4,3.6,141.0,8.6,5.3,32.0,20.0
5.7,3.9,133.0,8.8,5.4,30.0,20.0
5.7,3.7,125.0,8.6,5.4,30.0,20.0
3.4,2.3,117.0,7.8,5.1,31.0,19.0
2.3,1.8,108.0,6.6,4.7,33.0,19.0
2.1,1.6,102.0,5.7,4.3,34.0,20.0
1.7,1.4,99.0,5.3,4.1,34.0,20.0
2.1,1.5,98.0,5.2,4.1,33.0,20.0
4.5,2.3,102.0,4.1,4.1,42.0,20.0
6.0,2.8,117.0,4.7,4.0,40.0,20.0
6.1,3.5,137.0,5.5,3.9,37.0,20.0
11.7,5.7,150.0,5.7,3.8,37.0,21.0
15.1,7.0,147.0,4.7,3.7,42.0,22.0
17.8,8.2,135.0,3.2,3.5,51.0,23.0
18.6,7.3,127.0,2.1,3.4,57.0,24.0
18.5,7.0,125.0,1.7,3.3,60.0,24.0
16.4,6.5,126.0,1.8,3.1,61.0,25.0
18.1,8.1,130.0,2.2,3.1,61.0,25.0
14.5,6.8,138.0,3.0,3.1,59.0,26.0
13.5,6.3,147.0,4.1,3.3,54.0,26.0
16.9,8.0,155.0,6.4,3.7,44.0,26.0
13.9,6.5,159.0,7.6,4.0,41.0,26.0
14.8,7.6,161.0,9.2,4.5,36.0,27.0
12.8,7.3,158.0,10.2,4.8,33.0,28.0
9.6,6.0,148.0,9.9,4.9,32.0,28.0
8.3,5.4,133.0,8.9,4.8,32.0,29.0
7.0,4.2,120.0,7.9,4.7,33.0,29.0
5.4,3.2,111.0,7.0,4.5,33.0,29.0
4.6,2.7,104.0,6.1,4.2,34.0,29.0
4.1,2.5,100.0,5.3,4.0,35.0,30.0
3.1,2.0,98.0,4.7,3.8,36.0,30.0
2.3,1.6,97.0,4.4,3.7,37.0,30.0
4.7,2.4,101.0,4.0,3.4,36.0,30.0
4.1,2.3,112.0,4.1,3.7,36.0,30.0
3.9,2.7,127.0,4.3,4.0,36.0,29.0
5.1,3.2,135.0,4.2,4.2,38.0,29.0
9.7,4.9,131.0,3.5,3.9,42.0,28.0
12.5,5.8,121.0,2.5,3.5,48.0,28.0
14.3,5.9,114.0,1.8,3.2,53.0,28.0
15.8,6.3,112.0,1.6,3.2,58.0,27.0
13.1,6.0,113.0,1.7,3.4,61.0,27.0
12.1,6.5,116.0,1.9,3.6,63.0,27.0
13.0,6.8,120.0,2.1,3.6,61.0,27.0
9.9,5.2,126.0,2.5,3.5,56.0,27.0
25.8,12.0,133.0,4.4,4.0,50.0,28.0
22.2,10.8,141.0,5.6,4.4,46.0,29.0
22.2,11.1,150.0,7.3,4.9,39.0,29.0
23.3,11.6,154.0,8.3,5.3,35.0,30.0
23.2,11.5,151.0,8.2,5.4,34.0,32.0
17.2,8.9,145.0,7.5,5.4,34.0,32.0
13.2,7.0,138.0,6.8,5.3,35.0,33.0
9.3,4.9,132.0,6.1,5.1,36.0,33.0
7.3,3.9,126.0,5.3,4.8,37.0,34.0
5.8,3.1,121.0,4.8,4.6,38.0,34.0
4.9,2.7,113.0,4.8,4.7,37.0,34.0
3.9,2.5,107.0,5.1,4.9,35.0,34.0
3.1,2.1,112.0,4.8,4.3,38.0,34.0
3.8,2.5,144.0,5.3,4.4,40.0,34.0
5.0,3.3,187.0,5.9,4.6,42.0,34.0
5.4,3.7,212.0,6.0,4.6,45.0,34.0
5.4,3.5,198.0,5.1,4.3,49.0,34.0
8.7,3.9,164.0,3.6,3.8,53.0,34.0
16.1,6.3,139.0,2.6,3.5,57.0,34.0
18.8,7.6,135.0,2.2,3.5,62.0,34.0
19.9,9.0,140.0,2.2,3.7,67.0,35.0
21.1,10.0,144.0,2.7,4.0,69.0,36.0
15.5,7.9,144.0,3.9,4.2,66.0,36.0
16.4,8.8,143.0,5.5,4.5,60.0,37.0
25.4,11.7,147.0,4.9,4.5,56.0,37.0
25.4,12.3,160.0,6.9,5.2,50.0,37.0
21.2,11.7,178.0,9.6,6.2,43.0,37.0
17.9,10.7,187.0,11.5,6.9,37.0,37.0
13.4,8.9,181.0,11.9,7.3,34.0,36.0
9.8,7.2,167.0,11.4,7.4,34.0,36.0
7.7,5.7,153.0,10.5,7.3,34.0,36.0
5.2,3.9,139.0,9.1,6.8,36.0,35.0
4.9,3.2,125.0,7.2,5.9,39.0,35.0
4.9,3.1,116.0,5.8,5.3,41.0,35.0
4.9,3.1,112.0,5.1,5.0,42.0,35.0
4.7,3.0,112.0,4.8,4.9,42.0,35.0
7.5,4.0,119.0,4.7,4.5,43.0,36.0
6.0,3.5,140.0,5.2,4.8,44.0,36.0
6.1,4.1,167.0,5.7,5.2,45.0,36.0
8.9,5.2,182.0,5.8,5.4,48.0,37.0
16.1,7.5,172.0,4.8,5.1,55.0,38.0
24.9,10.4,150.0,3.3,4.6,64.0,39.0
28.6,11.8,134.0,2.2,4.2,71.0,40.0
29.2,12.3,133.0,1.8,4.1,75.0,41.0
27.9,12.1,139.0,1.8,4.1,76.0,42.0
26.2,12.0,146.0,2.1,4.2,76.0,43.0
24.6,12.1,151.0,2.7,4.4,73.0,44.0
19.7,10.8,157.0,3.6,4.8,68.0,44.0
16.1,8.8,164.0,7.2,4.9,49.0,43.0
12.7,8.0,175.0,9.8,5.9,43.0,42.0
12.8,8.8,187.0,13.4,7.2,36.0,42.0
12.6,8.8,192.0,15.7,8.2,30.0,41.0
12.3,8.6,186.0,15.7,8.5,29.0,41.0
10.6,7.5,174.0,14.4,8.5,29.0,41.0
9.5,6.8,160.0,12.9,8.2,31.0,42.0
7.8,5.2,144.0,11.2,7.6,33.0,42.0
6.4,4.3,126.0,9.2,6.8,36.0,42.0
5.5,3.5,113.0,7.5,6.1,38.0,42.0
4.5,3.0,106.0,6.2,5.6,40.0,42.0
3.6,2.5,105.0,5.3,5.1,41.0,42.0
6.8,3.4,115.0,4.3,4.1,43.0,42.0
9.3,4.5,150.0,4.9,4.3,42.0,42.0
11.0,5.7,197.0,5.7,4.5,41.0,43.0
9.1,4.9,223.0,6.0,4.6,43.0,42.0
8.9,4.0,206.0,5.4,4.6,49.0,42.0
10.1,4.6,167.0,4.2,4.6,58.0,40.0
10.7,6.0,138.0,3.3,4.5,64.0,39.0
11.3,6.0,131.0,2.6,4.2,65.0,37.0
9.6,4.6,134.0,2.1,3.8,64.0,36.0
11.6,5.6,140.0,2.4,3.6,61.0,34.0
14.0,6.9,148.0,4.1,3.8,56.0,33.0
13.9,7.4,159.0,6.6,4.2,49.0,32.0
16.4,7.7,169.0,6.3,4.5,44.0,32.0
17.2,8.6,176.0,8.1,5.1,40.0,32.0
19.0,9.8,182.0,10.5,5.9,35.0,32.0
19.0,9.9,183.0,12.0,6.5,32.0,33.0
15.7,9.5,178.0,11.7,6.6,32.0,33.0
9.5,6.3,168.0,10.5,6.5,34.0,33.0
6.8,4.6,157.0,9.2,6.3,35.0,32.0
5.5,3.5,144.0,8.2,5.9,36.0,32.0
4.8,3.1,129.0,7.1,5.4,36.0,31.0
4.2,2.8,118.0,6.3,5.0,36.0,31.0
3.7,2.5,111.0,5.8,4.9,36.0,31.0
3.3,2.2,107.0,5.6,4.9,36.0,31.0
7.1,3.3,112.0,4.8,4.8,38.0,31.0
6.4,3.4,134.0,5.2,4.8,39.0,31.0
7.9,4.4,164.0,5.7,4.7,40.0,30.0
13.1,5.8,181.0,5.8,4.6,42.0,31.0
16.6,7.2,171.0,5.0,4.3,46.0,31.0
15.5,6.8,148.0,3.8,4.0,52.0,32.0
17.7,7.1,130.0,2.8,3.7,56.0,32.0
16.8,7.5,125.0,2.3,3.5,58.0,33.0
17.2,7.9,127.0,2.2,3.3,59.0,33.0
20.4,8.5,130.0,2.3,3.2,59.0,34.0
22.0,10.2,136.0,2.8,3.3,57.0,35.0
24.2,11.3,143.0,3.6,3.4,55.0,36.0
24.6,11.1,150.0,4.0,3.9,56.0,36.0
19.3,10.2,156.0,6.1,4.6,50.0,37.0
18.4,10.3,161.0,9.0,5.6,42.0,37.0
16.0,9.5,161.0,10.9,6.4,36.0,37.0
12.7,8.4,154.0,11.0,6.7,34.0,37.0
7.6,5.2,142.0,10.0,6.8,35.0,36.0
5.8,4.0,130.0,8.9,6.6,36.0,36.0
4.2,2.8,119.0,7.7,6.0,37.0,36.0
3.5,2.1,108.0,6.2,5.1,38.0,36.0
3.2,2.2,101.0,5.1,4.4,39.0,36.0
3.1,2.0,97.0,4.6,4.2,39.0,36.0
3.5,2.1,97.0,4.4,4.3,39.0,35.0
6.7,3.7,103.0,4.4,4.4,40.0,36.0
5.5,3.4,120.0,5.0,4.7,39.0,36.0
5.6,3.6,144.0,5.7,5.2,38.0,35.0
7.5,4.7,158.0,5.9,5.4,39.0,35.0
11.7,6.7,155.0,4.9,5.2,46.0,35.0
11.8,6.7,143.0,3.4,4.8,55.0,35.0
13.2,7.2,133.0,2.3,4.5,63.0,35.0
15.7,8.3,130.0,1.9,4.5,68.0,35.0
18.0,9.3,129.0,1.8,4.6,71.0,36.0
17.5,9.4,131.0,2.3,4.6,70.0,36.0
16.8,9.4,137.0,3.6,4.5,64.0,36.0
15.6,8.3,145.0,5.4,4.3,54.0,35.0
23.3,11.8,152.0,4.2,4.7,56.0,35.0
21.1,12.0,156.0,7.3,5.9,48.0,35.0
19.0,12.1,159.0,11.5,7.4,37.0,36.0
18.6,12.3,158.0,14.4,8.6,29.0,37.0
15.9,10.8,151.0,14.8,9.0,26.0,37.0
12.2,8.6,141.0,13.8,9.0,25.0,38.0
8.7,6.5,130.0,12.4,8.6,25.0,38.0
5.2,3.8,119.0,10.6,7.6,26.0,39.0
3.9,2.9,107.0,8.4,6.3,29.0,39.0
3.1,2.5,99.0,6.6,5.3,31.0,39.0
3.0,2.1,94.0,5.6,4.9,32.0,39.0
3.6,2.3,92.0,5.1,4.8,32.0,39.0
5.6,3.0,96.0,4.7,4.6,34.0,39.0
5.5,3.3,111.0,4.9,4.6,35.0,39.0
6.1,3.5,132.0,5.1,4.7,36.0,39.0
9.0,4.8,145.0,5.0,4.6,39.0,39.0
16.5,7.9,141.0,4.2,4.4,46.0,39.0
18.6,8.9,128.0,3.0,4.1,54.0,40.0
19.4,9.3,119.0,2.2,3.9,61.0,40.0
18.3,8.9,118.0,1.8,3.7,64.0,40.0
16.5,8.3,120.0,1.8,3.6,66.0,40.0
15.8,8.1,124.0,2.1,3.6,65.0,40.0
15.4,8.4,131.0,2.8,3.8,63.0,39.0
16.1,8.5,141.0,3.9,4.1,58.0,39.0
29.8,13.9,150.0,4.3,4.8,59.0,40.0
25.5,13.1,159.0,6.7,5.6,52.0,40.0
22.5,12.5,167.0,10.1,6.6,42.0,40.0
20.8,12.3,169.0,12.5,7.5,34.0,40.0
18.0,11.1,162.0,13.2,8.0,30.0,40.0
14.8,9.7,150.0,13.0,8.3,29.0,41.0
12.2,8.4,137.0,12.3,8.2,28.0,41.0
8.7,5.8,124.0,10.8,7.7,29.0,42.0
6.4,4.5,112.0,8.8,6.8,30.0,42.0
4.9,3.4,103.0,7.1,6.0,32.0,42.0
3.3,2.3,100.0,5.9,5.3,34.0,42.0
3.0,1.9,100.0,4.9,4.7,35.0,42.0
4.5,2.6,105.0,4.9,4.8,36.0,42.0
4.6,2.8,118.0,4.8,4.8,37.0,42.0
5.6,3.2,135.0,4.5,4.7,39.0,42.0
7.9,4.2,144.0,4.1,4.6,43.0,42.0
12.7,6.2,137.0,3.3,4.4,49.0,41.0
15.0,7.1,122.0,2.4,4.2,57.0,41.0
14.2,6.9,112.0,1.7,4.0,63.0,40.0
14.1,6.7,111.0,1.4,3.9,65.0,40.0
14.6,7.1,113.0,1.3,3.8,65.0,40.0
16.9,7.9,118.0,1.6,3.8,64.0,39.0
16.5,8.2,124.0,2.2,4.0,62.0,39.0
15.6,7.9,132.0,3.1,4.3,59.0,39.0
21.4,10.5,139.0,3.6,4.9,59.0,38.0
17.2,9.5,144.0,5.2,5.6,53.0,38.0
14.7,8.8,147.0,7.4,6.6,45.0,37.0
13.2,8.5,148.0,9.0,7.3,39.0,36.0
12.7,8.0,146.0,9.4,7.6,36.0,35.0
12.1,7.8,142.0,9.3,7.5,34.0,35.0
11.3,7.5,136.0,8.9,7.4,33.0,35.0
10.2,6.5,127.0,8.4,7.1,32.0,35.0
8.6,5.4,116.0,7.7,6.6,32.0,35.0
6.8,4.4,107.0,7.0,6.2,32.0,35.0
5.9,3.7,101.0,6.4,5.9,32.0,35.0
5.1,3.1,97.0,5.8,5.7,33.0,36.0
3.1,1.9,101.0,4.6,4.9,37.0,36.0
3.4,2.3,121.0,5.1,5.2,37.0,35.0
4.5,3.2,148.0,5.8,5.5,37.0,35.0
5.9,4.1,164.0,5.9,5.6,40.0,35.0
7.3,4.4,157.0,4.8,5.2,47.0,35.0
12.1,6.3,138.0,3.2,4.5,57.0,35.0
15.7,7.4,124.0,2.0,4.0,64.0,35.0
17.0,7.7,122.0,1.7,3.8,67.0,35.0
15.0,7.0,126.0,1.9,3.7,67.0,35.0
14.3,7.2,130.0,2.3,3.8,65.0,35.0
14.1,7.2,133.0,2.9,4.0,62.0,35.0
14.3,7.6,136.0,3.8,4.4,57.0,35.0
27.4,12.2,143.0,4.2,5.6,58.0,35.0
25.1,13.0,157.0,7.8,7.1,51.0,36.0
24.4,14.1,173.0,12.8,9.1,42.0,37.0
24.2,15.1,182.0,16.4,10.7,34.0,39.0
22.0,13.5,177.0,17.4,11.4,30.0,40.0
22.2,14.3,164.0,17.1,11.6,27.0,41.0
19.6,12.3,150.0,15.8,11.3,26.0,43.0
15.4,9.8,137.0,13.3,10.2,27.0,43.0
11.9,7.2,124.0,9.9,8.6,30.0,44.0
8.4,5.0,115.0,7.3,7.3,32.0,44.0
5.9,3.7,110.0,6.4,6.7,32.0,44.0
4.2,2.7,109.0,6.4,6.4,32.0,44.0
5.3,3.0,113.0,5.2,5.0,37.0,44.0
5.5,3.5,128.0,5.8,5.2,36.0,44.0
5.6,3.7,149.0,6.5,5.6,36.0,44.0
5.2,3.8,160.0,6.6,5.6,38.0,44.0
5.5,4.0,153.0,5.4,5.1,45.0,44.0
5.8,3.8,138.0,3.6,4.3,55.0,44.0
6.4,3.6,126.0,2.2,3.7,62.0,43.0
7.2,3.7,124.0,1.7,3.6,66.0,42.0
8.8,4.7,126.0,1.7,3.7,68.0,41.0
9.5,5.2,129.0,2.2,3.9,67.0,41.0
13.9,6.8,133.0,3.5,4.0,64.0,41.0
13.4,7.6,139.0,5.4,4.2,58.0,41.0
7.2,4.7,146.0,8.0,3.7,39.0,39.0
6.4,4.5,158.0,8.5,4.1,38.0,37.0
5.2,3.9,171.0,9.2,4.7,36.0,35.0
5.0,3.8,178.0,9.6,5.2,35.0,32.0
6.1,4.4,176.0,9.6,5.5,34.0,30.0
7.9,5.3,168.0,9.3,5.7,34.0,28.0
8.4,5.4,157.0,8.9,5.8,34.0,26.0
7.8,5.0,142.0,8.3,5.7,34.0,25.0
8.0,4.7,125.0,7.6,5.5,34.0,25.0
7.7,4.5,112.0,7.0,5.4,34.0,25.0
8.7,4.8,104.0,6.6,5.5,35.0,25.0
8.7,4.7,100.0,6.2,5.6,36.0,25.0
4.2,2.6,105.0,4.6,4.4,42.0,25.0
3.6,2.5,130.0,5.3,4.6,42.0,25.0
4.8,3.4,164.0,6.1,4.9,42.0,25.0
5.6,3.9,184.0,6.4,5.1,44.0,25.0
6.5,3.9,174.0,5.5,5.0,50.0,25.0
9.2,4.9,150.0,3.9,4.7,59.0,25.0
14.5,7.1,132.0,2.8,4.4,65.0,26.0
18.6,7.7,130.0,2.5,4.2,67.0,27.0
20.5,8.2,134.0,2.6,4.0,66.0,28.0
13.3,6.9,141.0,3.0,3.9,63.0,28.0
10.2,5.9,151.0,3.5,3.9,58.0,28.0
11.7,6.0,162.0,4.3,4.1,52.0,28.0
16.9,8.9,172.0,6.7,5.6,47.0,28.0
15.8,9.1,178.0,8.9,6.5,42.0,30.0
16.1,9.8,181.0,11.9,7.7,35.0,31.0
16.1,10.0,181.0,14.0,8.6,30.0,32.0
16.5,10.1,177.0,14.4,8.9,28.0,34.0
16.6,10.1,171.0,13.8,8.8,27.0,35.0
16.7,9.9,161.0,12.9,8.5,27.0,36.0
16.8,9.3,146.0,11.6,8.0,27.0,37.0
13.7,7.6,128.0,10.0,7.3,29.0,37.0
10.1,6.0,114.0,8.4,6.6,30.0,38.0
5.8,3.4,104.0,6.9,6.1,32.0,37.0
3.4,2.3,97.0,5.5,5.6,34.0,37.0
2.4,1.7,104.0,5.1,5.0,35.0,37.0
2.9,1.9,138.0,5.5,4.7,35.0,37.0
5.3,3.3,185.0,6.0,4.3,36.0,37.0
7.9,4.4,211.0,6.0,4.1,39.0,37.0
10.3,5.3,194.0,5.1,4.2,46.0,37.0
11.1,6.0,155.0,3.8,4.5,54.0,37.0
14.3,7.1,127.0,2.8,4.7,61.0,37.0
19.0,8.7,122.0,2.6,4.7,65.0,37.0
19.4,9.2,127.0,2.7,4.5,67.0,38.0
17.5,9.3,134.0,3.1,4.4,66.0,38.0
17.9,9.3,139.0,3.5,4.3,62.0,39.0
15.0,8.1,146.0,4.2,4.2,56.0,40.0
13.1,7.0,153.0,5.2,4.2,49.0,39.0
11.5,6.8,162.0,7.2,4.9,44.0,39.0
12.0,7.6,171.0,9.9,5.7,37.0,38.0
12.0,7.8,174.0,11.6,6.4,32.0,38.0
10.6,7.0,168.0,11.6,6.6,31.0,37.0
9.6,6.3,156.0,10.6,6.6,31.0,36.0
8.6,5.3,143.0,9.4,6.4,32.0,35.0
10.3,5.5,130.0,8.2,6.0,33.0,34.0
10.0,5.1,117.0,6.8,5.5,35.0,33.0
8.8,4.5,108.0,5.8,5.1,36.0,33.0
7.5,3.9,105.0,5.4,5.0,36.0,33.0
5.7,3.2,106.0,5.3,5.1,35.0,33.0
3.2,2.2,114.0,5.2,4.9,37.0,34.0
2.7,2.1,137.0,5.9,5.2,37.0,34.0
2.9,2.4,166.0,6.7,5.6,36.0,33.0
4.2,3.4,182.0,6.9,5.7,39.0,33.0
5.5,4.0,170.0,5.7,5.4,47.0,33.0
6.5,4.4,144.0,3.8,4.9,58.0,32.0
10.4,5.5,125.0,2.4,4.4,65.0,32.0
16.8,7.8,122.0,2.0,3.9,65.0,32.0
18.1,7.9,125.0,2.1,3.4,61.0,32.0
16.4,7.3,129.0,2.5,3.2,58.0,31.0
15.3,8.3,131.0,3.3,3.5,57.0,31.0
12.5,7.4,134.0,4.4,4.0,56.0,31.0
25.8,12.0,138.0,4.5,3.9,55.0,32.0
23.1,11.9,146.0,7.1,4.7,49.0,33.0
18.6,10.7,156.0,10.6,5.9,40.0,34.0
15.1,9.8,161.0,12.8,6.7,34.0,34.0
12.9,8.8,160.0,12.6,6.9,32.0,35.0
11.1,7.8,155.0,11.2,6.7,33.0,35.0
8.1,5.7,147.0,9.7,6.4,34.0,35.0
5.9,4.5,134.0,8.3,5.9,35.0,35.0
4.4,3.2,118.0,6.9,5.4,37.0,34.0
4.1,2.8,106.0,5.7,4.9,38.0,34.0
3.6,2.4,98.0,5.0,4.7,39.0,34.0
3.3,2.2,94.0,4.7,4.5,39.0,33.0
4.0,2.5,103.0,5.0,4.4,39.0,34.0
5.2,3.1,139.0,5.3,4.4,40.0,34.0
6.2,3.8,188.0,5.7,4.4,42.0,34.0
6.1,3.8,214.0,5.7,4.3,44.0,34.0
5.2,3.3,195.0,4.8,4.0,48.0,34.0
6.7,3.6,153.0,3.4,3.6,53.0,34.0
9.3,4.4,123.0,2.4,3.3,57.0,34.0
13.5,5.7,118.0,2.0,3.2,61.0,33.0
14.3,6.2,123.0,2.0,3.3,65.0,33.0
13.8,6.8,131.0,2.3,3.4,66.0,33.0
14.2,6.8,138.0,3.1,3.5,63.0,32.0
15.1,6.9,147.0,4.2,3.7,57.0,32.0
18.1,9.3,155.0,6.2,3.8,51.0,31.0
22.1,10.5,163.0,7.6,4.4,47.0,31.0
20.3,10.6,172.0,9.5,5.1,40.0,31.0
15.9,9.1,175.0,10.6,5.7,36.0,31.0
11.5,7.0,172.0,10.4,5.9,35.0,31.0
7.7,4.8,164.0,9.5,5.9,36.0,30.0
7.3,4.6,154.0,8.5,5.8,37.0,30.0
7.4,4.6,139.0,7.4,5.6,38.0,30.0
7.1,4.4,122.0,6.1,5.2,40.0,30.0
6.0,3.1,110.0,5.1,4.9,41.0,30.0
4.8,2.8,107.0,4.8,4.7,41.0,30.0
3.7,2.3,110.0,4.8,4.6,41.0,30.0
3.1,2.3,114.0,4.5,4.3,42.0,30.0
3.8,2.4,120.0,4.5,4.3,43.0,30.0
5.2,3.3,128.0,4.4,4.4,44.0,30.0
8.9,4.4,132.0,4.1,4.4,47.0,30.0
16.1,6.9,127.0,3.4,4.3,53.0,31.0
18.7,8.1,117.0,2.5,4.1,60.0,32.0
20.8,8.7,110.0,1.8,3.9,66.0,33.0
21.4,9.1,109.0,1.5,3.7,69.0,34.0
19.7,8.6,110.0,1.5,3.6,70.0,34.0
16.9,7.9,113.0,1.7,3.5,69.0,34.0
15.3,7.6,118.0,2.1,3.5,66.0,35.0
13.2,6.8,126.0,2.7,3.7,61.0,35.0
18.0,8.3,133.0,3.4,3.5,56.0,34.0
14.4,7.4,141.0,4.8,4.2,52.0,34.0
12.4,7.0,149.0,6.7,5.2,45.0,33.0
9.1,5.8,153.0,8.3,6.0,40.0,32.0
7.9,5.7,152.0,9.3,6.6,36.0,32.0
6.7,5.4,147.0,9.9,7.1,33.0,32.0
5.4,4.6,141.0,9.9,7.2,32.0,32.0
4.1,3.3,132.0,8.8,6.6,34.0,32.0
4.0,2.8,121.0,7.0,5.5,38.0,31.0
3.9,2.7,112.0,5.6,4.7,41.0,31.0
3.9,2.4,105.0,5.0,4.3,42.0,31.0
4.3,2.6,100.0,4.7,4.2,41.0,31.0
4.3,2.3,104.0,4.0,3.8,44.0,31.0
3.9,2.4,126.0,4.4,4.0,44.0,31.0
4.0,2.7,158.0,4.9,4.4,44.0,31.0
4.5,3.1,176.0,5.1,4.6,45.0,31.0
7.1,4.6,168.0,4.7,4.7,48.0,30.0
9.6,5.8,146.0,4.1,4.7,52.0,30.0
16.0,8.6,130.0,3.5,4.7,56.0,30.0
15.1,8.1,127.0,3.0,4.5,59.0,29.0
13.0,6.6,130.0,2.6,4.2,62.0,29.0
13.4,7.2,134.0,2.8,4.1,62.0,29.0
15.4,8.0,139.0,3.7,4.2,59.0,29.0
16.5,8.6,147.0,5.2,4.5,54.0,29.0
18.3,8.6,154.0,4.5,3.9,51.0,29.0
18.6,9.4,163.0,7.1,4.8,45.0,30.0
15.3,8.7,173.0,10.6,6.0,37.0,30.0
14.4,8.9,177.0,12.7,6.8,31.0,31.0
11.4,6.9,172.0,12.1,6.8,30.0,31.0
7.8,5.1,161.0,10.2,6.5,31.0,31.0
5.7,4.0,149.0,8.5,6.1,32.0,31.0
5.7,3.8,133.0,7.7,5.8,32.0,31.0
6.2,4.0,116.0,7.1,5.6,32.0,31.0
5.0,3.4,104.0,6.6,5.4,32.0,31.0
3.4,2.3,100.0,6.2,5.3,31.0,31.0
2.5,2.0,102.0,6.0,5.3,31.0,31.0
2.5,1.5,108.0,4.5,4.4,35.0,31.0
3.2,2.0,124.0,5.0,4.6,34.0,31.0
4.5,3.2,145.0,5.8,4.8,33.0,31.0
6.0,3.6,157.0,5.9,4.8,34.0,31.0
9.2,4.7,151.0,4.9,4.5,39.0,31.0
9.1,4.4,136.0,3.4,4.1,46.0,31.0
10.8,5.2,124.0,2.3,3.7,51.0,30.0
12.4,6.2,120.0,1.9,3.5,54.0,30.0
11.4,5.5,120.0,1.8,3.4,55.0,29.0
10.2,5.2,122.0,2.1,3.5,55.0,29.0
10.2,5.6,128.0,2.8,3.8,54.0,28.0
11.2,6.8,137.0,3.9,4.3,51.0,28.0
13.7,7.9,145.0,4.0,4.2,49.0,28.0
12.6,8.0,150.0,6.3,5.1,43.0,28.0
13.4,8.8,154.0,9.4,6.4,36.0,28.0
12.5,8.6,154.0,11.4,7.3,30.0,27.0
9.9,7.2,148.0,11.4,7.6,28.0,28.0
7.7,5.9,139.0,10.3,7.5,29.0,28.0
5.9,4.5,129.0,9.1,7.2,29.0,28.0
4.5,3.4,118.0,8.1,6.7,29.0,28.0
3.5,2.7,106.0,7.0,6.0,30.0,27.0
2.8,2.2,98.0,6.1,5.5,30.0,27.0
2.4,1.9,93.0,5.5,5.2,31.0,27.0
2.3,1.8,92.0,5.1,5.1,31.0,27.0
4.2,2.7,98.0,4.7,4.7,33.0,27.0
4.5,3.2,121.0,5.4,5.1,33.0,28.0
5.0,3.5,151.0,6.2,5.5,33.0,28.0
7.3,4.6,170.0,6.5,5.8,35.0,28.0
10.3,6.0,164.0,5.6,5.7,42.0,28.0
13.1,7.1,147.0,4.0,5.3,51.0,29.0
14.7,7.4,133.0,2.9,5.1,58.0,29.0
16.5,8.1,129.0,2.6,5.1,62.0,30.0
15.9,8.4,128.0,2.6,5.2,64.0,30.0
14.5,8.0,132.0,3.1,5.3,63.0,31.0
13.8,7.8,142.0,4.0,5.4,59.0,32.0
12.7,7.4,157.0,5.2,5.5,52.0,32.0
20.7,10.6,168.0,6.0,5.6,48.0,32.0
18.6,10.4,174.0,8.5,6.5,42.0,33.0
16.8,10.2,176.0,11.9,7.8,34.0,33.0
15.5,10.1,173.0,13.9,8.6,28.0,34.0
13.9,9.5,162.0,13.3,8.5,27.0,34.0
10.7,7.4,146.0,11.3,7.9,29.0,34.0
8.8,5.6,131.0,9.4,7.2,30.0,35.0
6.6,4.3,118.0,8.2,6.6,31.0,35.0
5.5,3.5,107.0,7.1,5.9,31.0,35.0
4.9,3.2,99.0,6.3,5.4,32.0,35.0
4.4,2.9,95.0,5.9,5.2,32.0,36.0
3.8,2.6,94.0,5.7,5.2,32.0,36.0
4.5,2.6,100.0,4.8,4.9,34.0,36.0
4.9,3.1,118.0,5.2,5.2,34.0,36.0
7.8,4.0,141.0,5.6,5.7,35.0,36.0
10.1,5.5,156.0,5.6,5.9,38.0,36.0
14.0,7.1,152.0,4.7,5.7,46.0,36.0
21.2,9.6,138.0,3.3,5.2,57.0,37.0
20.4,9.7,129.0,2.3,4.8,66.0,37.0
40.2,15.8,129.0,1.9,4.6,70.0,39.0
23.0,10.7,133.0,1.7,4.5,72.0,40.0
19.9,9.9,137.0,2.0,4.5,72.0,40.0
19.8,10.0,140.0,2.6,4.7,70.0,41.0
19.3,10.0,143.0,3.6,5.0,65.0,41.0
25.3,12.2,150.0,4.8,5.5,65.0,42.0
22.5,11.7,165.0,7.6,6.4,56.0,42.0
20.5,12.0,184.0,11.5,7.7,44.0,42.0
19.2,11.5,193.0,14.0,8.6,35.0,43.0
17.7,10.6,183.0,14.0,8.8,31.0,43.0
15.1,9.4,164.0,12.7,8.6,30.0,43.0
12.0,7.6,145.0,11.1,8.1,30.0,44.0
9.3,5.9,131.0,9.1,7.2,31.0,44.0
6.2,3.8,117.0,6.8,6.1,33.0,44.0
4.2,2.5,108.0,5.1,5.2,35.0,44.0
3.2,2.1,102.0,4.6,4.9,35.0,44.0
2.8,2.1,99.0,4.7,4.9,34.0,44.0
4.2,2.6,104.0,5.0,5.1,34.0,44.0
3.7,2.7,123.0,5.2,5.2,34.0,44.0
3.9,2.8,148.0,5.4,5.3,35.0,43.0
5.9,3.8,163.0,5.3,5.3,39.0,43.0
10.7,5.9,155.0,4.4,5.1,48.0,43.0
14.3,7.8,137.0,3.1,4.9,59.0,42.0
17.2,9.2,123.0,2.2,4.6,67.0,42.0
18.7,9.7,121.0,1.8,4.3,71.0,41.0
19.6,9.9,124.0,1.8,4.0,72.0,41.0
19.0,9.7,128.0,2.0,3.8,71.0,41.0
16.2,8.6,131.0,2.4,3.8,68.0,40.0
13.1,7.4,136.0,3.1,4.0,63.0,40.0
17.0,9.2,143.0,3.9,4.0,56.0,39.0
17.1,9.6,156.0,6.4,4.8,49.0,39.0
15.1,9.4,172.0,9.8,5.9,40.0,38.0
13.9,9.1,182.0,12.0,6.7,33.0,37.0
12.7,9.1,183.0,12.1,7.0,31.0,37.0
11.0,7.9,178.0,11.0,7.0,31.0,37.0
8.6,6.0,169.0,9.8,6.8,32.0,36.0
7.3,4.9,155.0,8.6,6.4,33.0,36.0
6.7,4.2,136.0,7.3,5.9,33.0,36.0
5.8,3.8,123.0,6.3,5.5,34.0,36.0
4.9,3.1,117.0,5.9,5.4,34.0,37.0
4.0,2.7,115.0,5.9,5.4,33.0,37.0
3.3,2.1,119.0,5.2,5.2,36.0,37.0
3.3,2.2,133.0,5.6,5.2,36.0,37.0
4.9,3.5,153.0,6.1,5.1,37.0,37.0
5.5,3.8,164.0,6.1,4.9,40.0,37.0
9.1,5.3,156.0,5.0,4.4,46.0,37.0
12.6,6.4,138.0,3.3,3.8,54.0,36.0
14.2,7.0,126.0,2.2,3.4,59.0,36.0
15.8,7.6,124.0,2.0,3.3,61.0,35.0
15.9,7.9,127.0,2.3,3.3,60.0,35.0
15.6,8.0,133.0,3.0,3.5,58.0,34.0
15.4,8.6,141.0,4.4,3.9,54.0,34.0
15.7,8.7,152.0,6.2,4.4,48.0,35.0
17.5,9.5,162.0,5.9,5.1,50.0,35.0
15.8,9.1,173.0,8.2,5.8,45.0,35.0
15.0,9.6,184.0,11.4,6.8,37.0,35.0
15.4,10.1,188.0,13.6,7.6,31.0,35.0
13.4,9.2,180.0,14.0,7.9,28.0,35.0
11.5,8.4,164.0,13.3,8.0,27.0,35.0
9.5,6.9,149.0,12.2,7.8,27.0,35.0
7.9,5.6,136.0,10.4,7.3,28.0,35.0
6.6,4.3,122.0,8.1,6.5,30.0,36.0
5.5,3.4,113.0,6.4,5.9,31.0,35.0
4.6,3.0,109.0,5.7,5.5,32.0,35.0
3.2,2.2,108.0,5.5,5.2,32.0,35.0
4.7,2.9,111.0,5.8,5.2,32.0,35.0
4.2,2.8,121.0,5.3,5.1,34.0,36.0
5.3,3.3,135.0,4.6,5.0,37.0,36.0
7.3,4.0,143.0,3.9,4.9,42.0,36.0
11.1,5.7,138.0,3.1,4.7,49.0,36.0
16.2,7.6,126.0,2.4,4.4,57.0,36.0
19.2,8.8,117.0,1.8,4.2,63.0,36.0
20.0,9.4,115.0,1.5,3.9,65.0,37.0
20.3,9.3,115.0,1.4,3.7,65.0,37.0
20.0,9.3,117.0,1.6,3.6,64.0,37.0
16.5,8.1,120.0,2.0,3.7,61.0,37.0
13.1,7.0,125.0,2.7,3.9,57.0,37.0
13.3,7.3,131.0,3.2,3.9,52.0,36.0
14.3,7.7,139.0,5.6,4.9,45.0,36.0
13.6,8.2,147.0,8.9,6.3,36.0,36.0
14.4,9.3,151.0,11.0,7.2,29.0,36.0
14.8,9.6,148.0,11.0,7.3,27.0,36.0
15.3,9.0,140.0,9.8,7.0,29.0,36.0
14.7,8.4,131.0,8.5,6.6,30.0,36.0
12.7,7.6,121.0,7.3,6.1,31.0,37.0
10.2,5.8,109.0,6.0,5.5,33.0,37.0
8.0,4.4,102.0,5.1,5.1,34.0,37.0
6.4,3.6,99.0,4.8,5.0,34.0,37.0
5.8,3.3,100.0,4.8,5.0,34.0,38.0
8.0,3.9,107.0,4.3,4.6,37.0,38.0
8.4,4.3,126.0,4.8,5.0,37.0,38.0
10.0,5.0,150.0,5.5,5.4,38.0,39.0
12.2,6.2,164.0,5.6,5.7,41.0,39.0
17.1,8.2,158.0,4.8,5.6,49.0,40.0
21.8,10.2,141.0,3.4,5.3,61.0,40.0
22.8,11.1,129.0,2.4,5.0,69.0,41.0
22.8,11.2,126.0,1.9,4.7,73.0,41.0
20.8,10.4,127.0,1.7,4.3,74.0,41.0
20.4,10.2,130.0,1.9,4.1,73.0,42.0
19.1,9.6,133.0,2.4,4.1,69.0,42.0
17.3,9.1,138.0,3.3,4.3,61.0,43.0
25.2,11.3,145.0,4.5,4.6,53.0,43.0
22.9,11.2,158.0,6.4,5.4,47.0,44.0
21.0,10.8,173.0,8.9,6.5,40.0,45.0
21.0,11.1,181.0,10.7,7.3,34.0,45.0
21.4,11.1,175.0,11.2,7.5,32.0,46.0
21.1,11.5,161.0,10.9,7.4,31.0,46.0
20.1,10.7,147.0,10.3,7.2,31.0,47.0
15.3,7.9,136.0,9.1,6.8,31.0,47.0
12.0,6.2,125.0,7.5,6.2,32.0,47.0
11.1,5.5,117.0,6.3,5.8,33.0,47.0
8.7,4.4,112.0,5.7,5.6,33.0,47.0
7.2,3.5,109.0,5.5,5.5,33.0,47.0
7.5,3.5,113.0,4.8,4.7,35.0,47.0
6.8,3.5,130.0,5.3,5.1,35.0,47.0
8.1,4.1,153.0,5.8,5.6,36.0,47.0
11.6,5.3,166.0,5.9,5.9,40.0,47.0
19.3,8.2,160.0,5.0,5.7,48.0,47.0
24.6,10.3,144.0,3.5,5.3,60.0,47.0
27.6,11.5,132.0,2.4,4.9,68.0,47.0
28.9,12.2,129.0,1.9,4.5,72.0,47.0
31.1,12.6,129.0,1.8,4.2,74.0,48.0
29.8,12.3,131.0,2.0,4.0,73.0,48.0
25.7,11.2,133.0,2.6,4.0,70.0,48.0
24.7,11.0,136.0,3.5,4.1,64.0,49.0
50.8,21.3,142.0,4.4,4.3,60.0,50.0
41.9,18.6,156.0,6.2,5.0,53.0,51.0
36.0,17.0,173.0,8.6,5.9,44.0,51.0
32.6,15.8,182.0,10.6,6.8,37.0,52.0
30.5,15.2,178.0,11.8,7.5,33.0,52.0
30.4,14.9,165.0,12.5,8.1,30.0,52.0
27.9,14.4,152.0,12.5,8.3,29.0,53.0
24.9,12.7,137.0,11.2,7.8,29.0,53.0
22.7,10.6,122.0,9.2,6.9,31.0,53.0
17.1,8.7,111.0,7.5,6.2,33.0,54.0
14.8,6.9,107.0,6.5,5.9,34.0,54.0
13.1,6.2,109.0,5.9,5.8,35.0,54.0
9.6,4.4,116.0,4.8,5.2,39.0,54.0
8.7,4.1,135.0,5.3,5.4,39.0,54.0
8.8,4.4,160.0,6.0,5.8,39.0,54.0
10.0,5.2,174.0,6.1,5.9,42.0,54.0
16.8,7.6,165.0,5.1,5.7,51.0,54.0
23.6,10.4,146.0,3.5,5.4,63.0,54.0
32.7,13.5,131.0,2.3,5.1,72.0,54.0
38.5,15.4,128.0,1.8,4.9,77.0,55.0
36.0,14.9,129.0,1.7,4.7,80.0,55.0
36.7,15.4,133.0,2.0,4.6,80.0,55.0
37.7,16.1,138.0,2.5,4.6,77.0,55.0
35.7,15.8,146.0,3.4,4.8,71.0,56.0
41.3,17.6,154.0,4.2,4.4,64.0,55.0
36.2,16.4,164.0,6.6,5.3,56.0,55.0
30.7,15.5,175.0,9.8,6.5,45.0,55.0
25.5,13.8,180.0,12.2,7.5,36.0,55.0
19.2,11.2,176.0,13.0,8.1,31.0,55.0
14.1,9.0,165.0,12.8,8.4,29.0,54.0
10.9,7.0,153.0,12.0,8.3,28.0,54.0
9.2,5.1,137.0,10.1,7.4,30.0,53.0
9.5,4.2,119.0,7.4,6.1,33.0,53.0
8.8,3.8,106.0,5.5,5.2,36.0,52.0
6.9,3.2,101.0,5.0,5.0,36.0,52.0
4.9,2.6,101.0,5.1,5.1,36.0,52.0
8.5,3.7,106.0,4.5,4.5,39.0,52.0
7.5,3.8,121.0,4.7,4.6,40.0,52.0
8.5,4.0,142.0,4.9,4.7,42.0,52.0
16.9,6.9,154.0,4.8,4.7,45.0,52.0
26.1,10.2,148.0,4.0,4.5,51.0,52.0
27.0,11.1,133.0,2.8,4.1,59.0,52.0
28.5,11.4,122.0,2.0,3.8,65.0,52.0
28.2,11.6,120.0,1.7,3.6,68.0,51.0
24.3,10.7,121.0,1.8,3.5,69.0,51.0
18.9,9.1,125.0,2.1,3.5,68.0,51.0
18.5,8.7,133.0,2.3,3.5,65.0,50.0
19.6,8.7,143.0,2.7,3.6,59.0,48.0
17.7,8.1,152.0,4.1,4.1,53.0,46.0
16.0,8.2,160.0,7.6,5.3,45.0,44.0
15.2,8.9,167.0,12.0,6.9,37.0,43.0
15.0,9.9,170.0,14.9,8.1,31.0,42.0
13.0,8.9,166.0,14.7,8.4,29.0,41.0
10.3,7.2,157.0,13.0,8.3,30.0,41.0
8.2,6.0,147.0,11.2,8.0,31.0,41.0
6.5,4.8,135.0,9.8,7.6,32.0,41.0
4.5,3.2,121.0,8.4,7.1,33.0,40.0
3.3,2.5,110.0,7.3,6.7,34.0,40.0
2.7,2.2,102.0,6.9,6.5,33.0,40.0
2.1,1.8,97.0,6.8,6.3,32.0,40.0
6.6,3.3,99.0,4.2,4.3,39.0,40.0
7.3,3.3,114.0,4.5,4.5,40.0,40.0
8.9,4.3,135.0,4.8,4.7,40.0,40.0
16.2,6.5,148.0,4.8,4.8,43.0,39.0
21.4,8.6,144.0,4.0,4.5,49.0,39.0
20.9,8.8,131.0,2.9,4.1,56.0,39.0
13.7,6.5,121.0,2.1,3.7,61.0,37.0
8.2,4.1,118.0,1.7,3.5,63.0,36.0
8.1,4.2,119.0,1.7,3.3,63.0,34.0
9.3,4.6,123.0,2.0,3.3,61.0,33.0
10.2,4.6,133.0,2.7,3.5,58.0,32.0
10.6,5.0,145.0,3.9,3.8,54.0,31.0
8.5,4.8,155.0,4.5,4.3,51.0,31.0
10.6,5.8,159.0,6.8,5.1,46.0,30.0
11.2,6.9,160.0,9.8,6.3,38.0,30.0
12.6,7.9,158.0,11.8,7.1,33.0,29.0
12.8,8.3,151.0,11.7,7.2,31.0,29.0
10.4,6.9,140.0,10.6,6.9,31.0,29.0
7.1,5.0,129.0,9.4,6.6,31.0,29.0
5.1,3.6,117.0,8.5,6.3,30.0,28.0
3.7,2.7,104.0,7.7,5.9,30.0,28.0
2.8,2.2,95.0,6.8,5.5,30.0,28.0
2.2,1.7,92.0,5.8,5.0,31.0,28.0
2.2,1.6,92.0,4.8,4.4,33.0,28.0
8.1,3.4,98.0,4.2,3.9,36.0,28.0
5.8,3.0,113.0,4.7,4.1,36.0,28.0
5.5,3.1,132.0,5.4,4.4,36.0,28.0
6.3,3.8,144.0,5.5,4.5,38.0,27.0
9.5,5.1,139.0,4.6,4.3,44.0,26.0
10.2,5.5,126.0,3.2,3.9,52.0,26.0
9.8,5.2,117.0,2.1,3.5,58.0,25.0
9.9,5.2,118.0,1.7,3.2,59.0,25.0
8.7,4.7,123.0,1.6,3.0,58.0,26.0
7.4,3.8,129.0,1.9,3.0,56.0,25.0
9.0,4.2,136.0,2.6,3.3,54.0,25.0
10.2,4.9,143.0,3.6,3.8,51.0,25.0
17.5,8.7,149.0,5.3,4.7,50.0,26.0
13.8,7.8,152.0,6.9,5.2,45.0,27.0
11.4,7.3,153.0,9.0,5.9,38.0,27.0
8.8,5.8,151.0,10.2,6.3,33.0,26.0
7.0,5.1,144.0,9.5,6.0,32.0,26.0
6.0,4.2,134.0,7.7,5.3,33.0,25.0
6.2,3.7,124.0,6.3,4.7,34.0,25.0
5.7,3.4,112.0,5.6,4.4,34.0,25.0
4.9,3.0,100.0,5.2,4.2,34.0,25.0
5.6,3.3,92.0,4.8,4.0,34.0,25.0
5.6,3.3,89.0,4.5,3.9,34.0,25.0
4.2,2.6,90.0,4.3,3.8,34.0,25.0
5.2,2.6,94.0,3.6,3.3,36.0,25.0
4.9,2.8,103.0,3.7,3.6,36.0,25.0
4.8,3.0,114.0,3.8,4.0,37.0,25.0
6.3,3.6,121.0,3.6,4.2,40.0,25.0
9.0,4.9,119.0,3.0,4.1,46.0,25.0
11.6,5.8,111.0,2.1,3.8,54.0,25.0
12.3,6.1,106.0,1.5,3.5,60.0,25.0
11.8,5.8,105.0,1.3,3.4,62.0,26.0
10.6,5.5,105.0,1.4,3.3,62.0,26.0
8.7,5.0,106.0,1.7,3.3,61.0,26.0
8.7,5.1,107.0,2.1,3.3,59.0,26.0
9.3,5.4,109.0,2.6,3.5,56.0,27.0
16.5,8.1,114.0,2.8,3.5,55.0,27.0
13.7,7.5,125.0,4.5,4.3,49.0,27.0
11.8,7.3,139.0,6.8,5.4,41.0,26.0
10.4,7.0,146.0,8.4,6.2,35.0,26.0
9.1,6.5,141.0,8.7,6.6,33.0,27.0
7.7,5.6,129.0,8.3,6.7,32.0,27.0
6.8,4.9,118.0,7.7,6.6,32.0,27.0
5.8,4.0,109.0,7.0,6.2,32.0,27.0
5.4,3.7,101.0,6.2,5.7,33.0,28.0
5.0,3.3,95.0,5.5,5.2,34.0,28.0
4.2,2.8,92.0,5.1,4.9,34.0,28.0
3.7,2.5,91.0,4.9,4.7,34.0,28.0
3.2,2.1,95.0,4.5,4.3,35.0,27.0
3.2,2.4,110.0,4.8,4.6,35.0,27.0
3.9,3.2,129.0,5.2,4.9,35.0,27.0
4.6,3.1,141.0,5.2,5.1,37.0,27.0
6.4,4.6,136.0,4.3,4.9,44.0,27.0
9.7,5.5,124.0,2.9,4.6,54.0,27.0
13.1,6.8,115.0,1.9,4.3,62.0,27.0
14.7,7.3,115.0,1.5,4.1,66.0,28.0
14.4,7.3,118.0,1.4,3.8,68.0,28.0
14.0,7.3,123.0,1.8,3.8,67.0,29.0
12.8,7.1,129.0,2.6,4.0,63.0,29.0
10.2,6.3,136.0,3.7,4.3,58.0,29.0
14.2,8.9,143.0,4.5,5.0,59.0,29.0
12.6,8.6,151.0,7.1,6.0,51.0,30.0
12.4,9.2,160.0,10.6,7.4,39.0,30.0
11.4,8.6,164.0,13.1,8.4,30.0,30.0
11.4,8.7,163.0,13.8,8.9,26.0,31.0
11.3,8.8,158.0,13.4,9.1,24.0,32.0
9.7,7.5,150.0,12.3,8.9,24.0,32.0
7.1,5.1,137.0,10.2,8.0,26.0,33.0
6.3,4.4,120.0,7.5,6.7,29.0,33.0
5.4,3.4,108.0,5.5,5.7,31.0,33.0
4.0,2.7,102.0,4.9,5.3,31.0,33.0
3.1,2.3,101.0,5.1,5.2,30.0,33.0
3.3,2.4,104.0,5.1,5.0,31.0,33.0
4.5,3.1,117.0,5.6,5.2,31.0,33.0
5.5,3.4,135.0,6.3,5.3,30.0,33.0
6.4,4.7,145.0,6.4,5.4,33.0,33.0
8.3,5.2,140.0,5.3,5.2,41.0,33.0
9.2,5.8,128.0,3.6,4.8,52.0,34.0
10.1,6.3,120.0,2.3,4.5,61.0,33.0
10.4,6.3,119.0,1.8,4.3,65.0,33.0
10.3,6.1,122.0,1.7,4.2,68.0,33.0
10.6,6.2,126.0,2.0,4.2,67.0,33.0
10.2,6.4,132.0,2.6,4.3,63.0,33.0
9.5,6.0,139.0,3.5,4.4,57.0,32.0
11.4,6.8,147.0,4.8,4.4,47.0,32.0
9.2,6.0,158.0,8.1,5.5,39.0,31.0
8.7,6.7,171.0,12.5,7.1,28.0,31.0
9.7,7.6,176.0,15.4,8.2,20.0,31.0
9.9,7.9,169.0,15.1,8.5,19.0,30.0
9.5,7.5,155.0,13.2,8.3,21.0,30.0
8.9,6.7,142.0,11.6,8.1,22.0,30.0
8.3,6.1,131.0,11.0,7.8,21.0,30.0
8.0,5.9,122.0,10.6,7.5,20.0,30.0
8.0,5.8,116.0,10.1,7.3,20.0,31.0
8.0,5.7,115.0,9.4,7.3,21.0,32.0
8.1,5.7,118.0,8.5,7.5,22.0,32.0
6.8,4.4,125.0,6.8,6.6,25.0,33.0
5.7,3.7,139.0,6.8,6.5,25.0,33.0
5.0,3.5,156.0,6.8,6.3,26.0,33.0
4.6,3.7,165.0,6.4,6.0,30.0,33.0
4.4,3.5,156.0,5.1,5.4,38.0,32.0
4.6,3.5,138.0,3.4,4.7,49.0,32.0
4.4,3.2,125.0,2.1,4.1,58.0,31.0
4.5,3.1,121.0,1.6,3.8,63.0,30.0
4.9,3.3,121.0,1.7,3.7,65.0,30.0
5.4,3.8,126.0,2.1,3.7,64.0,29.0
5.9,4.4,137.0,2.9,3.8,59.0,29.0
5.1,3.8,153.0,4.1,3.9,52.0,28.0
4.9,3.6,166.0,5.6,4.4,47.0,28.0
5.6,4.4,175.0,8.9,5.5,40.0,27.0
7.0,6.0,181.0,13.4,7.0,29.0,27.0
8.1,6.9,184.0,16.3,8.1,22.0,27.0
8.0,6.8,182.0,16.2,8.6,21.0,27.0
8.4,7.1,177.0,14.5,8.7,22.0,27.0
7.6,6.2,168.0,12.7,8.6,24.0,26.0
6.9,4.9,153.0,11.0,8.1,25.0,26.0
6.9,4.8,135.0,9.1,7.4,27.0,26.0
6.7,4.6,122.0,7.7,6.9,28.0,26.0
6.2,4.3,117.0,7.2,7.0,28.0,25.0
5.2,3.7,118.0,7.1,7.3,27.0,25.0
3.4,2.5,123.0,6.1,6.5,30.0,24.0
2.9,2.3,138.0,6.3,6.6,30.0,24.0
2.9,2.5,158.0,6.6,6.6,31.0,24.0
4.0,3.3,168.0,6.4,6.5,34.0,24.0
5.1,3.9,158.0,5.2,6.0,43.0,24.0
7.1,4.8,138.0,3.5,5.3,56.0,24.0
9.3,5.9,123.0,2.3,4.7,65.0,25.0
10.7,6.3,120.0,1.9,4.3,68.0,25.0
11.1,6.4,122.0,1.9,4.0,67.0,26.0
10.4,6.2,126.0,2.2,3.8,65.0,27.0
9.8,5.9,132.0,2.6,3.8,62.0,27.0
10.2,6.0,139.0,3.2,3.9,58.0,28.0
18.3,9.1,147.0,4.4,4.2,54.0,29.0
15.9,8.8,155.0,7.4,5.3,46.0,30.0
14.5,9.0,164.0,11.5,6.9,36.0,31.0
14.5,9.6,167.0,14.4,8.1,28.0,31.0
15.1,11.0,162.0,15.3,8.8,25.0,32.0
15.4,10.9,152.0,15.0,9.2,24.0,33.0
14.1,9.3,142.0,14.1,9.2,24.0,34.0
12.5,7.6,132.0,12.6,8.8,24.0,34.0
11.7,6.9,122.0,10.4,8.0,26.0,35.0
9.8,5.9,116.0,8.7,7.4,27.0,35.0
8.8,4.9,115.0,7.6,7.1,28.0,35.0
7.5,4.5,117.0,6.9,7.1,29.0,36.0
4.2,2.6,123.0,6.5,6.0,30.0,36.0
3.9,2.8,136.0,6.6,6.1,31.0,36.0
4.1,3.1,154.0,6.6,6.2,32.0,36.0
4.6,3.5,162.0,6.2,6.1,36.0,36.0
6.5,4.3,154.0,5.0,5.6,45.0,36.0
8.8,5.1,137.0,3.3,4.8,57.0,36.0
11.7,6.2,124.0,2.1,4.2,66.0,36.0
12.2,6.3,121.0,1.6,3.9,69.0,36.0
13.4,6.3,122.0,1.5,3.7,68.0,36.0
14.3,6.7,126.0,1.8,3.7,66.0,36.0
15.8,7.5,133.0,2.5,3.8,64.0,37.0
15.0,7.6,143.0,3.6,4.0,61.0,37.0
15.2,8.0,153.0,4.5,4.5,57.0,37.0
13.1,7.5,164.0,7.4,5.5,49.0,36.0
12.9,8.7,175.0,11.4,6.8,37.0,36.0
12.9,8.8,182.0,14.5,7.9,28.0,36.0
12.6,8.8,183.0,15.9,8.6,23.0,36.0
12.5,9.3,180.0,16.4,9.2,21.0,35.0
12.0,8.9,171.0,16.0,9.4,20.0,35.0
9.7,6.4,153.0,14.2,9.1,21.0,35.0
8.7,5.9,130.0,11.4,8.6,25.0,35.0
7.6,5.3,113.0,9.2,8.0,27.0,34.0
6.3,4.5,106.0,8.2,7.5,27.0,34.0
5.7,3.6,105.0,7.8,7.0,26.0,34.0
3.4,2.3,110.0,6.0,6.5,31.0,34.0
3.9,2.7,124.0,6.1,6.4,33.0,34.0
4.9,3.7,143.0,6.1,6.2,36.0,34.0
5.9,4.0,154.0,5.8,5.9,40.0,34.0
8.6,5.0,148.0,4.7,5.4,47.0,35.0
9.4,5.4,134.0,3.3,4.7,56.0,35.0
9.5,5.4,123.0,2.2,4.2,62.0,34.0
9.8,5.8,121.0,1.7,3.9,65.0,34.0
9.7,5.4,123.0,1.6,3.7,66.0,34.0
9.5,5.3,126.0,1.8,3.6,65.0,34.0
8.1,5.0,130.0,2.2,3.5,62.0,33.0
6.7,4.3,135.0,3.0,3.5,58.0,32.0
10.2,6.2,143.0,5.0,4.2,51.0,32.0
9.4,6.3,157.0,8.0,5.2,43.0,32.0
9.1,6.7,174.0,12.2,6.7,33.0,31.0
9.7,7.7,185.0,14.9,7.8,25.0,31.0
9.1,7.2,188.0,14.8,8.3,23.0,31.0
8.6,7.1,185.0,13.4,8.5,25.0,30.0
8.1,6.3,176.0,12.0,8.5,26.0,30.0
8.3,6.3,157.0,11.2,8.4,26.0,29.0
8.5,6.4,132.0,10.5,8.1,25.0,30.0
10.0,6.5,114.0,10.0,7.9,24.0,30.0
11.4,6.7,111.0,10.0,8.0,23.0,30.0
12.4,7.1,115.0,10.1,8.3,21.0,31.0
12.1,7.1,121.0,10.1,8.2,22.0,32.0
13.3,6.9,128.0,9.1,8.3,25.0,33.0
12.5,6.6,137.0,7.8,8.4,29.0,34.0
10.6,6.1,141.0,6.3,8.1,36.0,34.0
9.4,5.5,135.0,4.7,7.3,47.0,35.0
10.0,6.0,123.0,3.1,6.1,59.0,35.0
9.8,5.7,114.0,1.9,5.1,68.0,35.0
10.6,5.5,111.0,1.4,4.5,70.0,35.0
19.9,9.7,111.0,1.4,4.0,68.0,36.0
11.8,6.4,112.0,1.8,3.8,65.0,36.0
10.8,6.3,114.0,2.7,3.9,62.0,36.0
8.7,5.6,119.0,4.0,4.2,58.0,37.0
7.8,4.8,124.0,3.6,3.7,49.0,36.0
8.8,5.7,132.0,5.6,4.7,44.0,36.0
9.9,6.9,142.0,8.4,6.1,37.0,36.0
10.8,7.7,149.0,10.6,7.3,31.0,36.0
11.8,8.8,151.0,11.9,8.1,27.0,37.0
12.0,9.0,150.0,12.8,8.7,24.0,37.0
12.0,8.8,145.0,12.9,9.0,23.0,38.0
12.2,8.6,135.0,11.9,8.9,23.0,38.0
12.8,8.6,121.0,10.2,8.5,25.0,39.0
14.6,8.4,111.0,9.0,8.1,26.0,39.0
14.6,8.3,105.0,8.9,7.9,25.0,39.0
14.1,7.9,101.0,9.2,7.8,23.0,40.0
8.2,4.7,105.0,7.5,6.8,28.0,39.0
6.7,4.1,123.0,7.3,6.8,30.0,38.0
6.3,3.8,148.0,6.9,6.8,33.0,38.0
8.4,5.1,163.0,6.2,6.7,38.0,37.0
10.4,5.9,156.0,5.0,6.4,49.0,38.0
13.2,7.1,139.0,3.5,6.1,62.0,38.0
16.6,8.5,127.0,2.4,5.7,72.0,38.0
18.7,9.6,125.0,1.9,5.3,76.0,39.0
18.7,9.5,128.0,1.7,4.8,77.0,39.0
19.6,9.4,133.0,1.9,4.7,77.0,40.0
18.9,9.1,139.0,2.4,5.0,76.0,41.0
18.1,9.2,147.0,3.2,5.7,73.0,42.0
27.9,13.4,160.0,4.7,5.7,69.0,44.0
24.5,13.4,184.0,7.2,6.8,60.0,45.0
22.9,13.6,212.0,10.8,8.2,48.0,47.0
21.5,13.0,233.0,13.7,9.5,38.0,48.0
20.4,13.0,242.0,15.6,10.4,31.0,49.0
19.7,13.2,243.0,17.0,11.1,26.0,50.0
19.8,12.9,233.0,17.4,11.4,23.0,50.0
17.9,11.3,202.0,16.4,11.2,22.0,51.0
17.2,10.4,160.0,14.5,10.7,23.0,51.0
16.4,9.7,129.0,12.9,10.3,23.0,51.0
15.5,9.2,118.0,12.4,10.2,22.0,51.0
16.1,9.0,119.0,12.3,10.2,20.0,51.0
12.9,7.2,125.0,10.5,9.4,25.0,51.0
12.7,7.0,141.0,9.6,9.1,28.0,51.0
12.1,6.6,163.0,8.2,8.6,32.0,52.0
12.6,6.7,174.0,6.8,8.1,39.0,52.0
14.2,7.3,164.0,5.2,7.4,50.0,52.0
17.6,8.6,143.0,3.5,6.5,63.0,52.0
21.4,9.9,129.0,2.3,5.9,73.0,52.0
25.7,11.5,127.0,2.0,5.6,75.0,52.0
29.5,12.8,132.0,2.2,5.6,74.0,52.0
28.6,12.7,138.0,2.7,5.8,73.0,53.0
26.0,12.4,143.0,3.2,6.4,76.0,53.0
24.0,12.3,150.0,3.9,7.2,79.0,53.0
36.6,18.4,162.0,5.9,9.0,75.0,54.0
32.9,17.6,183.0,9.1,10.3,66.0,54.0
29.8,17.3,208.0,13.5,12.0,54.0,54.0
27.8,17.1,228.0,17.0,13.5,44.0,55.0
27.3,17.2,241.0,18.7,14.4,38.0,55.0
27.2,17.8,249.0,19.4,15.1,35.0,55.0
27.0,17.3,245.0,19.4,15.5,32.0,56.0
25.7,15.9,219.0,18.2,15.5,31.0,56.0
26.0,15.8,180.0,16.3,15.3,30.0,56.0
25.8,15.4,150.0,14.8,15.0,29.0,57.0
24.9,14.8,134.0,14.5,14.8,26.0,57.0
23.7,14.1,126.0,14.6,14.5,22.0,58.0
18.3,10.3,128.0,12.9,15.6,25.0,58.0
17.8,10.2,146.0,11.7,15.2,27.0,58.0
19.0,10.8,174.0,10.0,14.7,29.0,59.0
17.3,9.2,189.0,8.2,13.8,36.0,59.0
18.7,9.7,178.0,6.3,12.3,49.0,59.0
21.2,10.9,154.0,4.4,10.6,66.0,59.0
24.3,12.2,138.0,3.0,9.2,81.0,59.0
26.7,13.2,140.0,2.3,8.5,92.0,59.0
27.1,13.7,149.0,2.0,8.1,101.0,59.0
27.0,14.2,158.0,2.2,8.1,106.0,60.0
27.7,14.7,162.0,2.7,8.3,108.0,60.0
26.8,15.0,165.0,3.7,8.9,106.0,60.0
47.3,22.8,174.0,5.4,9.7,104.0,60.0
39.0,21.2,197.0,7.9,11.0,93.0,61.0
33.3,20.0,227.0,11.4,12.9,78.0,61.0
30.7,19.0,242.0,14.8,14.6,63.0,61.0
29.1,18.4,233.0,18.2,15.8,50.0,61.0
27.9,18.6,210.0,21.6,16.8,37.0,61.0
27.1,19.0,186.0,23.7,17.6,28.0,61.0
25.1,17.6,161.0,23.5,18.2,23.0,61.0
24.4,16.6,134.0,21.9,18.6,22.0,61.0
24.2,16.1,116.0,20.7,19.0,20.0,62.0
23.7,15.8,111.0,20.8,19.7,16.0,62.0
24.4,15.9,116.0,21.1,20.4,13.0,62.0
17.9,10.6,128.0,14.8,19.1,18.0,62.0
16.5,9.7,154.0,13.2,18.2,20.0,62.0
15.8,9.1,187.0,11.0,16.9,23.0,62.0
15.0,8.7,206.0,8.8,15.4,31.0,62.0
16.4,9.3,199.0,6.7,13.7,48.0,62.0
20.4,11.1,178.0,4.6,11.8,70.0,62.0
23.3,12.7,162.0,3.1,10.3,87.0,62.0
23.5,13.0,157.0,2.5,9.3,94.0,62.0
20.3,11.8,157.0,2.4,8.7,95.0,61.0
22.0,12.9,164.0,2.8,8.7,96.0,61.0
17.9,10.9,181.0,3.4,9.3,98.0,61.0
19.9,12.2,206.0,4.4,10.5,98.0,61.0
28.8,17.6,234.0,6.5,11.7,91.0,60.0
29.6,18.5,272.0,8.9,13.4,86.0,60.0
29.2,19.4,313.0,12.4,15.7,80.0,60.0
29.0,19.9,337.0,15.3,17.9,73.0,60.0
28.0,20.3,335.0,17.4,19.7,66.0,60.0
29.2,21.1,316.0,19.0,21.5,59.0,61.0
28.8,21.2,288.0,19.9,22.8,53.0,61.0
27.3,20.7,247.0,19.6,23.7,48.0,61.0
27.8,20.5,197.0,18.6,24.2,43.0,61.0
27.7,20.0,159.0,17.8,24.5,38.0,62.0
28.2,20.3,142.0,17.9,24.7,32.0,62.0
28.6,20.3,137.0,18.2,24.7,25.0,62.0
23.7,15.3,140.0,16.8,25.7,24.0,63.0
22.1,14.1,154.0,15.4,24.8,24.0,63.0
22.5,13.9,174.0,13.4,23.5,25.0,63.0
24.5,13.4,187.0,11.1,21.3,32.0,64.0
27.8,14.2,183.0,8.3,17.7,49.0,64.0
31.5,15.9,170.0,5.3,13.2,72.0,64.0
36.9,17.9,160.0,3.0,9.8,91.0,65.0
41.1,19.3,153.0,2.0,8.0,101.0,65.0
42.8,20.1,147.0,1.8,7.2,107.0,66.0
37.7,18.7,151.0,2.1,7.1,111.0,66.0
33.8,17.6,172.0,2.8,7.7,115.0,67.0
29.9,17.2,203.0,4.0,9.1,117.0,67.0
28.8,17.3,225.0,5.4,9.9,117.0,67.0
25.3,17.6,230.0,9.2,12.2,108.0,67.0
23.5,18.8,227.0,14.5,15.4,96.0,67.0
24.4,20.5,225.0,18.5,18.1,85.0,67.0
24.7,21.1,230.0,20.1,19.9,76.0,67.0
24.8,21.0,237.0,20.4,21.1,68.0,67.0
24.4,20.6,231.0,20.2,22.1,60.0,67.0
22.6,18.8,202.0,19.5,22.7,52.0,67.0
21.9,17.8,161.0,18.3,22.9,45.0,67.0
22.3,17.5,132.0,17.5,23.2,38.0,67.0
21.4,16.5,124.0,17.8,24.0,31.0,66.0
20.3,15.6,128.0,18.4,24.8,25.0,66.0
17.3,12.2,139.0,16.8,25.2,24.0,66.0
15.9,10.8,162.0,15.0,23.9,24.0,66.0
16.4,9.9,192.0,12.5,22.1,24.0,65.0
17.2,9.9,211.0,10.1,20.0,30.0,65.0
18.5,10.5,210.0,7.9,17.6,46.0,65.0
19.8,11.5,197.0,5.8,14.9,68.0,64.0
21.8,12.9,183.0,4.2,12.7,87.0,64.0
21.9,13.4,166.0,3.3,11.2,100.0,64.0
19.8,13.0,147.0,3.0,10.1,109.0,63.0
17.5,12.4,137.0,3.2,9.5,114.0,62.0
16.5,12.8,141.0,3.8,9.4,113.0,62.0
15.4,12.0,153.0,5.0,9.8,107.0,62.0
11.6,9.9,166.0,9.5,8.1,77.0,61.0
12.6,10.2,178.0,11.3,8.6,66.0,61.0
12.7,10.0,189.0,13.8,9.4,52.0,60.0
13.8,10.1,196.0,15.3,9.9,40.0,59.0
12.6,9.1,196.0,15.2,10.1,34.0,58.0
10.8,8.0,190.0,14.1,10.1,31.0,57.0
8.9,6.2,181.0,12.9,9.9,29.0,56.0
7.7,5.1,166.0,11.7,9.2,27.0,55.0
7.4,4.7,146.0,10.3,8.3,26.0,54.0
6.5,4.0,131.0,9.2,7.5,26.0,53.0
6.4,3.8,121.0,8.4,6.9,26.0,52.0
6.5,3.8,114.0,7.9,6.4,27.0,51.0
10.6,5.7,117.0,8.3,7.2,25.0,50.0
11.0,5.5,138.0,8.3,6.8,26.0,50.0
10.9,6.0,168.0,8.3,6.2,27.0,49.0
8.8,5.1,186.0,7.9,5.7,29.0,48.0
7.7,4.7,178.0,6.9,5.5,33.0,46.0
7.1,4.2,157.0,5.6,5.4,38.0,45.0
8.6,4.9,140.0,4.6,5.3,42.0,43.0
9.6,5.6,133.0,4.2,5.0,43.0,41.0
10.1,5.8,130.0,4.1,4.5,43.0,39.0
8.7,5.0,131.0,4.4,4.3,42.0,38.0
7.6,4.6,137.0,5.2,4.3,40.0,36.0
7.7,4.8,148.0,6.4,4.6,37.0,34.0
13.0,6.1,156.0,4.2,3.9,46.0,33.0
10.2,5.7,161.0,5.7,4.6,42.0,32.0
9.3,5.9,164.0,7.9,5.5,36.0,31.0
8.8,5.7,165.0,9.4,6.2,31.0,30.0
9.0,5.9,162.0,9.9,6.5,29.0,29.0
8.8,5.7,157.0,9.7,6.7,27.0,29.0
8.3,5.6,149.0,9.3,6.6,27.0,29.0
6.7,4.0,138.0,8.4,6.2,28.0,28.0
5.9,3.6,125.0,7.2,5.6,29.0,28.0
5.0,3.1,115.0,6.3,5.2,30.0,28.0
4.0,2.4,110.0,6.1,5.0,29.0,28.0
3.9,2.4,110.0,6.1,5.0,28.0,27.0
3.7,2.1,114.0,5.0,4.6,31.0,26.0
4.0,2.6,129.0,5.2,4.8,32.0,26.0
4.7,3.1,149.0,5.5,5.1,34.0,25.0
5.8,3.8,160.0,5.3,5.2,38.0,25.0
7.1,4.1,153.0,4.3,4.9,46.0,25.0
9.0,5.0,136.0,3.0,4.4,56.0,25.0
9.5,5.2,124.0,2.0,4.0,64.0,25.0
9.8,5.3,121.0,1.6,3.8,68.0,25.0
10.6,5.5,123.0,1.6,3.6,69.0,25.0
12.7,6.2,127.0,1.9,3.6,68.0,26.0
15.0,7.1,133.0,2.2,3.6,66.0,28.0
15.4,7.5,140.0,2.8,3.7,62.0,29.0
14.9,7.8,150.0,4.5,4.1,56.0,30.0
14.2,7.8,164.0,6.6,4.9,49.0,29.0
14.1,8.5,179.0,9.5,6.0,40.0,28.0
12.4,8.0,189.0,11.8,7.0,32.0,28.0
12.4,8.5,191.0,13.1,7.6,28.0,29.0
12.8,9.1,187.0,13.9,8.1,25.0,30.0
11.8,8.1,178.0,14.1,8.3,24.0,30.0
11.0,7.7,161.0,13.5,8.1,23.0,31.0
10.4,7.2,139.0,12.3,7.6,23.0,32.0
9.2,6.3,122.0,11.0,7.1,24.0,33.0
8.4,5.7,113.0,9.8,6.6,24.0,33.0
7.3,4.7,109.0,8.5,6.2,25.0,34.0
4.6,3.2,112.0,6.9,5.0,28.0,34.0
5.6,4.1,126.0,6.5,5.2,31.0,35.0
5.7,4.2,147.0,5.8,5.4,36.0,35.0
7.0,4.7,159.0,5.0,5.4,42.0,35.0
10.0,5.8,153.0,3.9,5.0,52.0,35.0
11.7,6.5,139.0,2.7,4.3,64.0,36.0
13.9,7.6,128.0,1.8,3.8,73.0,36.0
13.3,7.2,125.0,1.4,3.5,77.0,37.0
12.4,6.9,126.0,1.4,3.2,77.0,37.0
11.8,6.6,130.0,1.7,3.2,76.0,37.0
11.1,6.4,138.0,2.1,3.4,74.0,37.0
10.9,6.3,148.0,2.8,3.7,69.0,37.0
12.3,7.2,161.0,4.0,3.5,61.0,37.0
10.7,6.9,178.0,7.1,4.7,52.0,36.0
10.5,7.6,197.0,11.3,6.3,39.0,36.0
11.5,8.9,209.0,14.9,7.7,29.0,36.0
12.0,9.5,210.0,17.1,8.6,23.0,37.0
12.7,10.4,204.0,18.7,9.2,20.0,37.0
13.4,11.1,193.0,19.5,9.5,17.0,38.0
12.4,10.0,172.0,19.3,9.2,15.0,38.0
12.1,9.9,146.0,18.5,8.6,14.0,39.0
12.0,9.8,127.0,17.8,8.0,13.0,40.0
11.6,9.4,120.0,18.0,7.7,10.0,40.0
11.3,9.2,121.0,18.3,7.5,8.0,42.0
9.7,7.6,129.0,11.9,7.1,19.0,43.0
11.0,9.1,150.0,10.4,7.0,24.0,44.0
10.9,8.8,177.0,8.3,6.7,31.0,45.0
8.5,6.6,190.0,6.4,6.3,40.0,45.0
8.7,6.4,175.0,4.7,5.5,50.0,45.0
8.9,6.2,145.0,3.1,4.4,62.0,45.0
9.1,6.2,126.0,2.1,3.7,71.0,45.0
8.8,6.1,127.0,1.8,3.5,76.0,45.0
8.5,6.1,139.0,2.1,3.5,79.0,45.0
8.1,6.3,152.0,2.8,3.8,79.0,44.0
7.7,6.2,167.0,3.7,4.2,75.0,44.0
6.7,5.5,183.0,5.0,4.9,69.0,44.0
12.4,8.2,198.0,7.1,4.9,56.0,44.0
11.2,8.5,209.0,10.1,6.2,49.0,45.0
11.4,9.1,218.0,14.2,8.0,40.0,45.0
11.6,9.5,226.0,17.5,9.5,32.0,45.0
12.0,10.2,234.0,19.3,10.6,28.0,45.0
12.5,10.7,241.0,20.1,11.4,26.0,46.0
12.0,10.3,239.0,20.1,11.8,25.0,45.0
11.6,9.7,221.0,18.7,11.7,26.0,45.0
10.9,9.1,194.0,16.4,11.2,30.0,45.0
11.0,8.8,174.0,14.4,10.9,32.0,45.0
10.6,8.2,166.0,13.3,11.2,32.0,45.0
10.4,8.1,165.0,12.6,11.6,32.0,44.0
9.3,7.1,172.0,11.5,11.0,37.0,44.0
10.4,7.9,193.0,10.7,11.0,43.0,44.0
12.0,8.9,221.0,9.5,11.0,51.0,44.0
12.0,8.8,236.0,8.0,10.5,61.0,44.0
11.6,8.6,225.0,6.0,9.2,74.0,45.0
10.4,7.9,200.0,3.8,7.4,89.0,45.0
8.5,6.9,181.0,2.3,6.0,98.0,46.0
6.6,5.5,172.0,2.1,5.2,96.0,45.0
6.0,5.1,168.0,2.7,4.6,88.0,45.0
5.9,5.3,170.0,3.6,4.4,80.0,45.0
4.9,4.5,181.0,4.6,4.3,73.0,45.0
4.1,3.7,197.0,5.9,4.6,66.0,44.0
7.7,6.0,209.0,9.1,4.7,49.0,44.0
9.6,7.0,213.0,11.1,5.7,42.0,43.0
11.1,8.3,214.0,13.8,7.2,32.0,43.0
12.5,8.8,214.0,15.7,8.3,25.0,43.0
13.2,9.5,217.0,16.2,8.9,22.0,43.0
13.9,9.5,220.0,16.0,9.1,21.0,42.0
13.6,9.4,215.0,15.6,9.2,20.0,42.0
12.9,8.6,195.0,14.9,9.0,19.0,42.0
12.9,8.3,168.0,13.9,8.5,19.0,42.0
13.1,8.5,148.0,13.4,8.2,18.0,42.0
13.7,8.7,141.0,13.9,8.1,15.0,42.0
14.5,9.5,140.0,14.9,8.1,12.0,42.0
7.7,5.3,143.0,10.7,7.5,19.0,42.0
6.8,5.0,153.0,9.5,7.4,23.0,41.0
6.3,4.8,166.0,7.7,7.3,29.0,40.0
5.8,4.3,171.0,6.0,6.9,36.0,39.0
6.1,4.2,159.0,4.5,6.2,46.0,38.0
8.0,5.1,138.0,3.0,5.2,58.0,37.0
9.2,5.7,124.0,2.0,4.5,68.0,37.0
9.7,6.0,124.0,1.8,4.3,74.0,37.0
9.7,6.2,130.0,2.0,4.3,78.0,38.0
9.7,6.4,138.0,2.4,4.3,79.0,38.0
9.6,6.1,146.0,2.6,4.2,76.0,38.0
8.8,5.6,155.0,3.0,4.1,69.0,39.0
15.8,8.9,165.0,4.4,4.4,59.0,39.0
14.6,9.0,177.0,7.1,5.5,52.0,40.0
14.4,9.8,189.0,10.8,7.1,42.0,40.0
14.1,10.1,198.0,13.6,8.4,34.0,40.0
14.0,10.5,203.0,14.6,9.2,30.0,41.0
14.0,10.4,206.0,14.7,9.8,28.0,41.0
13.9,10.4,201.0,14.1,10.0,28.0,41.0
13.0,9.6,184.0,12.6,9.7,29.0,41.0
11.6,8.2,159.0,10.4,9.0,32.0,41.0
10.5,7.3,143.0,8.9,8.5,33.0,41.0
9.4,6.3,141.0,8.9,8.4,31.0,40.0
8.5,5.9,147.0,9.5,8.5,28.0,40.0
9.2,6.4,155.0,9.2,9.0,30.0,40.0
9.5,6.8,167.0,8.5,8.8,33.0,40.0
10.0,7.0,180.0,7.5,8.5,37.0,41.0
9.3,6.5,187.0,6.4,8.1,44.0,41.0
9.3,6.5,179.0,4.9,7.4,57.0,42.0
9.7,6.9,164.0,3.4,6.6,74.0,42.0
8.5,6.3,154.0,2.3,5.9,86.0,42.0
9.1,6.9,153.0,2.1,5.4,91.0,43.0
7.8,6.3,157.0,2.5,5.1,91.0,43.0
8.2,7.1,165.0,3.1,5.0,92.0,43.0
8.0,7.3,178.0,3.7,5.2,95.0,43.0
9.1,8.4,195.0,4.7,5.7,98.0,44.0
13.3,11.8,218.0,6.4,7.0,99.0,44.0
14.2,13.3,252.0,9.1,8.4,94.0,45.0
15.8,15.1,291.0,12.9,10.4,88.0,47.0
17.6,17.0,317.0,15.5,12.4,84.0,48.0
21.3,20.7,322.0,15.9,14.4,84.0,50.0
24.4,23.7,315.0,15.2,16.5,86.0,51.0
22.5,21.5,303.0,14.2,17.9,86.0,52.0
17.3,16.5,282.0,13.1,18.4,82.0,53.0
18.0,16.7,256.0,11.7,18.3,75.0,53.0
19.8,17.9,241.0,10.4,17.5,69.0,54.0
16.8,14.7,249.0,9.4,15.8,63.0,55.0
9.2,7.9,268.0,8.6,13.4,58.0,55.0
14.1,11.4,280.0,9.7,12.6,55.0,55.0
12.8,10.4,276.0,8.7,11.5,62.0,56.0
14.1,10.7,264.0,7.3,9.9,72.0,56.0
14.7,11.2,252.0,5.9,8.6,84.0,56.0
15.8,12.9,241.0,4.3,7.9,101.0,57.0
17.8,15.2,229.0,2.7,7.5,120.0,57.0
20.4,17.6,220.0,1.6,7.1,133.0,58.0
18.7,16.6,215.0,1.3,6.4,134.0,59.0
16.6,14.6,213.0,1.4,5.8,128.0,60.0
19.3,16.8,214.0,2.1,5.4,121.0,61.0
16.4,14.5,216.0,3.3,5.3,114.0,65.0
16.1,14.3,221.0,5.0,5.6,107.0,70.0
28.9,24.3,233.0,6.5,7.5,105.0,71.0
30.6,25.9,257.0,8.5,9.4,100.0,67.0
32.4,27.8,289.0,11.3,12.0,93.0,65.0
32.9,28.5,314.0,13.2,14.0,88.0,65.0
33.3,28.5,329.0,13.4,14.9,86.0,66.0
32.2,27.6,337.0,12.7,15.3,87.0,66.0
32.2,28.0,342.0,12.0,15.3,86.0,67.0
26.5,22.9,344.0,11.6,15.2,84.0,67.0
29.3,25.5,341.0,11.1,14.8,81.0,68.0
29.0,25.1,333.0,10.5,14.0,78.0,69.0
29.2,25.3,312.0,9.5,12.6,76.0,69.0
26.8,23.2,286.0,8.3,10.9,74.0,71.0
19.9,17.4,275.0,9.6,12.4,70.0,71.0
25.2,22.8,299.0,9.9,12.5,79.0,72.0
25.0,22.4,337.0,10.2,12.6,93.0,73.0
24.8,21.9,352.0,9.7,12.1,107.0,74.0
24.8,22.2,315.0,7.4,10.6,123.0,75.0
23.5,21.4,255.0,4.2,8.6,140.0,75.0
22.8,20.9,214.0,2.1,7.0,150.0,75.0
20.3,18.7,212.0,1.8,6.2,148.0,76.0
19.3,17.9,229.0,2.6,5.8,139.0,76.0
20.8,19.6,251.0,4.0,5.8,130.0,86.0
20.2,19.2,275.0,6.0,6.3,124.0,92.0
20.5,19.6,303.0,8.5,7.3,117.0,94.0
20.1,18.6,335.0,8.9,6.1,113.0,92.0
21.8,20.8,376.0,12.3,8.0,106.0,85.0
23.6,22.6,419.0,16.9,10.5,97.0,76.0
25.3,24.3,445.0,19.7,12.5,90.0,75.0
24.9,23.9,444.0,19.0,13.2,89.0,75.0
27.4,26.3,426.0,16.4,13.2,91.0,75.0
25.6,24.7,398.0,13.9,13.3,92.0,74.0
19.4,18.6,358.0,12.2,13.7,92.0,74.0
15.4,14.8,310.0,10.6,14.2,91.0,73.0
15.7,15.1,269.0,9.3,14.9,90.0,73.0
18.3,17.6,241.0,8.4,15.9,89.0,72.0
20.4,19.6,221.0,7.9,17.0,87.0,72.0
18.4,17.6,214.0,7.5,16.7,93.0,72.0
26.4,25.5,229.0,8.1,17.7,97.0,72.0
23.7,22.6,257.0,8.8,19.0,104.0,72.0
19.8,18.3,274.0,8.8,19.1,111.0,72.0
21.5,19.8,267.0,7.1,16.8,121.0,71.0
22.4,20.8,248.0,4.7,13.2,132.0,71.0
23.2,21.9,235.0,3.0,10.5,140.0,71.0
22.3,21.2,230.0,2.5,9.3,142.0,72.0
21.0,20.1,229.0,2.9,8.9,140.0,76.0
19.4,18.7,239.0,4.0,9.0,136.0,85.0
18.3,17.9,267.0,6.4,9.5,131.0,91.0
17.9,17.5,305.0,9.6,10.4,125.0,93.0
19.5,19.2,334.0,8.9,8.2,117.0,93.0
21.4,21.2,349.0,11.5,9.2,109.0,88.0
20.4,20.2,356.0,15.1,10.6,98.0,79.0
17.1,16.9,351.0,17.1,12.0,90.0,71.0
17.6,17.4,329.0,16.2,13.3,86.0,70.0
18.9,18.6,296.0,13.7,14.5,84.0,70.0
18.4,18.1,264.0,11.2,15.6,84.0,69.0
16.0,15.5,234.0,9.1,16.3,87.0,69.0
16.3,15.7,205.0,6.9,16.9,92.0,69.0
15.3,14.4,184.0,5.5,17.3,95.0,69.0
15.7,14.7,172.0,5.1,17.7,92.0,69.0
16.9,15.8,168.0,5.4,18.0,87.0,68.0
15.2,14.4,175.0,8.6,18.1,67.0,68.0
17.4,16.6,202.0,9.4,18.9,69.0,67.0
17.3,16.3,241.0,10.4,19.9,72.0,67.0
15.8,14.8,270.0,10.4,20.0,80.0,67.0
18.2,17.1,280.0,8.3,18.3,98.0,66.0
21.9,20.7,281.0,5.3,15.7,121.0,66.0
23.1,21.7,279.0,3.0,13.5,139.0,66.0
23.2,21.9,273.0,2.2,12.2,146.0,66.0
23.2,21.9,264.0,2.3,11.3,148.0,67.0
23.3,22.0,266.0,3.0,11.2,148.0,69.0
22.7,21.5,289.0,4.4,12.1,150.0,86.0
22.9,21.9,323.0,6.4,13.7,151.0,101.0
36.2,33.1,349.0,8.0,13.2,150.0,112.0
35.6,33.6,362.0,10.8,15.1,143.0,116.0
35.9,34.0,368.0,14.5,17.8,133.0,115.0
36.7,35.0,368.0,17.0,19.8,122.0,110.0
37.0,35.4,362.0,17.1,20.5,112.0,102.0
36.8,35.2,350.0,15.9,20.6,101.0,92.0
38.3,36.4,332.0,14.3,20.5,92.0,80.0
36.3,34.3,303.0,12.2,20.2,87.0,78.0
34.6,32.4,267.0,9.8,19.8,83.0,79.0
35.0,33.2,241.0,8.1,19.4,79.0,80.0
35.2,33.5,230.0,7.7,19.2,72.0,82.0
34.7,32.9,229.0,8.0,19.0,64.0,83.0
22.5,20.8,235.0,8.3,21.7,71.0,84.0
24.1,22.5,254.0,9.2,21.6,72.0,84.0
22.0,20.2,280.0,10.3,21.3,74.0,85.0
20.9,19.0,292.0,10.3,20.4,82.0,85.0
22.3,19.8,276.0,8.2,18.3,103.0,85.0
24.6,21.5,247.0,5.1,15.6,130.0,85.0
24.7,21.5,223.0,2.8,13.4,151.0,85.0
25.4,21.9,208.0,1.9,12.0,159.0,85.0
26.9,23.1,199.0,1.9,11.0,160.0,85.0
27.8,23.8,205.0,2.5,10.7,159.0,85.0
27.9,23.8,241.0,3.9,11.2,156.0,101.0
26.0,22.8,293.0,6.0,12.2,151.0,115.0
46.4,37.0,325.0,8.1,11.7,141.0,123.0
45.3,37.4,321.0,10.9,13.9,132.0,124.0
45.5,38.8,297.0,14.7,17.0,120.0,117.0
46.9,39.1,272.0,17.4,19.4,107.0,106.0
46.6,37.7,251.0,18.0,20.5,95.0,92.0
45.2,35.7,228.0,17.4,20.8,82.0,87.0
43.4,34.0,207.0,16.3,20.7,72.0,87.0
40.3,29.5,187.0,14.7,19.9,65.0,87.0
36.3,26.0,168.0,12.7,18.5,59.0,86.0
33.3,23.8,156.0,10.9,17.4,56.0,85.0
30.4,21.6,155.0,9.6,16.9,55.0,84.0
27.0,19.4,161.0,8.6,16.6,56.0,83.0
27.8,19.8,171.0,8.2,16.3,60.0,83.0
24.2,17.8,191.0,8.3,15.5,63.0,83.0
18.6,13.7,215.0,8.4,14.5,67.0,82.0
15.6,11.8,227.0,8.0,13.4,75.0,82.0
15.5,12.0,215.0,6.5,12.3,89.0,81.0
18.6,14.2,191.0,4.6,11.3,107.0,81.0
22.9,16.9,177.0,3.1,10.6,122.0,80.0
25.6,19.0,184.0,2.5,10.4,132.0,80.0
28.0,21.1,202.0,2.4,10.6,139.0,80.0
28.9,22.1,215.0,2.7,10.8,142.0,80.0
29.8,23.2,219.0,3.4,11.0,140.0,80.0
29.9,23.4,219.0,4.6,11.2,134.0,80.0
39.2,28.7,219.0,6.5,10.8,122.0,87.0
34.3,26.5,222.0,8.5,11.7,110.0,88.0
33.3,25.9,226.0,11.2,12.9,94.0,82.0
32.0,25.1,224.0,13.1,13.6,80.0,76.0
31.4,24.4,214.0,13.3,13.6,70.0,75.0
30.5,23.5,198.0,12.7,13.2,63.0,74.0
28.7,21.7,184.0,11.7,12.5,58.0,73.0
26.7,20.0,173.0,10.3,11.5,57.0,72.0
25.5,18.8,162.0,8.6,10.2,58.0,72.0
24.6,18.0,155.0,7.1,9.1,59.0,71.0
22.8,16.8,150.0,6.1,8.1,60.0,71.0
22.3,16.3,147.0,5.5,7.3,61.0,71.0
21.5,16.0,153.0,5.4,6.3,65.0,71.0
20.3,15.3,177.0,5.7,6.3,67.0,70.0
20.6,15.4,209.0,6.2,6.3,69.0,70.0
20.6,15.7,227.0,6.1,6.3,75.0,71.0
21.8,16.5,215.0,5.1,6.3,86.0,71.0
22.0,16.6,188.0,3.5,6.2,101.0,71.0
22.4,16.8,168.0,2.4,6.2,112.0,71.0
22.5,16.5,164.0,2.0,6.2,118.0,71.0
22.3,16.2,167.0,2.0,6.3,120.0,71.0
21.5,15.6,172.0,2.3,6.3,118.0,70.0
21.2,15.4,176.0,2.8,6.0,110.0,70.0
20.4,14.8,182.0,3.6,5.7,98.0,69.0
25.5,17.2,190.0,4.6,4.0,78.0,68.0
22.0,15.4,204.0,6.4,4.8,70.0,67.0
21.0,15.0,219.0,9.0,6.0,58.0,66.0
20.5,15.0,226.0,11.0,6.9,49.0,65.0
19.8,14.5,218.0,12.0,7.4,44.0,65.0
18.8,14.2,201.0,12.6,7.7,40.0,64.0
18.2,13.9,184.0,12.7,7.8,38.0,63.0
16.6,12.5,169.0,12.3,7.7,36.0,63.0
14.3,10.8,153.0,11.5,7.3,35.0,62.0
12.4,9.6,142.0,10.8,7.1,34.0,61.0
11.1,8.6,135.0,10.5,7.1,32.0,61.0
9.8,7.5,132.0,10.2,7.2,31.0,60.0
6.6,5.4,137.0,9.2,7.2,34.0,59.0
7.9,6.4,158.0,8.2,7.4,39.0,59.0
9.5,7.5,187.0,6.8,7.7,47.0,58.0
11.1,8.3,202.0,5.4,7.8,57.0,57.0
12.5,9.0,191.0,4.1,7.4,72.0,57.0
14.3,9.9,167.0,2.7,6.7,90.0,56.0
15.7,10.4,148.0,1.8,6.1,104.0,56.0
17.4,10.9,139.0,1.4,5.6,110.0,55.0
21.2,12.0,134.0,1.3,5.3,111.0,55.0
20.8,12.0,134.0,1.6,5.1,110.0,55.0
18.6,11.4,141.0,1.9,5.1,108.0,54.0
17.0,10.9,152.0,2.4,5.4,105.0,54.0
12.3,8.8,166.0,5.1,5.8,93.0,53.0
11.6,9.0,183.0,7.5,7.3,84.0,53.0
12.8,10.7,201.0,10.9,9.5,70.0,53.0
14.5,12.4,216.0,13.8,11.5,59.0,52.0
16.1,14.1,225.0,15.7,13.2,52.0,52.0
17.1,15.3,231.0,17.1,14.6,47.0,52.0
17.5,15.5,229.0,17.8,15.4,42.0,53.0
17.2,15.0,215.0,17.4,15.0,37.0,53.0
17.7,15.3,195.0,16.4,13.9,33.0,53.0
18.3,15.9,181.0,15.4,12.8,30.0,54.0
19.4,17.3,175.0,14.9,11.8,25.0,54.0
21.3,19.2,175.0,14.6,10.8,22.0,55.0
19.7,17.1,193.0,15.1,11.0,21.0,56.0
28.7,27.4,246.0,14.1,12.8,31.0,58.0
27.6,26.0,316.0,12.5,15.2,46.0,59.0
19.1,16.8,358.0,10.6,16.2,63.0,60.0
16.4,13.3,346.0,7.9,14.5,85.0,60.0
17.1,12.7,306.0,4.8,11.5,109.0,60.0
18.1,12.7,270.0,2.5,9.0,127.0,61.0
19.5,13.1,246.0,1.6,7.8,136.0,61.0
19.5,13.1,227.0,1.4,7.1,138.0,61.0
19.7,13.2,215.0,2.0,6.9,138.0,61.0
19.8,13.9,212.0,3.0,6.9,136.0,65.0
19.6,14.3,216.0,4.7,7.2,132.0,79.0
29.0,21.2,235.0,8.3,8.3,117.0,86.0
31.3,25.7,272.0,13.1,10.7,105.0,85.0
33.2,29.0,324.0,19.7,14.2,89.0,77.0
36.2,32.5,378.0,25.1,17.3,75.0,67.0
40.7,37.4,442.0,28.4,19.8,66.0,69.0
44.9,41.4,509.0,30.5,22.0,59.0,71.0
49.2,46.1,551.0,31.1,23.2,53.0,73.0
51.8,48.9,547.0,29.5,22.9,48.0,76.0
55.1,52.3,517.0,26.5,21.6,44.0,79.0
58.8,56.0,494.0,23.9,20.4,40.0,82.0
60.5,58.1,498.0,22.9,19.3,33.0,85.0
60.5,58.2,509.0,22.3,18.2,25.0,88.0
56.3,53.6,502.0,25.7,15.0,22.0,91.0
68.7,65.9,462.0,21.5,16.6,47.0,94.0
62.6,59.8,405.0,15.7,18.6,81.0,97.0
41.9,37.6,350.0,10.6,18.9,109.0,98.0
29.7,23.8,300.0,6.9,15.7,124.0,99.0
25.6,19.1,252.0,3.9,10.6,132.0,100.0
23.3,17.0,217.0,1.9,6.8,137.0,100.0
22.6,16.2,194.0,1.2,5.4,141.0,100.0
22.6,16.1,183.0,1.5,5.2,141.0,101.0
22.4,16.0,199.0,2.4,5.2,139.0,101.0
24.3,18.4,244.0,3.7,5.1,134.0,101.0
22.5,17.5,314.0,5.6,5.3,126.0,102.0
27.5,21.3,417.0,10.1,6.4,113.0,102.0
28.5,24.6,592.0,14.9,8.6,101.0,102.0
30.6,27.5,799.0,21.5,11.6,85.0,101.0
33.3,30.7,921.0,27.5,14.2,69.0,101.0
37.0,34.5,887.0,32.0,15.9,55.0,101.0
42.4,40.0,769.0,35.9,17.2,43.0,101.0
46.6,44.1,665.0,38.4,18.2,33.0,101.0
49.6,47.1,606.0,39.3,18.8,27.0,100.0
52.6,50.2,561.0,39.0,19.2,24.0,100.0
55.2,52.9,534.0,37.8,19.5,23.0,100.0
58.6,56.1,527.0,35.8,19.7,21.0,100.0
59.0,56.5,539.0,33.0,19.9,19.0,100.0
62.9,60.3,567.0,35.1,20.6,18.0,100.0
87.1,83.8,642.0,30.3,19.8,38.0,102.0
83.6,79.6,734.0,23.5,18.5,66.0,104.0
55.1,49.0,747.0,17.1,16.7,92.0,105.0
46.3,36.2,605.0,11.5,13.9,114.0,107.0
48.4,34.2,383.0,6.2,10.6,135.0,108.0
50.1,33.5,220.0,2.6,8.1,150.0,110.0
50.1,32.9,172.0,1.2,7.0,158.0,112.0
51.0,33.2,181.0,1.5,6.8,160.0,113.0
51.3,33.5,211.0,2.4,6.8,159.0,115.0
50.8,33.4,249.0,3.4,6.8,156.0,117.0
48.5,33.3,308.0,5.2,7.2,149.0,118.0
40.0,29.2,385.0,8.9,7.5,131.0,121.0
38.2,31.5,493.0,17.8,9.4,109.0,120.0
40.2,35.3,619.0,29.9,12.2,78.0,121.0
42.8,39.0,726.0,38.6,14.6,54.0,122.0
45.1,41.8,808.0,40.8,16.6,44.0,122.0
47.3,44.4,871.0,39.5,18.2,41.0,123.0
49.8,47.1,890.0,37.1,19.0,39.0,123.0
51.9,49.4,841.0,33.6,18.2,36.0,123.0
53.2,50.9,748.0,28.9,16.4,35.0,123.0
55.1,52.9,665.0,24.9,15.2,34.0,123.0
57.7,55.1,607.0,22.2,15.2,33.0,123.0
58.9,55.8,559.0,20.1,15.7,32.0,123.0
69.2,64.0,525.0,21.0,15.0,34.0,124.0
82.0,77.8,522.0,20.8,15.0,47.0,123.0
79.9,74.5,532.0,20.3,14.8,66.0,122.0
64.3,55.6,514.0,18.3,14.3,87.0,123.0
48.7,36.1,433.0,13.4,13.0,113.0,123.0
45.3,29.1,323.0,7.1,11.3,141.0,123.0
45.4,26.7,239.0,2.5,9.7,161.0,122.0
44.5,25.4,201.0,1.0,8.4,168.0,121.0
43.4,24.6,189.0,1.2,7.4,166.0,120.0
43.0,24.4,203.0,2.3,6.8,162.0,119.0
42.6,24.7,246.0,3.6,6.8,158.0,118.0
42.8,26.0,314.0,5.8,7.3,151.0,126.0
54.6,33.2,395.0,13.2,7.5,125.0,129.0
52.7,35.9,502.0,22.6,9.5,101.0,120.0
55.4,40.4,622.0,35.6,12.4,68.0,119.0
57.3,45.1,709.0,45.3,15.0,43.0,120.0
59.8,49.4,742.0,48.8,17.2,33.0,120.0
62.9,54.0,743.0,49.0,19.2,30.0,121.0
66.8,58.7,729.0,47.8,20.4,28.0,123.0
68.5,60.3,703.0,45.3,20.2,26.0,124.0
68.2,59.6,663.0,41.3,19.2,25.0,125.0
67.1,57.9,618.0,37.3,18.1,26.0,125.0
66.8,55.9,566.0,33.7,17.1,26.0,125.0
65.9,53.2,509.0,30.1,16.1,28.0,125.0
43.7,30.7,471.0,14.6,8.1,47.0,122.0
43.3,29.5,476.0,14.0,8.4,57.0,117.0
43.9,30.7,500.0,13.1,8.7,71.0,112.0
51.9,32.7,489.0,11.4,8.7,87.0,110.0
64.7,35.2,403.0,8.3,8.1,106.0,110.0
67.1,34.5,282.0,4.5,7.1,126.0,110.0
62.4,31.8,194.0,1.8,6.4,141.0,111.0
57.4,29.6,170.0,0.7,6.0,146.0,111.0
53.6,28.2,179.0,0.7,5.8,146.0,111.0
51.6,27.6,201.0,1.8,5.8,142.0,112.0
49.6,27.1,214.0,3.2,5.8,138.0,112.0
47.3,27.7,239.0,5.7,5.9,131.0,112.0
62.4,38.6,319.0,11.3,6.8,115.0,113.0
58.1,39.6,514.0,17.9,8.3,97.0,113.0
58.4,41.6,764.0,27.1,10.5,72.0,113.0
60.3,43.9,935.0,34.6,12.4,51.0,113.0
61.7,46.0,964.0,39.1,13.8,38.0,113.0
63.3,48.0,914.0,42.0,15.0,28.0,112.0
63.3,48.7,841.0,42.9,15.4,22.0,111.0
58.4,45.6,750.0,41.0,14.7,19.0,110.0
54.9,43.1,636.0,37.2,13.2,20.0,108.0
53.4,41.6,540.0,33.9,12.0,20.0,106.0
52.9,40.5,471.0,32.3,11.5,17.0,105.0
54.6,40.6,420.0,31.1,11.2,15.0,103.0
47.3,33.3,396.0,22.6,8.3,36.0,104.0
46.2,32.7,426.0,20.6,8.2,46.0,104.0
43.2,32.6,482.0,17.6,8.1,61.0,104.0
39.0,28.0,496.0,14.2,8.0,79.0,104.0
44.0,28.6,419.0,10.0,7.8,102.0,103.0
42.8,27.0,299.0,5.3,7.6,128.0,102.0
35.7,22.8,210.0,2.0,7.2,147.0,101.0
31.2,20.0,181.0,0.7,6.6,153.0,100.0
28.8,18.6,183.0,0.8,5.9,152.0,99.0
26.3,17.1,201.0,1.8,5.5,148.0,99.0
24.4,16.4,235.0,3.4,5.4,143.0,98.0
22.4,16.0,286.0,6.0,5.5,134.0,102.0
43.5,31.0,336.0,11.1,6.2,116.0,105.0
37.4,29.7,387.0,15.6,7.9,102.0,99.0
33.3,28.1,438.0,21.9,10.3,83.0,94.0
30.5,26.8,471.0,27.2,12.7,68.0,93.0
29.9,27.0,476.0,30.6,15.1,61.0,91.0
31.4,29.0,464.0,33.0,17.5,57.0,90.0
42.8,27.6,441.0,16.3,6.6,54.0,84.0
44.1,25.6,350.0,15.0,5.7,47.0,85.0
45.2,24.8,273.0,14.0,5.0,41.0,86.0
45.6,24.6,218.0,13.0,4.4,36.0,86.0
47.1,25.1,176.0,12.3,3.8,32.0,87.0
55.1,34.9,169.0,24.9,8.0,26.0,89.0
54.6,34.6,226.0,20.8,7.9,34.0,90.0
54.4,31.9,317.0,15.2,7.7,46.0,91.0
63.6,33.3,367.0,10.3,7.4,60.0,92.0
72.4,35.4,332.0,7.1,6.7,76.0,93.0
80.8,37.3,256.0,4.7,5.9,94.0,94.0
89.6,39.1,199.0,3.1,5.3,107.0,94.0
98.0,40.6,183.0,2.4,5.1,113.0,95.0
100.8,41.2,185.0,2.5,5.1,114.0,95.0
102.9,42.3,197.0,2.8,5.1,114.0,96.0
105.9,43.7,221.0,2.7,4.9,116.0,97.0
104.3,43.7,255.0,2.9,4.6,117.0,98.0
93.1,40.6,285.0,5.4,5.0,105.0,99.0
80.6,39.5,305.0,13.6,5.9,86.0,100.0
75.9,40.7,321.0,24.9,7.1,61.0,100.0
83.4,47.0,339.0,33.3,8.0,41.0,100.0
87.8,52.5,369.0,36.7,8.6,33.0,102.0
87.5,54.6,403.0,37.1,9.0,31.0,104.0
75.2,47.6,416.0,34.6,8.8,32.0,106.0
59.8,37.5,397.0,27.1,7.6,38.0,107.0
50.3,30.9,357.0,16.7,5.8,47.0,107.0
45.9,26.4,317.0,9.0,4.5,53.0,108.0
45.9,24.6,275.0,6.9,4.1,51.0,108.0
47.8,24.2,231.0,7.5,4.2,46.0,108.0
46.3,28.8,205.0,11.5,4.5,43.0,107.0
45.5,27.2,211.0,11.3,4.7,42.0,106.0
48.0,27.6,235.0,10.8,4.9,42.0,106.0
55.4,29.3,249.0,9.9,5.0,45.0,105.0
66.1,33.1,233.0,7.9,4.8,55.0,105.0
72.2,35.4,207.0,5.4,4.4,69.0,105.0
71.0,35.6,209.0,3.6,4.1,80.0,104.0
67.3,34.5,274.0,3.1,4.0,85.0,104.0
64.3,33.3,366.0,3.2,3.9,86.0,103.0
64.0,34.3,417.0,3.8,3.9,85.0,102.0
61.2,32.9,381.0,4.6,4.0,82.0,101.0
62.4,33.6,304.0,5.8,4.2,78.0,100.0
51.8,32.1,254.0,20.9,5.2,56.0,99.0
49.1,30.9,265.0,21.1,5.4,53.0,99.0
46.7,30.2,304.0,21.4,5.7,49.0,98.0
47.6,31.2,334.0,22.1,6.1,44.0,97.0
51.0,33.5,346.0,24.3,6.7,38.0,95.0
52.5,34.9,349.0,26.9,7.3,31.0,94.0
49.4,33.3,339.0,27.2,7.6,28.0,92.0
43.3,28.8,308.0,22.9,7.1,33.0,92.0
39.8,25.0,265.0,16.2,6.2,41.0,91.0
40.0,23.3,228.0,11.1,5.6,47.0,91.0
41.3,22.6,202.0,9.2,5.7,47.0,91.0
42.1,22.4,182.0,8.9,6.0,45.0,91.0
37.8,20.4,174.0,9.3,6.0,44.0,90.0
35.6,19.0,187.0,8.9,6.2,43.0,89.0
36.6,19.2,212.0,8.4,6.4,43.0,89.0
43.5,20.7,223.0,7.5,6.4,46.0,88.0
49.8,22.2,205.0,5.9,6.1,56.0,87.0
55.1,23.7,172.0,4.0,5.6,69.0,86.0
58.7,25.2,147.0,2.6,5.2,80.0,85.0
60.1,26.1,133.0,2.2,5.1,87.0,85.0
59.8,26.3,126.0,2.3,5.2,92.0,84.0
59.5,26.3,134.0,2.8,5.3,95.0,84.0
59.4,26.4,165.0,3.5,5.3,97.0,83.0
61.0,26.7,211.0,4.4,5.3,96.0,83.0
61.5,30.2,252.0,10.4,5.0,81.0,82.0
60.1,32.5,285.0,15.2,5.9,71.0,83.0
59.6,33.9,313.0,21.5,7.2,58.0,83.0
57.5,33.3,327.0,24.6,7.9,49.0,83.0
56.0,31.7,324.0,21.3,7.4,49.0,83.0
55.6,30.4,309.0,14.8,6.3,53.0,83.0
55.1,29.4,281.0,9.7,5.5,55.0,82.0
54.1,28.5,233.0,8.0,5.3,52.0,82.0
52.7,27.9,174.0,7.7,5.3,47.0,82.0
51.7,27.6,131.0,7.6,5.4,43.0,83.0
51.3,27.4,119.0,7.5,5.5,40.0,83.0
51.7,27.2,123.0,7.6,5.5,38.0,84.0
43.7,23.7,130.0,7.4,5.6,39.0,84.0
40.4,21.1,136.0,7.1,5.8,39.0,84.0
44.7,21.1,144.0,6.6,5.9,39.0,84.0
45.5,20.7,148.0,5.8,5.9,43.0,84.0
47.3,20.0,145.0,4.6,5.4,52.0,84.0
57.2,21.9,139.0,3.1,4.7,64.0,84.0
61.9,22.3,133.0,2.0,4.1,75.0,84.0
64.5,23.1,125.0,1.6,3.8,82.0,83.0
64.7,23.5,118.0,1.6,3.7,88.0,83.0
66.8,24.4,124.0,1.9,3.7,92.0,83.0
68.7,25.3,156.0,2.5,3.7,94.0,83.0
68.2,25.9,202.0,3.4,3.7,94.0,83.0
83.8,32.7,240.0,4.1,3.9,94.0,83.0
72.6,32.7,265.0,7.6,4.7,85.0,83.0
65.7,32.9,282.0,12.3,5.8,72.0,83.0
61.0,32.4,281.0,15.0,6.5,62.0,83.0
56.5,30.2,248.0,13.7,6.3,58.0,83.0
52.6,27.8,197.0,10.5,5.6,56.0,83.0
48.5,25.6,155.0,7.9,5.1,53.0,82.0
44.1,23.2,135.0,7.0,4.8,48.0,82.0
40.3,21.5,125.0,6.7,4.7,42.0,81.0
37.8,20.3,119.0,6.7,4.6,37.0,81.0
34.7,18.6,115.0,6.9,4.6,34.0,80.0
29.5,15.5,115.0,7.4,4.7,32.0,79.0
27.1,14.4,118.0,7.6,4.8,31.0,78.0
26.1,13.7,126.0,7.0,4.9,32.0,78.0
32.4,15.0,138.0,6.2,5.0,34.0,77.0
41.4,18.0,144.0,5.2,5.0,39.0,77.0
49.6,19.8,139.0,4.0,4.7,49.0,77.0
55.5,21.1,128.0,2.8,4.3,62.0,77.0
60.8,22.4,121.0,1.9,4.0,73.0,77.0
63.1,23.1,121.0,1.6,3.8,80.0,77.0
65.9,24.3,126.0,1.6,3.7,86.0,77.0
65.7,25.1,136.0,1.9,3.6,89.0,77.0
61.9,24.9,158.0,2.4,3.7,91.0,77.0
58.0,24.7,186.0,3.2,3.8,91.0,77.0
76.8,31.5,204.0,4.0,3.9,90.0,77.0
62.6,29.7,204.0,5.5,4.3,85.0,77.0
55.3,28.3,194.0,7.5,4.8,77.0,76.0
50.2,26.7,181.0,8.8,5.1,69.0,76.0
46.7,25.0,166.0,8.8,5.1,62.0,75.0
44.6,23.7,148.0,8.0,4.8,55.0,75.0
42.5,22.4,133.0,7.3,4.6,49.0,75.0
39.9,21.0,124.0,6.8,4.4,45.0,75.0
38.2,20.1,119.0,6.4,4.3,41.0,75.0
37.0,19.4,115.0,6.1,4.2,39.0,75.0
35.7,18.6,111.0,6.1,4.2,37.0,75.0
33.6,17.2,108.0,6.2,4.3,36.0,75.0
28.8,15.0,110.0,6.6,4.3,35.0,75.0
26.0,13.1,121.0,6.2,4.3,36.0,75.0
27.4,13.2,136.0,5.6,4.4,37.0,75.0
25.0,11.9,144.0,4.9,4.3,41.0,74.0
26.7,11.6,139.0,3.9,3.9,49.0,73.0
35.3,13.8,126.0,2.7,3.5,59.0,73.0
40.3,15.3,118.0,1.9,3.1,68.0,72.0
45.4,17.0,116.0,1.6,3.0,75.0,72.0
51.9,19.4,118.0,1.6,3.0,80.0,71.0
58.4,21.9,125.0,1.8,3.0,84.0,71.0
59.1,23.1,141.0,2.1,3.0,86.0,71.0
55.3,23.2,161.0,2.6,3.1,87.0,71.0
55.1,23.8,174.0,3.7,3.4,84.0,70.0
49.4,23.7,173.0,4.8,3.7,79.0,70.0
46.9,23.7,164.0,6.3,4.0,71.0,69.0
45.3,23.6,155.0,7.3,4.3,64.0,69.0
43.9,23.1,148.0,7.3,4.4,57.0,69.0
42.5,22.2,140.0,6.8,4.4,51.0,69.0
40.5,21.1,132.0,6.4,4.3,46.0,69.0
38.0,19.7,124.0,6.2,4.2,43.0,69.0
35.3,18.2,115.0,6.1,4.1,41.0,69.0
32.2,16.6,109.0,6.0,4.0,39.0,68.0
29.7,15.1,107.0,6.1,4.0,37.0,68.0
27.2,13.5,107.0,6.4,4.0,36.0,68.0
24.9,12.3,108.0,6.2,4.0,36.0,68.0
23.4,11.1,111.0,5.6,4.1,38.0,67.0
27.5,12.5,116.0,4.8,4.3,40.0,67.0
33.9,13.8,119.0,3.9,4.3,45.0,68.0
43.5,16.2,118.0,3.1,4.1,53.0,68.0
55.5,19.5,115.0,2.2,3.8,63.0,68.0
64.5,22.1,113.0,1.6,3.6,71.0,69.0
68.2,23.9,113.0,1.3,3.4,77.0,69.0
65.4,23.9,114.0,1.2,3.3,82.0,70.0
61.7,23.6,115.0,1.3,3.2,85.0,70.0
58.6,23.2,116.0,1.5,3.1,84.0,70.0
56.5,22.9,118.0,2.0,3.1,81.0,70.0
84.8,32.5,120.0,2.8,3.3,74.0,71.0
73.3,30.4,122.0,3.5,3.5,69.0,71.0
64.5,28.3,124.0,4.4,3.9,61.0,71.0
53.8,25.1,125.0,5.1,4.1,55.0,72.0
43.5,21.5,125.0,5.3,4.1,50.0,71.0
36.4,18.5,124.0,5.2,4.0,47.0,71.0
31.7,16.3,122.0,5.1,3.9,44.0,71.0
28.3,14.5,119.0,5.0,3.8,42.0,70.0
26.0,13.3,114.0,4.9,3.6,41.0,70.0
24.2,12.5,111.0,4.9,3.5,40.0,70.0
22.6,11.8,109.0,5.1,3.6,39.0,69.0
21.5,11.3,108.0,5.5,3.7,37.0,69.0
20.2,11.1,110.0,5.8,3.8,37.0,69.0
20.8,11.4,120.0,5.6,4.1,38.0,69.0
22.4,12.3,134.0,5.4,4.5,40.0,69.0
26.5,13.0,142.0,4.9,4.7,44.0,69.0
31.9,14.2,137.0,4.0,4.5,52.0,69.0
36.3,15.5,127.0,2.8,4.2,63.0,69.0
38.3,16.2,119.0,2.0,3.9,72.0,68.0
38.6,16.7,118.0,1.6,3.7,79.0,68.0
39.3,17.1,120.0,1.5,3.5,85.0,67.0
39.5,17.5,123.0,1.7,3.4,88.0,67.0
38.4,17.6,125.0,2.2,3.3,89.0,66.0
37.3,17.6,127.0,2.9,3.2,87.0,66.0
40.9,21.0,131.0,3.8,3.1,81.0,65.0
43.1,21.8,139.0,4.7,3.4,75.0,64.0
43.9,22.5,149.0,5.9,3.9,67.0,64.0
43.0,22.6,155.0,6.7,4.2,60.0,64.0
42.0,22.2,153.0,6.9,4.3,54.0,64.0
41.4,21.8,146.0,6.7,4.4,48.0,64.0
39.9,21.0,139.0,6.5,4.3,44.0,64.0
37.5,19.7,132.0,6.3,4.1,41.0,65.0
35.3,18.6,124.0,6.0,3.9,39.0,65.0
33.4,17.6,118.0,5.9,3.7,38.0,65.0
31.2,16.6,115.0,6.0,3.7,37.0,66.0
28.9,15.5,114.0,6.2,3.8,35.0,66.0
27.8,14.7,117.0,6.6,3.9,35.0,66.0
25.2,13.7,128.0,6.6,4.2,35.0,67.0
26.0,14.1,142.0,6.5,4.6,36.0,67.0
26.2,13.7,150.0,6.0,4.8,39.0,67.0
26.5,13.3,144.0,4.8,4.5,46.0,67.0
35.4,15.2,131.0,3.3,4.0,55.0,67.0
37.3,15.4,122.0,2.2,3.5,63.0,67.0
41.7,16.5,120.0,1.7,3.2,69.0,67.0
44.2,17.2,122.0,1.6,2.9,73.0,67.0
49.5,18.7,125.0,1.8,2.8,76.0,67.0
56.8,20.5,125.0,2.0,2.8,78.0,67.0
48.3,18.8,126.0,2.5,2.9,79.0,67.0
77.8,28.2,140.0,4.4,3.0,71.0,68.0
71.5,28.5,183.0,6.2,3.5,66.0,68.0
65.2,28.3,238.0,8.5,4.1,59.0,69.0
77.1,32.5,269.0,10.0,4.6,53.0,69.0
72.9,30.7,254.0,9.6,4.6,49.0,70.0
52.0,24.9,216.0,8.3,4.5,47.0,70.0
40.6,20.5,180.0,7.2,4.3,44.0,70.0
28.3,15.5,155.0,6.8,4.2,41.0,70.0
21.8,12.6,134.0,6.7,4.2,38.0,69.0
20.0,11.7,120.0,6.8,4.2,35.0,69.0
19.6,11.5,116.0,7.4,4.3,32.0,69.0
19.4,11.4,120.0,8.3,4.5,30.0,68.0
15.8,9.7,127.0,9.8,4.4,28.0,68.0
15.5,9.3,140.0,8.8,4.6,30.0,68.0
16.7,9.5,156.0,7.3,4.8,34.0,67.0
19.4,10.1,164.0,5.9,4.9,40.0,67.0
24.5,11.4,157.0,4.5,4.6,50.0,67.0
29.6,12.9,142.0,3.2,4.2,62.0,67.0
34.8,14.2,131.0,2.2,3.8,72.0,66.0
39.1,15.3,126.0,1.8,3.6,78.0,66.0
44.5,16.5,125.0,1.7,3.4,81.0,66.0
52.6,18.5,129.0,1.9,3.3,83.0,66.0
56.6,19.8,142.0,2.2,3.1,83.0,66.0
60.3,21.0,160.0,2.7,2.9,82.0,66.0
66.1,23.4,175.0,4.1,3.5,77.0,66.0
63.6,25.2,181.0,7.6,4.7,69.0,66.0
66.1,30.3,184.0,12.4,6.4,58.0,66.0
59.0,29.4,193.0,16.2,7.6,49.0,66.0
55.5,29.0,216.0,18.0,8.0,43.0,66.0
48.9,27.8,244.0,18.7,8.0,39.0,66.0
46.8,27.6,261.0,18.8,7.6,36.0,66.0
46.2,27.5,254.0,18.0,6.7,34.0,67.0
49.1,28.6,236.0,16.5,5.6,32.0,69.0
52.0,30.2,223.0,15.4,4.7,30.0,70.0
52.7,31.0,225.0,15.4,4.4,26.0,72.0
51.2,30.6,233.0,15.6,4.4,22.0,73.0
49.5,29.0,234.0,13.2,4.8,25.0,75.0
46.9,28.2,224.0,11.6,5.4,27.0,76.0
46.9,26.7,208.0,9.4,6.3,31.0,77.0
48.0,24.7,191.0,7.3,6.8,38.0,79.0
53.4,24.5,173.0,5.5,6.6,51.0,80.0
59.3,25.2,155.0,3.8,6.0,67.0,81.0
61.9,25.2,142.0,2.6,5.4,79.0,81.0
61.2,24.2,136.0,2.0,4.8,84.0,82.0
60.1,22.9,135.0,1.9,4.2,86.0,83.0
58.7,21.8,138.0,2.0,3.8,86.0,83.0
51.7,19.8,147.0,2.1,3.6,86.0,83.0
50.5,19.5,160.0,2.5,3.6,84.0,83.0
68.9,24.9,172.0,4.6,4.0,75.0,83.0
58.2,24.4,181.0,7.3,4.7,68.0,83.0
56.6,26.4,189.0,11.1,5.6,58.0,82.0
58.6,27.5,199.0,13.7,6.2,51.0,82.0
44.7,23.7,218.0,14.1,6.2,48.0,82.0
36.1,21.2,240.0,13.3,5.9,48.0,81.0
33.1,20.2,248.0,12.5,5.5,47.0,81.0
31.3,19.4,231.0,11.9,5.0,44.0,80.0
30.6,18.8,202.0,11.3,4.5,39.0,79.0
30.5,18.5,177.0,11.0,4.2,35.0,78.0
30.9,18.3,164.0,11.4,4.3,31.0,77.0
30.6,18.3,157.0,12.0,4.7,27.0,77.0
30.7,18.6,154.0,13.3,5.0,24.0,76.0
29.3,17.8,160.0,11.7,5.6,27.0,75.0
31.7,17.9,171.0,9.4,6.5,31.0,74.0
33.4,17.7,175.0,7.3,6.9,38.0,74.0
37.7,17.9,165.0,5.4,6.5,51.0,73.0
43.0,18.9,148.0,3.7,5.7,67.0,73.0
48.1,19.7,136.0,2.4,5.0,79.0,72.0
51.9,20.1,132.0,1.8,4.4,84.0,72.0
56.5,20.8,132.0,1.8,4.0,86.0,72.0
56.7,20.7,134.0,2.0,3.6,86.0,72.0
55.8,20.7,136.0,2.2,3.4,86.0,72.0
51.7,19.9,140.0,2.6,3.3,85.0,72.0
79.9,29.1,148.0,3.9,3.3,83.0,72.0
71.5,29.5,163.0,8.7,4.1,73.0,72.0
65.2,30.9,181.0,15.1,5.1,59.0,73.0
61.5,31.5,194.0,18.8,5.7,49.0,73.0
55.9,30.3,198.0,17.1,5.5,48.0,74.0
50.3,28.2,197.0,12.7,4.8,51.0,74.0
46.4,26.4,190.0,9.2,4.3,52.0,75.0
43.2,24.2,172.0,8.0,4.1,49.0,75.0
39.8,22.1,147.0,7.7,4.1,44.0,75.0
36.2,20.2,130.0,7.8,4.3,40.0,75.0
32.4,18.5,125.0,8.4,4.8,36.0,75.0
29.3,17.3,127.0,9.3,5.4,32.0,75.0
29.8,17.6,132.0,9.5,5.3,32.0,75.0
27.6,16.7,143.0,8.6,5.6,34.0,75.0
27.8,15.6,158.0,7.3,6.1,36.0,75.0
29.0,14.6,166.0,6.0,6.2,42.0,75.0
31.8,14.8,160.0,4.7,5.7,53.0,75.0
33.5,15.1,147.0,3.3,4.9,66.0,74.0
33.6,15.0,136.0,2.3,4.3,77.0,74.0
32.6,14.3,132.0,1.9,4.0,82.0,73.0
32.2,13.9,130.0,1.8,3.7,85.0,73.0
30.9,13.4,131.0,2.0,3.6,86.0,72.0
32.0,13.6,133.0,2.1,3.4,86.0,72.0
29.2,13.0,137.0,2.4,3.4,85.0,71.0
28.3,12.7,148.0,4.5,3.6,79.0,70.0
25.8,13.4,176.0,9.3,4.4,69.0,69.0
27.1,16.0,212.0,15.8,5.4,56.0,67.0
31.1,18.7,232.0,19.6,6.0,46.0,66.0
30.3,18.6,221.0,18.1,5.9,44.0,66.0
31.0,18.6,193.0,13.8,5.3,46.0,65.0
30.9,17.9,171.0,10.3,4.8,47.0,64.0
29.3,16.6,164.0,8.8,4.4,45.0,64.0
28.4,15.9,163.0,8.1,4.0,41.0,63.0
27.0,15.3,160.0,7.9,3.9,38.0,63.0
26.8,15.4,151.0,8.7,4.2,34.0,62.0
34.0,18.5,140.0,10.2,4.6,30.0,63.0
28.9,17.2,136.0,13.4,4.8,25.0,62.0
28.3,17.6,147.0,11.4,5.2,29.0,63.0
31.7,17.6,165.0,8.6,5.7,34.0,63.0
34.5,17.3,174.0,6.2,6.1,42.0,63.0
36.4,17.1,164.0,4.6,6.1,54.0,63.0
38.1,17.2,144.0,3.3,6.0,69.0,63.0
38.4,17.2,129.0,2.4,5.8,80.0,63.0
38.0,16.9,123.0,1.9,5.6,86.0,64.0
36.6,16.3,122.0,1.7,5.3,90.0,64.0
34.9,15.5,124.0,1.8,5.1,91.0,64.0
32.9,14.6,129.0,1.9,4.8,90.0,64.0
31.5,14.0,138.0,2.3,4.5,87.0,64.0
38.6,16.0,146.0,3.7,4.2,82.0,64.0
35.9,16.9,155.0,7.2,5.4,73.0,65.0
40.5,21.2,165.0,11.9,7.1,61.0,65.0
37.3,20.6,170.0,14.9,8.1,52.0,65.0
33.8,19.7,168.0,14.3,8.0,49.0,65.0
32.4,19.0,161.0,11.9,7.4,49.0,65.0
31.0,18.3,155.0,10.0,6.6,48.0,65.0
27.9,16.4,152.0,9.3,5.8,45.0,65.0
26.3,15.4,150.0,9.0,4.8,41.0,65.0
24.7,14.6,148.0,9.0,4.2,37.0,65.0
23.4,13.9,143.0,9.6,4.2,33.0,65.0
21.6,13.1,139.0,10.5,4.5,29.0,65.0
27.2,15.8,142.0,11.8,5.0,27.0,65.0
25.0,15.4,162.0,11.0,5.7,29.0,64.0
25.9,15.1,189.0,9.7,6.6,32.0,64.0
26.9,14.4,204.0,8.5,7.2,37.0,64.0
28.0,14.3,194.0,7.3,7.3,43.0,64.0
29.9,14.6,172.0,6.0,7.2,51.0,64.0
30.5,14.3,154.0,4.9,6.8,58.0,63.0
27.5,12.8,146.0,3.8,6.2,66.0,63.0
25.2,11.9,142.0,2.9,5.4,74.0,63.0
24.2,11.2,147.0,2.6,4.7,79.0,62.0
26.4,11.6,165.0,2.8,4.2,80.0,62.0
38.6,15.7,191.0,3.6,3.8,77.0,62.0
34.7,14.8,212.0,5.7,5.3,74.0,62.0
31.5,15.3,221.0,10.0,6.0,65.0,62.0
25.6,15.4,225.0,16.0,6.9,52.0,62.0
22.5,15.0,233.0,20.6,7.6,41.0,61.0
22.2,16.1,257.0,23.0,8.0,35.0,61.0
24.4,17.7,286.0,24.1,8.1,32.0,61.0
26.6,18.2,295.0,23.7,7.8,30.0,61.0
29.5,18.6,269.0,20.8,6.7,30.0,61.0
31.7,19.6,223.0,16.4,5.2,31.0,61.0
31.1,19.3,184.0,13.0,4.2,32.0,62.0
29.0,18.3,158.0,11.9,4.1,30.0,62.0
26.0,16.8,140.0,11.8,4.4,28.0,62.0
24.0,15.9,135.0,11.6,4.7,29.0,62.0
23.8,15.8,156.0,11.3,5.3,30.0,62.0
22.6,14.3,191.0,10.7,6.0,32.0,62.0
21.6,13.2,212.0,9.9,6.5,36.0,62.0
21.5,12.5,203.0,8.5,6.5,42.0,62.0
24.3,12.6,180.0,6.8,6.3,51.0,62.0
31.5,14.4,161.0,5.4,6.0,58.0,62.0
33.6,14.7,152.0,4.4,5.7,65.0,62.0
36.0,15.4,148.0,3.6,5.5,70.0,62.0
40.3,17.6,148.0,3.4,5.2,74.0,63.0
51.5,21.3,156.0,3.8,5.0,75.0,64.0
55.5,23.0,169.0,4.8,4.8,73.0,64.0
35.5,17.2,179.0,4.5,4.4,75.0,64.0
31.0,16.1,184.0,8.3,5.0,65.0,64.0
27.1,16.4,186.0,13.4,5.7,52.0,64.0
25.5,16.5,187.0,17.1,6.3,42.0,65.0
25.0,16.4,190.0,18.0,6.5,37.0,65.0
25.6,16.8,193.0,17.3,6.4,36.0,65.0
26.8,17.2,189.0,16.0,6.2,35.0,64.0
28.1,17.1,173.0,13.8,5.7,35.0,64.0
28.5,16.6,150.0,11.0,5.1,37.0,64.0
27.3,15.7,133.0,9.0,4.7,37.0,64.0
22.9,12.9,125.0,8.4,4.7,36.0,63.0
18.7,10.7,123.0,8.5,4.8,34.0,63.0
23.4,13.0,131.0,10.2,5.1,30.0,63.0
20.3,11.5,159.0,9.7,5.3,31.0,62.0
19.4,11.2,197.0,9.1,5.6,33.0,62.0
21.4,10.7,220.0,8.2,5.7,36.0,62.0
23.5,11.5,214.0,7.0,5.4,42.0,62.0
26.7,12.7,193.0,5.6,4.9,49.0,62.0
29.2,13.6,175.0,4.7,4.5,56.0,62.0
30.3,15.0,165.0,4.6,4.4,61.0,62.0
31.4,15.1,158.0,4.9,4.4,66.0,62.0
31.8,15.3,157.0,5.5,4.4,68.0,62.0
32.2,15.2,166.0,5.8,4.4,68.0,61.0
33.9,16.0,180.0,6.3,4.4,66.0,61.0
35.2,15.8,194.0,9.1,4.8,65.0,60.0
33.8,18.6,207.0,13.4,5.3,56.0,61.0
31.4,18.9,219.0,19.3,6.0,45.0,61.0
27.1,17.3,222.0,22.7,6.4,37.0,61.0
22.6,14.9,210.0,21.5,6.2,37.0,61.0
21.0,14.1,190.0,17.9,5.6,41.0,61.0
20.7,13.3,170.0,14.7,5.1,43.0,60.0
21.1,12.8,153.0,12.8,4.7,40.0,60.0
21.4,12.3,138.0,11.3,4.3,35.0,60.0
22.4,12.4,126.0,10.0,4.1,32.0,59.0
23.2,12.4,117.0,8.9,4.2,32.0,59.0
23.1,12.0,112.0,8.0,4.4,34.0,59.0
15.9,10.2,120.0,8.5,3.1,31.0,59.0
16.5,10.4,152.0,10.2,3.4,28.0,59.0
17.9,11.4,196.0,12.4,3.8,25.0,59.0
18.7,12.5,225.0,13.4,4.1,24.0,59.0
19.7,13.0,223.0,12.0,4.2,29.0,59.0
21.4,12.9,205.0,9.3,4.2,37.0,59.0
28.5,14.3,193.0,7.2,4.2,44.0,59.0
35.0,16.1,196.0,6.1,4.1,50.0,60.0
40.2,17.7,205.0,5.5,3.8,56.0,60.0
37.1,17.7,211.0,5.7,3.7,59.0,60.0
33.8,17.1,211.0,7.1,3.7,56.0,60.0
31.7,16.7,208.0,9.4,3.7,50.0,60.0
23.8,12.9,205.0,11.8,2.8,42.0,60.0
21.3,12.1,205.0,12.6,3.0,41.0,59.0
20.1,12.1,206.0,13.6,3.3,41.0,59.0
19.6,11.7,202.0,14.0,3.5,40.0,58.0
20.0,11.6,189.0,13.2,3.6,40.0,58.0
18.9,10.7,170.0,11.8,3.6,41.0,58.0
17.5,9.9,153.0,10.5,3.5,41.0,58.0
15.2,8.3,139.0,9.5,3.3,41.0,57.0
14.0,7.4,126.0,8.5,3.1,41.0,57.0
11.6,6.1,117.0,7.9,2.9,41.0,56.0
9.0,5.2,111.0,7.5,2.9,41.0,56.0
7.6,4.7,109.0,7.5,2.9,40.0,55.0
17.3,9.0,114.0,5.8,2.6,50.0,55.0
18.9,9.7,130.0,7.0,2.7,51.0,55.0
19.0,10.2,153.0,8.6,2.8,52.0,55.0
15.8,9.5,172.0,9.7,2.9,51.0,55.0
12.1,7.9,181.0,9.9,3.0,47.0,54.0
8.5,6.0,186.0,9.6,3.0,40.0,54.0
6.7,4.7,189.0,9.3,3.0,36.0,53.0
5.9,4.1,190.0,9.0,2.8,36.0,52.0
5.4,3.7,189.0,8.7,2.4,38.0,51.0
5.3,3.9,191.0,8.9,2.2,39.0,50.0
6.0,4.1,199.0,10.1,2.2,39.0,47.0
7.5,4.8,210.0,11.9,2.4,38.0,44.0
21.7,9.4,219.0,9.5,6.6,60.0,43.0
18.2,10.4,228.0,9.8,5.4,57.0,43.0
14.7,9.2,235.0,10.2,3.7,54.0,42.0
10.9,7.1,232.0,10.5,2.6,50.0,41.0
10.4,6.4,211.0,10.6,2.6,46.0,40.0
10.9,6.4,179.0,10.5,3.2,42.0,39.0
11.5,6.5,153.0,10.1,3.6,39.0,38.0
10.3,5.7,138.0,9.0,3.5,38.0,38.0
8.3,4.7,129.0,7.6,3.1,37.0,37.0
7.7,4.2,123.0,6.5,2.9,37.0,36.0
7.5,4.0,117.0,5.8,2.8,37.0,36.0
6.6,3.7,114.0,5.4,2.9,37.0,36.0
16.5,10.6,122.0,5.7,2.9,48.0,36.0
29.9,14.7,154.0,6.6,3.0,50.0,37.0
37.7,18.2,197.0,7.8,3.1,52.0,39.0
39.5,20.0,221.0,8.4,3.2,56.0,42.0
36.9,19.5,207.0,7.6,3.2,62.0,44.0
36.4,18.9,174.0,6.2,3.2,69.0,47.0
38.0,18.5,150.0,5.4,3.2,72.0,50.0
36.4,17.9,148.0,5.7,3.3,67.0,51.0
38.9,17.5,156.0,6.5,3.5,59.0,52.0
30.0,14.2,164.0,7.4,3.8,55.0,53.0
25.8,12.4,164.0,7.8,4.4,60.0,54.0
29.1,14.5,164.0,8.3,5.1,69.0,55.0
61.5,27.8,180.0,7.7,3.8,66.0,56.0
60.3,30.6,237.0,12.0,4.6,60.0,58.0
58.4,31.9,310.0,17.8,5.7,53.0,59.0
54.7,29.7,345.0,21.1,6.3,48.0,61.0
44.5,24.4,307.0,19.5,6.1,49.0,63.0
33.5,18.8,230.0,15.3,5.4,52.0,64.0
26.8,15.4,169.0,11.7,4.8,53.0,64.0
23.6,12.5,145.0,9.8,4.5,50.0,65.0
21.9,11.0,136.0,8.5,4.4,46.0,65.0
23.1,10.9,130.0,7.7,4.3,42.0,66.0
24.4,11.1,122.0,7.4,4.4,41.0,66.0
25.6,11.1,116.0,7.5,4.7,41.0,67.0
19.8,9.9,117.0,9.0,4.5,30.0,67.0
22.7,10.0,129.0,8.4,5.0,32.0,67.0
26.5,11.4,148.0,7.6,5.6,35.0,66.0
30.4,12.8,163.0,6.7,5.9,39.0,65.0
39.7,15.4,169.0,5.9,5.6,45.0,65.0
49.2,18.4,170.0,5.0,5.1,53.0,65.0
49.4,19.6,172.0,4.4,4.7,59.0,65.0
49.6,19.7,173.0,4.1,4.7,63.0,65.0
51.1,20.2,175.0,4.0,4.9,65.0,66.0
48.8,20.5,184.0,4.3,5.1,67.0,66.0
43.9,19.8,209.0,5.1,5.3,70.0,67.0
37.4,18.0,241.0,6.2,5.5,72.0,67.0
61.9,30.0,263.0,7.3,4.5,62.0,67.0
54.8,29.5,265.0,9.6,5.2,58.0,67.0
52.0,28.8,256.0,12.8,6.2,52.0,67.0
47.6,26.8,247.0,15.2,6.9,47.0,67.0
45.6,25.7,242.0,16.2,7.1,44.0,67.0
44.6,25.4,236.0,16.4,6.9,41.0,67.0
44.0,25.3,223.0,16.1,6.6,39.0,68.0
41.2,23.7,196.0,15.3,6.1,36.0,69.0
37.7,21.7,162.0,14.1,5.4,34.0,70.0
37.4,21.2,137.0,13.0,4.9,32.0,70.0
33.8,19.0,128.0,12.0,4.7,31.0,71.0
30.7,16.8,128.0,11.0,4.8,31.0,72.0
24.3,12.4,138.0,8.7,4.4,40.0,72.0
18.5,10.1,164.0,9.3,4.4,40.0,72.0
15.3,8.9,199.0,10.2,4.5,39.0,72.0
13.6,7.9,224.0,10.4,4.5,41.0,71.0
12.7,7.1,232.0,9.5,4.5,46.0,70.0
15.8,8.4,230.0,8.0,4.4,53.0,70.0
19.8,10.3,224.0,6.6,4.3,60.0,69.0
23.7,11.1,209.0,5.3,4.2,66.0,68.0
26.6,12.1,190.0,4.1,4.2,72.0,68.0
27.6,13.1,181.0,3.6,4.1,76.0,67.0
30.4,15.0,190.0,3.8,4.0,79.0,67.0
39.3,20.3,210.0,4.6,3.8,82.0,67.0
44.4,21.1,237.0,8.1,4.2,77.0,66.0
44.0,24.5,280.0,14.5,5.2,65.0,66.0
54.1,29.7,331.0,23.2,6.6,49.0,66.0
59.4,33.5,360.0,28.6,7.6,37.0,66.0
50.9,28.6,350.0,27.7,7.7,34.0,67.0
48.8,27.4,319.0,23.6,7.4,35.0,67.0
49.2,27.9,286.0,19.8,7.0,36.0,67.0
48.4,26.3,255.0,17.5,6.4,35.0,67.0
46.8,24.6,222.0,15.6,5.7,33.0,67.0
44.1,22.7,199.0,14.0,5.2,31.0,68.0
40.9,20.8,192.0,13.0,5.1,29.0,68.0
37.8,19.0,195.0,12.5,5.2,27.0,68.0
35.6,17.3,196.0,12.2,5.3,26.0,68.0
32.5,16.1,191.0,10.8,5.7,29.0,69.0
34.8,15.8,184.0,8.9,6.3,33.0,69.0
41.9,16.2,175.0,7.1,6.6,39.0,70.0
47.4,18.3,161.0,5.7,6.5,48.0,71.0
55.9,21.4,145.0,4.4,6.1,60.0,72.0
65.2,24.3,133.0,3.4,5.7,69.0,73.0
67.8,25.5,127.0,2.8,5.3,75.0,74.0
69.4,26.4,125.0,2.5,4.8,79.0,75.0
70.3,26.2,133.0,2.7,4.4,81.0,76.0
71.9,26.4,152.0,2.7,4.0,84.0,77.0
75.7,26.7,180.0,3.1,3.7,85.0,78.0
91.0,33.8,218.0,6.4,4.1,77.0,79.0
83.6,38.0,282.0,18.1,6.3,60.0,80.0
92.4,44.6,356.0,33.9,9.2,37.0,81.0
89.2,46.1,393.0,43.4,11.0,22.0,82.0
83.8,44.8,363.0,40.7,10.5,22.0,83.0
72.2,40.6,296.0,31.6,8.9,29.0,84.0
58.3,32.8,237.0,23.2,7.4,35.0,84.0
49.7,26.7,202.0,17.3,6.3,38.0,85.0
45.6,23.9,175.0,12.0,5.3,39.0,84.0
42.7,22.1,156.0,8.6,4.8,39.0,84.0
36.3,18.5,146.0,8.2,5.0,36.0,84.0
34.6,17.6,145.0,9.6,5.6,31.0,84.0
36.2,19.1,151.0,11.0,5.5,28.0,84.0
37.0,19.6,172.0,10.4,6.0,30.0,85.0
45.4,21.0,201.0,9.6,6.7,33.0,85.0
51.6,21.7,216.0,8.5,7.0,38.0,85.0
56.8,23.3,202.0,7.1,6.7,47.0,86.0
57.6,23.6,175.0,5.6,6.0,59.0,86.0
63.1,24.8,155.0,4.3,5.4,69.0,86.0
68.7,26.3,152.0,3.3,4.9,78.0,86.0
73.3,27.1,158.0,2.5,4.4,85.0,86.0
78.2,28.0,168.0,2.4,4.0,89.0,86.0
78.7,27.6,179.0,2.5,3.7,88.0,86.0
76.8,27.3,194.0,3.1,3.4,82.0,86.0
85.2,30.0,224.0,9.3,4.3,70.0,86.0
77.5,31.7,288.0,19.8,5.7,53.0,86.0
82.0,36.4,366.0,34.0,7.5,30.0,85.0
87.1,41.2,407.0,42.8,8.7,15.0,85.0
85.7,42.3,382.0,41.3,8.7,14.0,84.0
76.6,39.8,321.0,34.4,8.0,21.0,84.0
60.8,33.9,263.0,27.3,7.1,27.0,84.0
50.2,28.3,220.0,21.2,6.0,32.0,85.0
45.2,25.1,182.0,15.0,4.8,36.0,85.0
41.1,22.2,154.0,10.6,3.9,39.0,85.0
37.1,19.6,140.0,9.3,3.7,38.0,85.0
34.6,18.2,136.0,9.8,3.9,35.0,85.0
33.8,18.5,144.0,10.8,4.1,32.0,85.0
34.0,18.4,173.0,10.3,4.4,34.0,85.0
36.6,18.5,213.0,9.5,4.8,36.0,84.0
43.9,18.7,236.0,8.7,5.1,40.0,84.0
53.7,21.1,225.0,7.8,5.3,47.0,84.0
61.5,23.5,198.0,6.8,5.5,55.0,84.0
69.8,26.8,178.0,5.9,5.6,63.0,84.0
73.6,28.5,169.0,4.7,5.4,72.0,84.0
74.0,29.0,167.0,3.6,5.2,81.0,84.0
70.3,28.2,182.0,3.9,4.9,85.0,84.0
65.9,26.5,228.0,6.4,4.6,81.0,84.0
61.2,25.2,292.0,10.4,4.4,72.0,84.0
67.3,29.5,346.0,6.5,4.6,84.0,84.0
57.0,29.3,385.0,12.1,5.2,71.0,84.0
53.4,30.0,415.0,19.6,6.1,54.0,84.0
49.5,29.0,423.0,24.2,6.6,42.0,83.0
47.3,28.3,401.0,22.9,6.5,42.0,81.0
46.1,27.4,359.0,18.7,6.1,47.0,80.0
46.4,26.5,310.0,15.0,5.7,51.0,80.0
47.5,25.9,252.0,13.2,5.5,51.0,80.0
48.1,25.7,188.0,12.1,5.3,50.0,80.0
48.1,25.4,143.0,11.3,5.1,48.0,80.0
47.6,24.9,126.0,11.0,5.0,45.0,80.0
44.4,22.6,128.0,11.1,4.9,41.0,81.0
52.3,30.3,142.0,25.2,5.4,24.0,82.0
49.5,27.0,178.0,21.8,5.2,27.0,82.0
46.9,24.1,227.0,16.9,4.9,32.0,83.0
48.3,22.9,256.0,12.4,4.7,40.0,83.0
48.5,22.6,242.0,8.7,4.5,55.0,83.0
47.6,21.8,207.0,5.3,4.4,73.0,83.0
53.6,24.2,186.0,3.0,4.2,88.0,83.0
57.6,26.5,194.0,1.9,3.9,96.0,83.0
58.9,27.6,216.0,1.7,3.6,101.0,83.0
55.5,26.9,244.0,2.8,3.5,102.0,83.0
43.3,22.8,281.0,5.5,3.7,98.0,82.0
36.2,21.3,325.0,9.5,4.1,90.0,82.0
30.6,19.1,360.0,11.3,3.4,85.0,81.0
32.8,21.1,386.0,15.0,3.9,76.0,80.0
31.7,22.1,404.0,19.9,4.5,65.0,80.0
29.1,20.8,399.0,22.0,4.9,58.0,79.0
27.0,17.4,357.0,18.6,4.7,62.0,78.0
26.3,15.8,293.0,12.4,4.3,70.0,77.0
25.9,15.5,240.0,7.6,3.8,76.0,77.0
24.3,14.5,211.0,6.1,3.3,75.0,76.0
20.7,12.4,194.0,6.1,2.9,71.0,75.0
19.0,11.4,184.0,6.3,2.6,66.0,74.0
18.6,11.1,180.0,6.4,2.6,60.0,72.0
19.0,10.9,184.0,6.8,2.8,54.0,72.0
17.3,10.7,191.0,7.6,2.9,61.0,70.0
17.9,10.8,203.0,8.0,3.3,61.0,69.0
19.1,11.0,218.0,8.5,3.8,62.0,68.0
21.8,11.7,233.0,8.7,4.3,63.0,67.0
24.4,13.0,248.0,8.5,4.6,64.0,66.0
25.2,14.2,263.0,7.9,4.8,65.0,65.0
27.0,15.3,269.0,7.3,4.9,68.0,65.0
28.7,16.5,253.0,6.2,5.0,77.0,64.0
28.1,16.5,228.0,4.9,5.0,88.0,63.0
26.6,16.4,229.0,4.7,4.9,95.0,62.0
24.7,15.9,280.0,5.9,4.7,94.0,62.0
24.2,16.6,356.0,8.1,4.4,88.0,61.0
12.0,8.9,415.0,10.7,2.6,62.0,61.0
11.6,8.6,442.0,10.7,2.8,60.0,60.0
11.8,8.6,451.0,10.8,3.1,58.0,59.0
12.9,9.1,441.0,10.7,3.3,56.0,58.0
13.2,9.1,404.0,10.4,3.5,56.0,57.0
12.2,8.4,349.0,10.0,3.7,57.0,56.0
11.5,7.9,294.0,9.4,3.7,59.0,56.0
11.0,7.5,244.0,8.5,3.5,61.0,55.0
9.9,6.8,195.0,7.4,3.2,64.0,55.0
7.2,5.2,159.0,6.6,2.9,66.0,54.0
6.3,4.5,143.0,6.2,2.8,66.0,54.0
6.9,4.7,140.0,6.1,2.8,65.0,53.0
20.2,10.5,144.0,8.1,3.6,47.0,53.0
22.9,11.8,158.0,7.7,4.0,49.0,53.0
30.5,14.6,180.0,7.2,4.6,51.0,54.0
48.3,21.8,193.0,6.4,5.0,57.0,54.0
47.0,21.9,188.0,5.2,4.9,68.0,55.0
53.2,24.5,175.0,3.7,4.7,82.0,56.0
56.2,25.3,165.0,2.6,4.4,93.0,57.0
58.8,26.9,162.0,2.1,4.3,100.0,58.0
63.6,28.3,163.0,2.0,4.2,104.0,58.0
64.3,28.3,167.0,2.3,4.1,105.0,59.0
65.7,29.0,177.0,2.9,4.1,103.0,60.0
56.7,26.1,190.0,3.9,4.1,98.0,61.0
58.2,29.3,200.0,4.4,3.4,95.0,63.0
51.2,30.2,207.0,6.3,3.8,89.0,64.0
49.4,31.9,211.0,9.0,4.3,81.0,66.0
51.6,34.5,209.0,11.1,4.7,73.0,68.0
56.6,37.3,197.0,12.4,5.0,66.0,71.0
61.0,39.2,180.0,13.3,5.2,60.0,73.0
64.3,39.6,164.0,13.3,5.2,54.0,75.0
65.4,38.1,153.0,12.0,4.7,49.0,78.0
59.4,33.1,143.0,9.9,4.0,44.0,80.0
51.2,27.0,136.0,8.3,3.6,40.0,82.0
40.3,19.8,128.0,7.9,3.8,36.0,83.0
32.8,15.4,123.0,8.0,4.4,32.0,84.0
26.9,11.4,131.0,7.1,3.8,32.0,84.0
26.6,11.9,166.0,7.3,4.1,32.0,84.0
32.4,14.1,214.0,7.6,4.6,32.0,84.0
34.0,14.3,241.0,7.3,4.8,35.0,83.0
38.4,15.6,225.0,5.8,4.6,45.0,83.0
49.1,18.3,188.0,3.7,4.2,58.0,82.0
60.8,21.2,158.0,2.2,3.9,70.0,82.0
71.7,24.5,146.0,1.6,3.7,78.0,82.0
83.1,28.8,141.0,1.6,3.6,84.0,82.0
87.3,31.4,146.0,2.0,3.5,88.0,82.0
85.9,32.5,166.0,2.8,3.5,88.0,82.0
79.2,31.4,195.0,4.0,3.5,86.0,83.0
75.2,29.8,221.0,5.3,3.9,76.0,83.0
61.7,27.9,236.0,10.6,4.8,65.0,82.0
55.6,27.8,247.0,17.9,6.0,50.0,82.0
54.9,29.7,260.0,22.9,6.9,39.0,82.0
56.8,31.5,287.0,23.7,7.3,36.0,81.0
57.0,32.4,315.0,22.2,7.3,36.0,81.0
62.4,33.5,321.0,20.1,7.1,37.0,80.0
56.7,31.0,282.0,17.3,6.4,36.0,80.0
51.9,28.8,220.0,13.8,5.5,36.0,79.0
44.4,25.6,171.0,11.2,4.9,35.0,79.0
36.1,21.4,149.0,10.4,4.9,33.0,79.0
29.5,17.8,140.0,10.6,5.2,30.0,80.0
29.6,17.3,141.0,11.3,5.7,28.0,80.0
27.5,16.6,157.0,10.5,6.1,30.0,80.0
28.0,16.5,183.0,9.3,6.6,33.0,81.0
28.6,15.3,198.0,7.9,6.8,39.0,81.0
31.4,15.7,189.0,6.1,6.3,52.0,81.0
36.0,16.5,170.0,4.1,5.6,68.0,81.0
43.0,18.1,154.0,2.6,4.9,80.0,80.0
49.6,19.4,147.0,1.9,4.5,86.0,80.0
58.3,21.1,144.0,1.7,4.3,89.0,79.0
67.3,23.4,148.0,2.4,4.2,89.0,79.0
72.4,25.0,155.0,3.6,4.2,86.0,78.0
76.8,27.2,168.0,5.6,4.4,81.0,78.0
78.0,30.3,199.0,12.0,5.2,66.0,78.0
75.9,33.9,267.0,20.2,6.4,53.0,78.0
78.7,37.6,352.0,31.4,8.0,35.0,79.0
76.1,38.9,407.0,38.1,9.0,23.0,80.0
70.5,37.7,409.0,36.5,8.8,22.0,80.0
64.0,35.6,380.0,30.4,8.0,27.0,81.0
56.7,32.9,338.0,24.4,7.1,32.0,80.0
50.2,29.8,277.0,19.3,6.2,35.0,80.0
46.7,27.8,202.0,14.3,5.2,39.0,80.0
43.1,25.8,148.0,10.7,4.6,40.0,80.0
35.4,21.7,127.0,9.7,4.9,37.0,80.0
29.0,17.9,126.0,10.1,5.6,33.0,80.0
43.7,23.7,140.0,10.7,5.5,34.0,81.0
33.4,18.7,181.0,10.5,5.9,34.0,81.0
31.5,17.2,237.0,10.1,6.4,34.0,81.0
34.1,16.4,267.0,9.2,6.5,38.0,81.0
40.9,17.2,246.0,7.1,6.0,48.0,81.0
51.1,19.9,199.0,4.5,5.1,62.0,82.0
64.3,22.9,162.0,2.6,4.4,73.0,82.0
77.1,26.0,147.0,1.7,4.0,80.0,82.0
85.4,28.1,141.0,1.4,3.7,84.0,83.0
90.3,29.5,147.0,2.2,3.6,85.0,83.0
87.5,29.6,164.0,4.3,3.7,81.0,84.0
81.7,29.0,193.0,7.3,4.1,73.0,84.0
79.2,32.8,231.0,10.7,5.2,64.0,84.0
73.1,33.4,292.0,16.9,6.2,54.0,84.0
70.3,35.5,362.0,25.4,7.5,40.0,84.0
68.7,36.8,404.0,30.3,8.3,31.0,84.0
64.0,35.7,398.0,28.6,8.1,32.0,84.0
58.8,33.9,363.0,23.4,7.3,38.0,84.0
52.6,31.3,318.0,18.5,6.5,42.0,83.0
47.3,28.5,257.0,14.8,5.9,42.0,83.0
44.4,26.4,186.0,11.4,5.3,40.0,83.0
41.0,24.0,135.0,9.3,5.0,38.0,83.0
36.6,21.1,120.0,9.3,5.1,34.0,83.0
35.2,20.0,126.0,10.6,5.5,29.0,83.0
38.3,20.8,136.0,9.5,5.6,29.0,83.0
36.0,19.4,148.0,9.0,6.1,30.0,83.0
39.0,20.0,163.0,8.3,6.7,32.0,83.0
48.7,21.4,171.0,7.3,6.9,37.0,84.0
60.8,24.9,164.0,5.8,6.4,48.0,84.0
73.1,28.5,150.0,4.0,5.5,62.0,85.0
82.0,31.1,140.0,2.7,4.7,73.0,86.0
88.7,32.7,135.0,2.1,4.3,78.0,86.0
92.7,33.2,132.0,2.1,4.1,80.0,86.0
95.7,33.4,140.0,3.0,4.0,80.0,87.0
98.3,33.4,166.0,5.0,4.1,77.0,87.0
98.3,33.3,202.0,7.9,4.3,71.0,87.0
105.2,38.1,226.0,6.6,4.6,73.0,88.0
107.1,40.9,227.0,13.8,5.6,61.0,88.0
98.3,42.0,216.0,23.4,6.9,45.0,89.0
85.2,40.3,208.0,28.7,7.6,34.0,89.0
66.6,34.9,212.0,25.2,7.1,35.0,89.0
48.3,27.6,218.0,17.4,5.9,42.0,89.0
37.5,22.9,214.0,11.2,5.0,46.0,88.0
32.1,20.0,188.0,9.1,4.8,44.0,87.0
30.6,18.8,153.0,8.7,4.9,41.0,87.0
28.9,17.8,127.0,8.7,5.0,37.0,86.0
24.0,15.0,120.0,8.8,5.2,34.0,86.0
21.2,13.4,122.0,9.3,5.4,32.0,85.0
20.5,12.3,132.0,9.1,5.4,32.0,85.0
19.6,11.7,154.0,8.6,5.6,33.0,84.0
20.7,12.0,183.0,7.9,5.9,35.0,83.0
23.1,11.9,198.0,6.9,5.9,40.0,83.0
25.4,12.5,186.0,5.5,5.5,49.0,82.0
27.4,13.3,161.0,3.9,4.8,61.0,80.0
31.9,14.7,141.0,2.8,4.3,70.0,79.0
36.6,15.8,134.0,2.2,4.0,75.0,78.0
41.9,17.2,132.0,2.0,3.7,78.0,77.0
46.6,18.6,135.0,2.6,3.6,78.0,75.0
51.9,20.5,140.0,4.1,3.6,76.0,74.0
52.4,21.8,149.0,6.4,3.8,72.0,73.0
70.1,28.8,168.0,8.1,3.8,66.0,73.0
65.0,29.9,209.0,12.4,4.6,58.0,72.0
59.8,31.4,259.0,18.1,5.6,47.0,71.0
52.4,29.8,284.0,21.2,6.2,40.0,70.0
44.8,26.7,262.0,18.9,5.9,39.0,70.0
39.6,23.9,216.0,13.9,5.1,42.0,69.0
36.0,21.8,176.0,10.1,4.5,43.0,69.0
33.2,20.0,154.0,9.2,4.4,40.0,69.0
31.1,18.7,138.0,9.6,4.6,35.0,69.0
27.6,16.8,129.0,10.0,4.8,31.0,69.0
23.2,14.4,127.0,10.2,5.1,28.0,69.0
20.1,12.7,130.0,10.4,5.4,26.0,69.0
18.8,10.9,138.0,9.3,5.9,27.0,69.0
17.5,10.1,153.0,8.7,6.1,28.0,69.0
18.8,10.6,173.0,7.9,6.4,29.0,69.0
23.1,11.4,181.0,6.8,6.4,34.0,69.0
29.5,13.7,168.0,5.4,5.8,44.0,69.0
35.2,15.6,145.0,3.8,5.0,57.0,69.0
39.2,16.7,128.0,2.6,4.3,68.0,69.0
50.8,19.4,125.0,2.1,4.0,75.0,69.0
61.2,22.1,130.0,2.0,3.9,80.0,70.0
69.2,23.6,136.0,2.4,3.8,82.0,70.0
72.9,24.0,140.0,2.7,3.7,81.0,70.0
81.7,26.1,146.0,3.4,3.7,78.0,71.0
115.7,36.3,164.0,8.6,4.2,66.0,71.0
103.4,38.3,202.0,17.9,5.6,52.0,72.0
105.9,42.8,252.0,30.5,7.4,34.0,73.0
102.4,44.6,297.0,38.3,8.6,21.0,74.0
93.6,43.3,344.0,37.0,8.4,20.0,75.0
81.7,40.4,387.0,31.0,7.5,24.0,77.0
66.6,35.6,389.0,24.6,6.6,29.0,78.0
51.0,29.0,315.0,18.7,5.7,33.0,78.0
40.6,23.7,201.0,12.6,4.7,37.0,79.0
31.8,18.6,119.0,8.4,4.2,39.0,79.0
25.1,14.7,102.0,7.7,4.4,36.0,79.0
23.3,13.3,117.0,8.9,5.1,31.0,79.0
22.3,12.9,132.0,9.2,5.1,29.0,79.0
23.2,13.1,138.0,8.5,5.5,30.0,79.0
26.4,14.1,144.0,7.5,6.1,32.0,80.0
31.9,15.1,146.0,6.3,6.2,37.0,80.0
43.5,18.2,141.0,4.8,5.6,47.0,80.0
48.2,19.0,133.0,3.1,4.6,59.0,81.0
59.8,21.2,126.0,1.9,3.8,69.0,81.0
66.4,21.9,124.0,1.4,3.4,74.0,81.0
83.4,25.1,124.0,1.3,3.2,77.0,81.0
87.3,25.7,125.0,1.5,3.1,78.0,82.0
94.8,27.1,125.0,1.5,3.0,77.0,82.0
88.9,26.9,126.0,1.8,2.9,75.0,82.0
88.9,29.9,139.0,3.8,3.4,70.0,81.0
72.9,29.3,179.0,9.0,4.3,59.0,81.0
66.1,30.5,232.0,16.1,5.5,44.0,80.0
59.8,30.5,262.0,20.4,6.3,34.0,79.0
53.1,29.0,250.0,19.5,6.1,34.0,77.0
46.8,26.7,216.0,16.0,5.5,40.0,76.0
44.1,24.8,182.0,12.6,4.9,44.0,75.0
43.1,23.4,155.0,10.2,4.4,45.0,75.0
42.6,22.6,129.0,8.1,3.9,46.0,75.0
41.8,21.9,111.0,6.8,3.7,45.0,75.0
39.7,20.8,104.0,6.8,4.0,42.0,76.0
32.1,16.7,106.0,7.7,4.6,37.0,76.0
27.5,14.0,115.0,7.4,4.0,38.0,76.0
25.6,12.9,139.0,7.6,4.2,37.0,76.0
28.3,13.5,170.0,7.8,4.4,35.0,76.0
28.3,13.3,189.0,7.4,4.5,37.0,76.0
41.2,16.9,179.0,5.9,4.3,46.0,76.0
45.6,18.3,156.0,3.8,3.8,58.0,76.0
53.0,20.7,150.0,2.3,3.5,67.0,76.0
55.1,21.7,179.0,1.8,3.3,71.0,76.0
53.8,21.3,225.0,1.9,3.1,71.0,75.0
52.9,22.3,262.0,2.9,3.1,70.0,75.0
46.7,20.4,278.0,4.9,3.2,67.0,75.0
43.3,19.7,284.0,7.8,3.4,62.0,74.0
36.2,19.6,290.0,12.8,5.0,53.0,73.0
37.4,21.9,303.0,15.6,5.6,49.0,73.0
36.4,22.4,316.0,19.3,6.5,43.0,72.0
37.4,23.6,316.0,21.3,7.0,39.0,71.0
37.6,23.7,297.0,20.0,6.8,39.0,71.0
38.0,23.2,265.0,16.9,6.2,41.0,71.0
37.4,22.4,231.0,14.2,5.6,42.0,71.0
34.3,20.2,194.0,12.7,5.1,41.0,70.0
32.1,18.6,154.0,11.6,4.7,39.0,70.0
30.5,17.3,127.0,10.8,4.3,37.0,70.0
27.4,15.7,114.0,10.0,4.0,37.0,69.0
25.0,14.5,113.0,9.5,3.8,38.0,69.0
17.8,10.0,130.0,10.3,2.9,34.0,69.0
15.1,8.3,183.0,10.7,3.2,35.0,68.0
17.3,9.0,254.0,11.2,3.6,35.0,68.0
20.1,9.7,293.0,10.9,3.8,38.0,68.0
22.8,10.7,267.0,9.1,3.8,43.0,67.0
28.8,12.2,210.0,6.6,3.7,49.0,67.0
34.7,13.8,166.0,4.5,3.5,56.0,66.0
39.6,15.5,156.0,3.2,3.3,66.0,66.0
47.4,17.7,160.0,2.3,3.1,76.0,65.0
50.5,19.4,167.0,2.4,3.0,82.0,65.0
52.3,20.5,161.0,3.4,3.0,81.0,65.0
59.8,24.0,158.0,5.4,3.0,74.0,66.0
42.5,16.8,196.0,3.6,2.5,79.0,65.0
40.7,17.9,325.0,7.6,3.2,70.0,65.0
39.3,19.7,495.0,13.2,4.2,58.0,65.0
41.1,21.9,600.0,18.4,5.1,47.0,65.0
43.4,24.2,585.0,23.1,6.1,38.0,65.0
46.8,26.5,505.0,27.3,7.1,29.0,65.0
47.6,27.5,414.0,28.8,7.5,24.0,65.0
41.2,23.7,317.0,25.8,6.7,25.0,66.0
37.3,21.4,209.0,20.1,5.4,29.0,66.0
34.1,19.7,132.0,15.5,4.4,32.0,66.0
31.7,18.3,104.0,13.4,4.2,31.0,66.0
29.0,17.0,107.0,12.4,4.4,29.0,66.0
22.3,13.1,126.0,9.9,3.9,33.0,67.0
20.6,11.9,171.0,10.3,4.2,33.0,67.0
20.5,12.1,233.0,10.9,4.7,32.0,67.0
22.1,12.0,270.0,10.9,5.0,34.0,67.0
24.4,13.1,254.0,9.9,5.0,39.0,68.0
27.5,14.1,213.0,8.3,4.9,46.0,68.0
29.3,14.8,187.0,7.0,4.7,53.0,68.0
31.3,15.8,193.0,6.0,4.5,59.0,68.0
32.5,16.5,214.0,5.2,4.2,64.0,68.0
32.5,16.5,239.0,5.4,4.0,67.0,68.0
31.2,16.4,260.0,6.8,3.8,68.0,67.0
30.5,16.8,285.0,9.2,3.8,67.0,67.0
27.0,14.3,323.0,7.7,4.0,66.0,66.0
25.0,15.5,395.0,13.8,5.0,55.0,66.0
26.3,17.6,479.0,22.1,6.2,39.0,66.0
26.8,18.3,520.0,27.6,7.1,28.0,66.0
25.4,17.2,483.0,27.6,7.1,25.0,65.0
24.9,16.4,403.0,24.7,6.7,27.0,64.0
24.9,16.4,326.0,21.8,6.2,29.0,64.0
24.3,15.4,264.0,19.7,5.5,30.0,63.0
24.2,14.8,206.0,17.7,4.7,32.0,62.0
25.0,14.8,162.0,16.3,4.2,32.0,62.0
26.0,15.3,138.0,16.3,4.1,31.0,62.0
27.9,16.1,128.0,16.9,4.2,28.0,62.0
24.9,14.9,131.0,14.7,4.6,28.0,62.0
25.1,15.0,157.0,13.6,5.1,30.0,62.0
25.3,14.6,195.0,12.1,5.8,33.0,62.0
23.9,13.6,216.0,10.4,6.1,37.0,62.0
23.6,12.3,201.0,8.3,5.6,45.0,62.0
27.6,12.7,168.0,6.1,4.6,54.0,62.0
24.6,11.7,145.0,4.5,4.0,61.0,62.0
21.6,10.7,138.0,3.9,4.0,65.0,62.0
19.7,9.8,141.0,4.1,4.2,67.0,61.0
21.5,11.3,155.0,4.6,4.6,68.0,61.0
23.0,12.0,190.0,5.3,5.1,69.0,60.0
25.6,13.6,236.0,6.5,5.7,69.0,60.0
30.3,17.5,271.0,9.4,4.6,61.0,60.0
27.9,17.5,284.0,15.5,5.5,51.0,60.0
28.8,19.4,285.0,23.7,6.8,37.0,61.0
32.4,22.3,281.0,28.7,7.6,28.0,61.0
31.8,22.0,273.0,27.5,7.5,27.0,61.0
29.9,20.5,258.0,23.1,7.0,31.0,62.0
27.8,18.9,239.0,19.1,6.4,34.0,62.0
25.3,16.9,211.0,16.5,5.8,34.0,62.0
23.6,15.5,177.0,14.4,5.0,33.0,62.0
22.1,14.3,151.0,12.8,4.6,32.0,62.0
20.4,13.2,134.0,12.3,4.6,29.0,62.0
18.7,12.0,123.0,12.4,4.9,25.0,61.0
17.9,10.4,125.0,9.8,5.0,28.0,61.0
17.4,9.9,149.0,9.2,5.1,29.0,61.0
17.9,10.2,186.0,8.2,5.3,32.0,60.0
22.5,10.7,206.0,7.1,5.3,37.0,60.0
27.4,12.4,194.0,5.6,5.0,48.0,60.0
35.9,15.5,166.0,3.8,4.6,61.0,60.0
41.1,17.3,143.0,2.5,4.3,73.0,61.0
44.5,18.2,130.0,1.9,4.3,81.0,61.0
47.0,19.5,123.0,1.7,4.4,86.0,62.0
48.1,19.7,130.0,2.0,4.6,89.0,63.0
58.7,23.8,152.0,2.8,4.9,89.0,64.0
62.2,26.4,189.0,4.0,5.2,86.0,65.0
39.9,20.1,243.0,7.1,5.0,63.0,65.0
41.2,22.6,343.0,9.7,5.3,59.0,65.0
43.8,25.1,461.0,13.4,5.7,54.0,66.0
45.4,27.0,517.0,16.3,6.0,49.0,66.0
46.6,28.8,457.0,18.1,6.3,45.0,67.0
46.3,29.2,335.0,19.2,6.6,41.0,67.0
45.6,28.7,237.0,19.3,6.5,38.0,68.0
44.0,27.4,198.0,17.8,5.9,35.0,69.0
42.4,25.8,183.0,15.3,4.9,33.0,70.0
40.3,24.3,171.0,13.5,4.3,31.0,71.0
37.4,22.6,154.0,13.2,4.2,28.0,71.0
32.0,19.7,141.0,13.6,4.5,24.0,72.0
36.7,21.6,139.0,12.8,4.7,25.0,73.0
31.5,19.3,157.0,11.4,5.0,28.0,74.0
28.9,18.2,185.0,9.3,5.5,32.0,74.0
26.8,14.6,201.0,7.4,5.7,38.0,75.0
25.6,13.3,194.0,5.7,5.4,49.0,75.0
28.6,14.1,175.0,4.2,4.9,62.0,74.0
30.6,14.4,158.0,3.1,4.5,73.0,74.0
32.4,14.5,146.0,2.5,4.2,79.0,74.0
35.3,15.0,137.0,2.3,3.9,82.0,74.0
36.9,14.8,137.0,2.7,3.8,83.0,73.0
39.8,15.1,151.0,3.1,3.7,83.0,73.0
42.4,15.8,174.0,4.0,3.8,80.0,72.0
56.8,23.1,197.0,10.7,4.5,68.0,72.0
54.5,24.6,217.0,16.1,5.3,58.0,72.0
53.1,26.8,237.0,23.5,6.4,44.0,72.0
49.9,26.9,251.0,27.4,7.0,35.0,72.0
45.9,25.6,261.0,24.8,6.6,36.0,72.0
41.3,23.9,265.0,18.9,5.6,41.0,72.0
36.2,21.6,256.0,13.9,4.8,45.0,71.0
31.5,19.0,224.0,11.2,4.4,45.0,70.0
32.1,18.7,180.0,9.4,4.2,43.0,70.0
27.8,16.4,147.0,8.5,4.1,40.0,69.0
23.3,13.8,136.0,8.9,4.3,36.0,68.0
21.9,13.1,136.0,10.2,4.6,31.0,68.0
19.0,11.5,142.0,11.2,4.5,28.0,67.0
19.6,11.9,158.0,10.4,4.9,29.0,67.0
22.9,13.0,180.0,9.3,5.5,31.0,66.0
27.9,13.6,190.0,8.0,5.8,36.0,66.0
30.7,14.0,178.0,6.3,5.6,45.0,66.0
35.4,15.3,154.0,4.4,5.1,56.0,66.0
39.2,16.4,135.0,3.1,4.8,65.0,66.0
41.0,16.9,127.0,2.5,4.9,71.0,67.0
39.7,17.0,123.0,2.5,5.1,75.0,67.0
37.8,16.7,125.0,2.9,5.3,77.0,67.0
37.0,16.7,133.0,3.3,5.4,76.0,67.0
37.0,17.1,146.0,4.1,5.5,73.0,67.0
44.0,20.1,161.0,5.0,5.0,70.0,67.0
42.1,22.2,181.0,10.3,6.2,60.0,67.0
43.3,25.1,203.0,17.5,7.8,46.0,67.0
43.2,26.3,218.0,22.1,8.8,36.0,67.0
40.5,25.2,225.0,21.9,8.8,34.0,66.0
35.7,22.6,226.0,19.0,8.3,35.0,66.0
36.3,22.1,215.0,16.0,7.5,37.0,66.0
30.6,18.8,184.0,13.1,6.2,38.0,66.0
26.4,15.9,143.0,10.1,4.6,39.0,66.0
22.5,13.4,113.0,8.0,3.6,39.0,66.0
19.0,11.5,103.0,7.7,3.6,36.0,66.0
16.8,10.4,105.0,8.5,4.2,33.0,66.0
15.0,8.9,115.0,8.7,4.4,33.0,65.0
14.8,9.0,141.0,8.4,4.8,34.0,65.0
15.5,9.7,176.0,8.0,5.4,36.0,65.0
19.4,9.7,196.0,7.2,5.7,41.0,65.0
24.8,11.2,186.0,5.8,5.5,50.0,64.0
31.4,13.5,160.0,4.1,4.9,62.0,64.0
34.9,14.6,140.0,2.8,4.5,72.0,64.0
38.6,15.8,131.0,2.1,4.3,78.0,64.0
44.0,17.1,128.0,1.8,4.1,81.0,64.0
48.0,18.2,132.0,2.2,4.1,82.0,64.0
52.0,20.0,145.0,3.4,4.3,79.0,64.0
53.4,21.3,165.0,5.3,4.5,74.0,65.0
60.3,24.7,188.0,5.9,4.4,74.0,65.0
55.4,26.8,216.0,10.3,5.1,65.0,65.0
52.5,28.2,247.0,16.2,6.1,53.0,66.0
49.5,27.5,268.0,19.7,6.6,44.0,66.0
42.7,24.6,276.0,18.3,6.3,41.0,66.0
35.5,21.4,274.0,14.5,5.6,40.0,66.0
28.6,18.2,258.0,11.3,5.0,39.0,65.0
21.9,14.2,218.0,9.7,4.7,36.0,65.0
18.7,12.0,165.0,8.8,4.6,34.0,65.0
17.5,10.8,127.0,8.4,4.6,31.0,64.0
17.3,10.3,117.0,8.9,4.7,28.0,64.0
17.3,10.1,122.0,10.0,5.0,26.0,64.0
17.9,10.0,136.0,9.1,5.1,28.0,64.0
18.0,10.5,165.0,8.8,5.5,29.0,64.0
21.1,11.6,203.0,8.4,6.1,30.0,65.0
22.2,11.4,222.0,7.6,6.4,35.0,65.0
23.3,11.9,202.0,6.0,6.0,46.0,65.0
28.9,13.6,163.0,4.1,5.3,60.0,65.0
36.3,15.9,134.0,2.7,4.7,71.0,65.0
43.0,17.6,126.0,2.1,4.2,76.0,65.0
49.1,19.7,128.0,1.9,3.8,78.0,65.0
52.6,21.1,137.0,2.4,3.5,78.0,66.0
52.6,21.5,152.0,3.6,3.4,76.0,66.0
50.9,21.9,173.0,5.4,3.5,73.0,66.0
71.9,31.7,199.0,8.1,4.3,68.0,66.0
64.3,31.5,238.0,12.2,5.0,60.0,67.0
59.6,32.1,282.0,17.7,6.0,48.0,67.0
54.1,30.5,299.0,20.7,6.5,40.0,67.0
46.8,27.2,267.0,18.6,6.2,39.0,67.0
39.7,23.6,208.0,14.0,5.4,42.0,68.0
33.8,20.2,160.0,10.3,4.8,43.0,68.0
28.9,17.3,139.0,8.8,4.6,41.0,68.0
24.1,14.7,129.0,8.2,4.5,37.0,68.0
19.3,12.0,123.0,8.0,4.6,33.0,68.0
17.8,11.1,118.0,8.3,4.8,30.0,68.0
18.6,11.3,117.0,9.0,5.0,27.0,68.0
17.9,10.7,126.0,9.0,5.3,26.0,68.0
18.8,11.0,154.0,9.0,5.7,26.0,68.0
23.3,12.6,191.0,8.8,6.1,26.0,69.0
25.0,13.4,212.0,8.2,6.3,29.0,69.0
24.3,13.0,202.0,6.7,5.9,39.0,69.0
25.8,13.6,176.0,4.6,5.2,52.0,69.0
28.1,13.8,154.0,3.1,4.7,63.0,69.0
34.6,16.1,142.0,2.3,4.5,70.0,69.0
40.9,18.3,134.0,2.1,4.3,76.0,68.0
44.0,19.3,134.0,2.3,4.2,79.0,68.0
48.1,20.9,136.0,3.1,3.9,79.0,68.0
48.5,21.4,144.0,4.3,3.6,78.0,68.0
58.7,29.6,179.0,7.5,4.4,68.0,68.0
54.0,28.6,275.0,10.3,4.8,63.0,68.0
48.9,27.8,396.0,13.9,5.5,55.0,67.0
43.9,26.3,455.0,16.0,5.8,49.0,67.0
38.6,23.8,393.0,14.8,5.6,47.0,67.0
34.5,21.4,269.0,12.0,5.2,46.0,67.0
31.8,19.3,172.0,9.7,4.9,44.0,67.0
29.1,17.2,139.0,8.6,4.8,41.0,67.0
24.9,14.5,133.0,8.0,4.7,37.0,67.0
21.5,12.5,131.0,7.9,4.8,33.0,67.0
20.1,11.8,123.0,8.7,5.0,29.0,67.0
23.0,12.9,119.0,10.0,5.2,26.0,67.0
17.2,10.1,125.0,8.8,5.2,27.0,67.0
15.8,9.7,150.0,8.3,5.3,28.0,67.0
18.3,10.3,184.0,7.6,5.4,29.0,66.0
16.6,9.3,203.0,6.7,5.4,33.0,66.0
18.9,9.9,190.0,5.3,5.0,43.0,66.0
22.1,11.1,162.0,3.6,4.5,56.0,66.0
27.5,12.9,140.0,2.4,4.0,66.0,66.0
32.0,14.4,132.0,1.8,3.7,71.0,66.0
34.6,15.5,131.0,1.8,3.6,74.0,65.0
36.3,16.4,139.0,2.4,3.5,74.0,65.0
37.8,17.3,158.0,3.9,3.6,72.0,65.0
38.0,18.0,186.0,6.2,3.7,69.0,65.0
50.5,23.7,219.0,7.8,4.1,65.0,64.0
45.9,24.9,269.0,14.4,5.1,54.0,64.0
46.9,27.8,325.0,23.4,6.5,40.0,64.0
45.4,28.4,350.0,28.6,7.4,30.0,64.0
41.9,26.5,319.0,26.6,7.2,30.0,64.0
38.1,24.4,258.0,20.8,6.5,34.0,64.0
31.5,20.6,204.0,15.5,5.7,37.0,64.0
25.9,16.5,170.0,12.0,4.9,37.0,64.0
22.2,13.7,143.0,9.1,4.1,36.0,64.0
20.1,12.2,126.0,7.2,3.7,35.0,64.0
18.3,11.1,119.0,7.1,3.9,33.0,64.0
15.5,9.5,122.0,8.1,4.6,30.0,64.0
25.1,13.6,131.0,11.0,4.3,23.0,64.0
19.3,11.5,152.0,10.2,4.6,25.0,64.0
16.9,10.0,180.0,8.9,5.1,28.0,64.0
15.0,8.8,195.0,7.5,5.2,34.0,64.0
15.3,7.8,184.0,5.7,4.8,45.0,64.0
17.3,9.0,159.0,3.7,4.1,58.0,64.0
21.6,10.5,141.0,2.4,3.6,68.0,64.0
25.0,11.6,135.0,2.0,3.4,72.0,64.0
27.1,12.6,136.0,2.2,3.4,73.0,63.0
31.9,14.6,141.0,2.9,3.5,72.0,63.0
31.8,14.8,148.0,3.8,3.5,71.0,63.0
31.9,15.0,160.0,5.1,3.6,69.0,63.0
41.9,19.3,184.0,6.3,3.4,66.0,62.0
39.9,21.2,235.0,13.9,4.6,54.0,62.0
41.9,24.9,299.0,24.0,6.2,37.0,62.0
41.6,26.2,339.0,29.7,7.2,27.0,62.0
37.6,24.3,340.0,26.6,6.9,29.0,62.0
32.0,21.1,318.0,19.0,6.0,36.0,61.0
26.5,17.6,286.0,12.8,5.3,42.0,61.0
22.9,15.0,238.0,10.0,5.0,42.0,61.0
20.5,13.1,179.0,8.5,4.8,40.0,61.0
17.4,11.1,137.0,7.8,4.8,37.0,61.0
16.4,10.3,125.0,8.0,5.0,34.0,61.0
15.9,10.1,129.0,8.9,5.3,31.0,61.0
15.3,9.7,138.0,9.3,5.2,29.0,61.0
15.0,9.6,152.0,8.7,5.5,30.0,60.0
16.9,10.2,170.0,7.8,5.9,33.0,60.0
19.3,10.5,179.0,6.8,6.0,38.0,61.0
19.1,10.6,170.0,5.4,5.6,48.0,61.0
21.1,11.1,152.0,3.9,4.8,61.0,61.0
22.5,11.7,138.0,2.7,4.2,71.0,61.0
26.3,13.2,133.0,1.9,3.8,77.0,61.0
31.5,15.1,132.0,1.6,3.6,81.0,61.0
36.2,16.5,135.0,2.0,3.4,82.0,61.0
41.3,18.5,137.0,3.3,3.2,79.0,62.0
46.8,20.8,143.0,5.4,3.1,73.0,62.0
62.9,28.6,167.0,8.1,3.5,63.0,63.0
56.2,29.2,227.0,16.7,4.9,50.0,64.0
58.1,32.7,304.0,28.3,6.8,33.0,64.0
58.3,34.6,360.0,35.4,8.0,21.0,65.0
52.9,32.6,383.0,33.7,7.9,21.0,66.0
46.0,29.3,384.0,27.4,7.1,26.0,66.0
39.1,25.3,360.0,21.4,6.2,31.0,67.0
34.0,21.5,291.0,16.9,5.4,33.0,67.0
31.5,19.4,197.0,12.6,4.5,35.0,68.0
28.8,17.3,129.0,9.8,4.0,35.0,68.0
24.9,14.8,114.0,9.7,4.0,32.0,69.0
23.5,14.0,126.0,11.0,4.4,27.0,69.0
24.8,14.8,139.0,10.9,4.6,26.0,69.0
24.4,14.9,146.0,9.7,5.2,28.0,70.0
27.4,15.8,154.0,8.0,6.0,31.0,70.0
34.3,17.1,157.0,6.4,6.5,37.0,71.0
41.3,19.2,149.0,5.0,6.6,48.0,71.0
50.1,21.5,135.0,3.6,6.4,62.0,72.0
57.6,23.6,124.0,2.7,6.2,73.0,73.0
65.4,26.0,120.0,2.2,6.1,78.0,74.0
74.7,28.7,119.0,2.2,6.0,79.0,75.0
82.7,31.3,122.0,2.6,5.9,78.0,76.0
87.3,32.9,130.0,3.3,5.5,76.0,78.0
88.7,33.3,141.0,4.5,5.1,72.0,78.0
121.5,45.5,154.0,5.7,3.9,64.0,80.0
108.3,45.8,167.0,13.2,5.3,51.0,81.0
114.3,50.3,182.0,23.3,7.1,34.0,83.0
109.4,51.2,194.0,29.4,8.3,23.0,84.0
98.3,48.9,207.0,27.8,8.1,23.0,85.0
86.6,45.5,218.0,22.3,7.2,29.0,86.0
93.8,47.0,216.0,17.2,6.3,34.0,88.0
64.0,35.3,190.0,14.0,5.6,36.0,89.0
50.5,28.6,151.0,11.2,5.0,37.0,90.0
41.9,23.3,123.0,9.5,4.6,36.0,90.0
38.0,20.9,114.0,9.5,4.7,33.0,91.0
35.7,19.5,115.0,10.6,5.1,28.0,91.0
36.1,18.9,123.0,10.0,5.1,29.0,92.0
32.8,17.8,145.0,9.4,5.9,30.0,92.0
36.2,19.4,174.0,8.6,6.9,32.0,92.0
44.1,20.5,190.0,7.5,7.4,37.0,92.0
50.3,21.7,181.0,5.9,6.9,49.0,93.0
59.6,23.9,159.0,4.0,5.9,65.0,93.0
67.8,25.7,142.0,2.7,5.1,77.0,93.0
76.6,28.2,137.0,2.1,4.7,84.0,93.0
80.8,29.0,138.0,2.1,4.6,88.0,93.0
93.4,31.4,142.0,2.5,4.5,89.0,93.0
107.6,34.3,144.0,2.5,4.4,89.0,93.0
112.7,34.7,150.0,3.0,4.4,86.0,93.0
148.5,43.9,170.0,6.4,4.5,75.0,93.0
130.9,44.2,223.0,13.7,5.4,61.0,93.0
129.0,46.8,291.0,23.6,6.5,43.0,93.0
119.0,46.0,334.0,30.2,7.3,29.0,92.0
110.1,44.1,332.0,30.5,7.4,25.0,92.0
103.4,42.6,304.0,27.5,7.0,26.0,92.0
95.9,40.9,269.0,23.8,6.5,29.0,91.0
86.1,37.8,226.0,19.9,5.8,32.0,92.0
75.7,35.0,176.0,15.4,4.9,37.0,92.0
63.8,30.9,138.0,11.9,4.3,40.0,93.0
58.8,28.2,122.0,10.4,4.3,39.0,93.0
53.1,25.4,119.0,9.9,4.7,36.0,94.0
53.6,25.0,123.0,8.7,4.8,35.0,94.0
50.3,23.2,139.0,8.5,4.8,35.0,95.0
53.3,23.2,163.0,8.1,4.8,34.0,95.0
62.6,23.9,177.0,7.4,4.7,38.0,95.0
87.8,30.0,173.0,6.0,4.6,48.0,96.0
87.3,29.9,159.0,4.2,4.5,62.0,96.0
89.9,30.5,148.0,2.8,4.3,74.0,97.0
92.0,30.3,142.0,2.1,4.1,81.0,97.0
98.5,30.7,139.0,1.8,3.8,85.0,97.0
103.6,30.5,139.0,2.0,3.6,87.0,97.0
104.5,30.6,140.0,2.1,3.4,86.0,97.0
106.2,31.1,143.0,2.6,3.2,82.0,96.0
120.6,36.7,161.0,5.5,3.6,76.0,96.0
103.1,38.2,205.0,14.2,4.7,61.0,95.0
103.8,41.7,263.0,26.0,6.2,39.0,95.0
100.6,43.1,305.0,33.5,7.3,25.0,95.0
95.9,43.0,325.0,33.0,7.5,23.0,95.0
87.5,41.3,330.0,28.3,7.2,29.0,94.0
77.3,38.0,313.0,23.0,6.7,34.0,94.0
66.4,33.4,259.0,17.8,5.8,38.0,94.0
57.3,28.9,182.0,12.0,4.6,43.0,93.0
51.2,24.8,127.0,7.9,3.8,45.0,93.0
47.0,21.9,112.0,6.8,3.9,42.0,92.0
44.4,20.6,117.0,7.4,4.4,37.0,92.0
49.9,21.4,126.0,6.4,4.5,38.0,92.0
51.1,21.8,137.0,6.4,4.6,38.0,92.0
54.1,22.9,152.0,6.3,4.7,38.0,92.0
65.9,24.3,161.0,5.9,4.7,42.0,92.0
78.7,26.7,159.0,4.7,4.4,52.0,91.0
93.6,29.5,150.0,3.1,3.9,65.0,91.0
116.2,33.4,143.0,2.0,3.6,76.0,92.0
133.6,36.4,139.0,1.6,3.5,82.0,92.0
143.0,38.4,135.0,1.7,3.6,84.0,93.0
155.1,41.1,136.0,2.7,3.7,84.0,93.0
164.8,42.8,139.0,4.5,3.7,80.0,94.0
156.9,42.4,146.0,7.1,3.7,73.0,95.0
157.4,48.4,165.0,8.2,3.7,71.0,96.0
132.2,47.3,211.0,14.6,4.8,60.0,97.0
117.8,46.9,269.0,23.3,6.3,44.0,97.0
102.9,44.6,305.0,28.6,7.2,34.0,98.0
86.8,40.5,300.0,27.6,7.1,34.0,97.0
74.5,36.8,273.0,23.2,6.6,38.0,97.0
65.7,33.4,240.0,18.8,5.9,42.0,97.0
57.7,29.7,202.0,15.2,5.2,42.0,96.0
52.2,26.3,160.0,11.6,4.4,41.0,96.0
47.4,22.9,129.0,9.1,4.0,40.0,96.0
39.9,18.8,119.0,8.4,4.1,37.0,96.0
34.2,16.1,121.0,8.7,4.6,34.0,95.0
35.3,15.8,127.0,8.3,5.0,33.0,95.0
33.9,15.1,138.0,8.0,5.3,34.0,94.0
36.8,15.7,152.0,7.6,5.8,35.0,94.0
44.7,16.6,160.0,6.8,5.9,39.0,93.0
53.4,18.4,154.0,5.4,5.4,49.0,93.0
63.6,20.8,142.0,3.7,4.6,62.0,92.0
76.6,24.0,132.0,2.5,4.0,72.0,91.0
86.1,26.5,129.0,1.9,3.6,77.0,90.0
91.3,28.3,130.0,1.8,3.4,80.0,90.0
92.9,29.0,132.0,2.3,3.3,81.0,89.0
90.8,29.3,130.0,3.2,3.3,80.0,88.0
87.1,29.4,130.0,4.6,3.4,77.0,87.0
76.6,29.3,150.0,7.5,3.8,72.0,85.0
70.1,31.2,216.0,13.4,4.9,62.0,84.0
67.8,33.4,302.0,20.8,6.3,48.0,83.0
65.0,34.2,352.0,25.2,7.2,39.0,82.0
61.9,33.9,336.0,24.4,7.1,37.0,81.0
56.8,32.2,284.0,20.6,6.6,38.0,81.0
50.5,28.9,233.0,16.9,5.9,39.0,81.0
44.7,24.5,192.0,13.7,5.2,39.0,80.0
39.5,20.7,151.0,10.5,4.4,38.0,80.0
32.5,16.9,124.0,8.4,3.9,37.0,79.0
25.7,13.7,117.0,8.1,4.1,34.0,79.0
22.2,12.1,122.0,8.9,4.6,31.0,79.0
30.2,14.3,130.0,9.2,5.1,30.0,78.0
28.5,13.8,140.0,8.5,5.5,32.0,78.0
29.6,14.2,152.0,7.5,6.0,34.0,78.0
39.6,15.9,158.0,6.3,6.1,40.0,78.0
47.5,18.5,151.0,4.8,5.5,51.0,78.0
58.9,22.1,138.0,3.2,4.4,64.0,78.0
68.0,24.7,128.0,2.1,3.6,75.0,78.0
72.2,25.9,126.0,1.6,3.2,81.0,78.0
70.5,25.6,127.0,1.6,3.0,84.0,78.0
70.3,25.1,131.0,2.2,2.9,86.0,78.0
67.8,24.4,133.0,3.3,3.0,86.0,77.0
63.8,23.5,137.0,4.9,3.2,85.0,77.0
57.0,23.2,153.0,6.9,3.3,75.0,76.0
50.1,23.9,198.0,11.3,4.3,67.0,76.0
46.7,25.0,254.0,17.1,5.6,55.0,75.0
43.1,24.6,282.0,20.2,6.3,47.0,74.0
37.8,22.4,254.0,17.8,5.8,45.0,74.0
32.7,19.6,197.0,12.6,4.7,46.0,73.0
29.4,17.2,151.0,8.5,3.9,46.0,72.0
27.6,15.4,133.0,7.1,3.7,43.0,71.0
26.6,14.6,127.0,6.9,3.8,39.0,70.0
23.2,12.9,123.0,7.0,4.0,36.0,70.0
20.5,11.7,117.0,7.4,4.3,33.0,70.0
19.0,11.0,114.0,8.2,4.7,30.0,70.0
21.5,12.0,116.0,7.8,5.0,32.0,70.0
20.0,11.1,131.0,7.5,5.1,33.0,70.0
19.7,11.1,151.0,7.0,5.2,34.0,69.0
21.5,11.3,162.0,6.3,5.2,38.0,69.0
21.1,11.5,153.0,5.1,4.9,47.0,68.0
29.5,14.5,135.0,3.6,4.5,59.0,68.0
28.5,14.1,121.0,2.5,4.0,69.0,67.0
30.5,14.5,118.0,2.0,3.6,74.0,66.0
33.5,15.3,119.0,1.9,3.1,77.0,65.0
35.4,16.2,123.0,2.2,2.8,79.0,65.0
36.8,16.8,128.0,3.1,2.7,79.0,64.0
36.9,17.1,136.0,4.4,2.7,78.0,63.0
46.7,22.8,147.0,6.3,3.0,72.0,63.0
43.2,23.5,169.0,7.4,3.3,68.0,63.0
41.0,23.8,194.0,8.9,3.7,62.0,63.0
38.5,23.1,206.0,9.7,4.0,57.0,63.0
35.6,21.2,192.0,9.0,3.9,52.0,63.0
32.6,19.0,163.0,7.7,3.6,48.0,63.0
29.5,16.6,140.0,6.7,3.4,44.0,63.0
25.8,14.5,129.0,6.6,3.4,41.0,63.0
22.8,13.0,123.0,6.9,3.6,38.0,63.0
19.0,11.1,119.0,7.2,3.8,35.0,63.0
16.4,9.8,115.0,7.6,4.0,32.0,62.0
14.5,8.7,112.0,8.1,4.3,30.0,62.0
22.0,12.0,112.0,7.3,4.5,31.0,62.0
19.4,10.6,115.0,6.7,4.7,32.0,62.0
13.9,8.0,121.0,5.8,4.9,35.0,62.0
14.2,7.4,123.0,4.8,4.9,39.0,62.0
16.0,7.9,118.0,3.7,4.4,46.0,61.0
19.0,8.9,111.0,2.6,3.7,56.0,61.0
23.1,10.3,106.0,1.8,3.1,63.0,61.0
26.6,11.6,107.0,1.6,2.9,67.0,60.0
28.9,12.8,110.0,1.7,2.8,70.0,60.0
32.5,14.4,115.0,2.0,2.8,71.0,60.0
36.7,16.1,121.0,2.6,2.8,72.0,60.0
36.6,16.9,127.0,3.4,2.8,72.0,60.0
29.5,14.1,133.0,3.4,2.6,70.0,59.0
23.8,13.3,139.0,5.2,3.1,65.0,59.0
29.0,16.6,143.0,7.5,3.8,58.0,58.0
28.0,16.8,146.0,9.0,4.2,52.0,58.0
24.7,15.3,145.0,8.6,4.1,49.0,57.0
23.5,14.3,142.0,7.2,3.8,48.0,57.0
22.9,13.6,137.0,6.2,3.6,46.0,56.0
21.9,12.8,129.0,6.0,3.6,43.0,56.0
21.0,12.2,120.0,6.2,3.7,39.0,56.0
19.9,11.8,113.0,6.5,3.9,35.0,56.0
17.0,10.3,108.0,7.0,4.1,32.0,56.0
15.0,9.2,104.0,7.6,4.3,29.0,56.0
14.1,8.6,106.0,7.7,4.4,28.0,56.0
12.2,7.4,118.0,7.3,4.6,29.0,56.0
12.2,7.4,135.0,6.7,4.8,30.0,56.0
12.9,7.0,145.0,5.9,4.8,34.0,56.0
15.7,8.1,140.0,4.8,4.5,42.0,56.0
17.2,8.7,128.0,3.5,4.1,53.0,56.0
19.5,9.7,119.0,2.5,3.7,61.0,56.0
24.4,11.3,118.0,2.0,3.3,66.0,56.0
25.8,11.5,119.0,1.9,2.9,69.0,56.0
28.2,12.3,123.0,2.1,2.6,70.0,55.0
30.7,13.2,128.0,2.7,2.6,70.0,55.0
32.4,13.9,134.0,3.7,2.7,70.0,55.0
31.8,15.3,143.0,5.3,2.8,66.0,55.0
29.2,15.2,160.0,7.2,3.3,61.0,55.0
26.8,15.1,179.0,9.8,4.0,53.0,55.0
24.1,14.4,189.0,11.4,4.5,47.0,55.0
21.5,13.2,180.0,10.9,4.5,44.0,55.0
20.0,12.4,161.0,9.4,4.3,41.0,55.0
19.0,11.7,144.0,8.2,4.1,39.0,54.0
18.4,11.1,133.0,7.7,4.0,36.0,54.0
18.3,11.0,123.0,7.5,4.0,33.0,54.0
18.2,11.0,117.0,7.4,4.1,31.0,54.0
17.8,10.9,113.0,7.6,4.3,29.0,54.0
15.1,9.4,113.0,8.0,4.6,27.0,54.0
12.3,7.5,116.0,8.0,4.9,27.0,54.0
11.4,7.0,127.0,7.6,5.1,28.0,54.0
12.5,7.5,143.0,7.1,5.4,30.0,54.0
15.3,8.1,151.0,6.3,5.5,34.0,54.0
18.0,9.0,146.0,5.1,5.2,43.0,54.0
20.1,10.0,133.0,3.7,4.6,55.0,54.0
25.2,11.8,124.0,2.7,4.1,64.0,55.0
24.8,11.9,121.0,2.1,3.7,69.0,55.0
25.7,12.2,121.0,1.9,3.3,73.0,55.0
28.2,13.0,124.0,2.2,3.1,74.0,55.0
29.0,13.4,126.0,2.8,2.9,74.0,55.0
29.8,13.6,130.0,3.8,2.9,72.0,55.0
34.5,15.5,147.0,6.0,2.9,68.0,55.0
32.6,16.7,193.0,11.4,3.9,58.0,55.0
33.2,19.2,252.0,18.8,5.3,45.0,55.0
31.5,19.8,286.0,23.1,6.2,36.0,56.0
28.3,18.6,276.0,21.6,6.1,35.0,56.0
25.1,16.9,241.0,17.0,5.6,38.0,56.0
22.6,15.2,206.0,13.2,5.0,39.0,57.0
21.1,13.7,174.0,11.2,4.6,37.0,57.0
20.9,13.1,142.0,10.0,4.1,34.0,57.0
21.2,13.0,120.0,9.5,3.9,30.0,57.0
21.4,13.1,114.0,10.4,3.9,25.0,57.0
19.4,12.1,119.0,12.0,4.1,20.0,58.0
20.2,12.5,129.0,10.4,4.4,21.0,58.0
20.0,12.9,150.0,9.7,5.0,22.0,58.0
21.2,13.5,177.0,8.7,5.7,24.0,59.0
21.7,12.6,190.0,7.4,6.0,30.0,59.0
22.9,12.4,175.0,5.7,5.5,42.0,59.0
25.0,12.8,147.0,3.7,4.6,57.0,60.0
31.1,14.5,126.0,2.3,3.8,69.0,60.0
31.0,13.7,121.0,1.7,3.3,74.0,60.0
32.7,14.0,124.0,1.5,2.9,76.0,60.0
34.7,14.4,128.0,1.9,2.6,76.0,60.0
38.2,15.3,128.0,2.5,2.4,75.0,60.0
43.1,16.4,131.0,3.6,2.3,73.0,61.0
50.9,20.8,145.0,5.9,2.7,67.0,61.0
47.5,21.9,184.0,11.4,3.6,57.0,62.0
48.1,24.4,235.0,18.9,4.8,44.0,62.0
48.0,25.6,272.0,23.8,5.7,34.0,62.0
45.5,25.1,287.0,23.8,6.1,31.0,63.0
42.0,23.7,289.0,21.2,6.3,32.0,63.0
36.9,21.4,273.0,18.2,6.1,33.0,64.0
31.0,17.9,228.0,15.1,5.4,33.0,64.0
26.5,15.0,166.0,11.6,4.5,33.0,64.0
23.9,12.8,121.0,9.1,3.8,33.0,64.0
21.2,10.7,108.0,8.5,3.7,31.0,64.0
19.2,9.5,112.0,8.8,4.0,28.0,64.0
19.4,9.6,121.0,9.2,4.4,27.0,64.0
18.1,9.5,135.0,8.8,5.0,28.0,63.0
18.7,10.3,154.0,8.1,5.8,30.0,63.0
21.2,10.7,165.0,7.2,6.3,34.0,63.0
22.9,11.2,159.0,5.9,6.1,44.0,63.0
25.7,12.2,145.0,4.3,5.6,56.0,63.0
28.8,13.0,134.0,3.2,5.1,66.0,63.0
30.7,13.4,130.0,2.7,4.6,72.0,63.0
33.8,14.2,129.0,2.6,4.1,75.0,63.0
34.6,14.3,131.0,2.7,3.7,77.0,63.0
36.2,14.8,135.0,2.6,3.4,78.0,63.0
37.4,15.4,143.0,2.8,3.1,76.0,63.0
63.8,24.4,158.0,4.8,2.8,70.0,63.0
54.1,24.6,189.0,11.7,3.7,58.0,63.0
54.5,27.2,228.0,21.0,4.9,42.0,63.0
53.9,28.4,252.0,26.6,5.8,31.0,64.0
50.2,27.4,250.0,25.2,6.0,31.0,64.0
44.8,25.2,233.0,20.2,5.9,35.0,64.0
38.5,21.8,210.0,15.4,5.6,39.0,64.0
32.5,17.9,179.0,11.8,4.9,40.0,64.0
29.0,15.1,142.0,8.5,4.0,39.0,64.0
27.0,13.3,116.0,6.4,3.4,38.0,64.0
25.3,12.2,108.0,6.4,3.3,35.0,64.0
22.1,10.5,110.0,7.6,3.5,32.0,64.0
22.5,11.1,116.0,7.1,3.8,33.0,64.0
20.3,10.2,127.0,7.0,3.9,33.0,64.0
20.1,10.4,142.0,6.8,4.1,33.0,64.0
23.4,11.0,153.0,6.3,4.1,36.0,64.0
26.7,12.0,155.0,5.1,4.0,44.0,64.0
33.1,13.8,153.0,3.5,3.7,56.0,65.0
37.8,15.4,149.0,2.4,3.5,65.0,65.0
41.2,16.5,144.0,2.0,3.4,70.0,65.0
43.1,17.4,137.0,1.9,3.3,73.0,65.0
43.1,17.8,136.0,2.5,3.2,74.0,66.0
41.6,17.9,138.0,3.4,3.1,73.0,66.0
38.8,17.3,144.0,4.8,2.9,71.0,66.0
47.6,22.4,167.0,6.4,3.3,70.0,66.0
43.9,22.9,224.0,13.0,4.3,59.0,66.0
44.4,25.7,296.0,21.9,5.7,43.0,66.0
44.0,26.8,343.0,26.8,6.5,33.0,65.0
40.3,24.8,346.0,23.7,6.1,34.0,65.0
36.4,21.9,322.0,16.6,5.2,41.0,65.0
33.5,19.5,286.0,10.8,4.3,45.0,65.0
30.4,16.9,230.0,8.2,3.7,44.0,65.0
27.2,14.5,161.0,6.9,3.1,40.0,65.0
24.0,12.5,111.0,6.3,2.8,37.0,65.0
20.0,10.3,96.0,6.6,2.8,34.0,64.0
17.4,9.1,101.0,7.6,3.1,31.0,64.0
16.8,8.9,110.0,7.3,3.3,31.0,64.0
15.3,8.4,123.0,6.9,3.4,32.0,64.0
16.9,8.9,141.0,6.4,3.6,33.0,64.0
18.8,9.5,152.0,5.6,3.6,37.0,64.0
20.8,10.3,149.0,4.4,3.4,46.0,64.0
24.9,11.4,138.0,3.1,3.1,58.0,63.0
28.4,12.5,130.0,2.1,2.9,67.0,63.0
30.5,13.3,126.0,1.7,2.7,72.0,63.0
31.4,13.7,124.0,1.6,2.6,74.0,63.0
32.4,14.3,126.0,2.1,2.5,75.0,62.0
32.7,14.4,133.0,3.0,2.4,74.0,62.0
31.9,14.3,143.0,4.3,2.4,71.0,62.0
35.7,17.3,157.0,5.8,2.4,67.0,61.0
35.0,18.6,176.0,10.6,3.1,59.0,61.0
36.3,20.9,199.0,17.0,4.1,47.0,61.0
35.6,21.2,217.0,20.5,4.7,39.0,60.0
32.8,19.7,233.0,18.3,4.6,39.0,60.0
29.8,17.5,246.0,13.2,4.2,42.0,60.0
27.0,15.5,242.0,9.1,3.7,44.0,59.0
24.9,13.7,208.0,7.5,3.3,42.0,59.0
23.9,12.7,159.0,7.0,2.9,38.0,59.0
23.9,12.3,121.0,6.8,2.7,34.0,59.0
23.2,11.6,107.0,7.1,2.8,31.0,59.0
23.9,11.7,105.0,7.7,3.0,28.0,59.0
29.6,14.9,109.0,6.6,2.8,30.0,60.0
28.4,14.1,120.0,6.3,3.1,30.0,60.0
31.5,15.0,136.0,5.9,3.4,31.0,61.0
38.2,16.8,146.0,5.2,3.6,34.0,61.0
46.4,19.3,142.0,4.1,3.5,42.0,62.0
52.4,21.2,132.0,2.9,3.4,53.0,63.0
55.9,22.2,123.0,2.0,3.2,62.0,63.0
58.1,22.4,119.0,1.7,3.1,66.0,64.0
58.3,21.9,117.0,1.7,3.1,67.0,65.0
58.4,21.7,117.0,2.2,3.0,67.0,65.0
55.8,20.8,120.0,3.0,2.8,66.0,66.0
54.0,20.1,125.0,4.3,2.6,63.0,66.0
53.7,22.4,133.0,6.7,3.2,59.0,67.0
52.4,23.1,142.0,11.0,3.9,51.0,67.0
52.0,25.0,154.0,16.9,4.9,40.0,67.0
52.5,26.6,168.0,20.8,5.7,32.0,68.0
52.7,27.3,192.0,21.3,6.2,30.0,68.0
53.0,27.6,219.0,19.8,6.6,31.0,69.0
51.0,26.8,226.0,17.5,6.4,33.0,70.0
47.1,24.4,196.0,14.0,5.4,35.0,71.0
43.7,21.9,147.0,9.6,3.9,36.0,72.0
41.4,19.4,110.0,6.5,2.8,37.0,72.0
38.5,17.5,98.0,5.7,2.6,35.0,73.0
32.8,14.8,99.0,6.1,2.9,32.0,73.0
35.2,16.5,106.0,6.0,2.9,31.0,73.0
30.7,14.6,123.0,6.2,3.2,31.0,73.0
30.3,14.5,147.0,6.3,3.6,32.0,73.0
34.2,14.8,161.0,6.1,3.9,35.0,73.0
43.3,16.4,156.0,5.1,3.8,44.0,73.0
49.8,18.0,141.0,3.6,3.6,56.0,72.0
59.5,20.3,131.0,2.6,3.5,65.0,72.0
62.6,21.2,131.0,2.4,3.6,69.0,72.0
61.7,21.1,136.0,2.6,3.7,70.0,72.0
59.8,21.1,140.0,3.1,3.8,70.0,72.0
57.3,20.7,140.0,3.3,3.6,72.0,72.0
53.8,20.0,139.0,3.6,3.4,72.0,72.0
65.2,25.2,149.0,8.1,4.2,69.0,72.0
59.6,25.7,180.0,12.8,4.9,60.0,72.0
58.6,27.2,221.0,19.1,5.9,46.0,73.0
58.3,27.9,251.0,23.0,6.6,37.0,73.0
57.9,27.8,263.0,22.5,6.8,35.0,73.0
56.8,27.5,263.0,19.6,6.6,36.0,73.0
52.6,26.1,249.0,16.5,6.2,37.0,73.0
45.3,23.1,212.0,13.6,5.2,36.0,73.0
38.3,19.8,161.0,10.6,3.9,35.0,72.0
32.1,16.5,123.0,8.4,3.0,33.0,72.0
25.1,12.5,109.0,7.8,3.0,30.0,72.0
21.4,10.5,109.0,8.1,3.4,27.0,71.0
21.9,10.2,115.0,6.7,3.5,30.0,71.0
19.7,9.8,131.0,6.7,4.0,30.0,71.0
19.8,10.3,154.0,6.7,4.7,30.0,70.0
21.8,10.4,167.0,6.3,5.0,34.0,70.0
25.5,11.8,158.0,5.2,4.7,44.0,70.0
33.8,13.9,140.0,3.7,4.1,57.0,69.0
42.0,15.5,126.0,2.6,3.6,67.0,69.0
48.5,16.4,124.0,2.2,3.5,73.0,68.0
55.6,17.9,128.0,2.2,3.5,76.0,68.0
63.3,19.4,133.0,2.6,3.5,78.0,68.0
68.0,20.6,135.0,2.3,3.3,81.0,68.0
68.2,20.8,139.0,2.3,3.1,82.0,68.0
83.8,27.4,157.0,5.1,3.6,81.0,68.0
75.4,28.7,204.0,12.5,4.7,68.0,69.0
75.0,31.5,265.0,22.4,6.2,50.0,69.0
70.8,32.1,301.0,28.3,7.2,38.0,69.0
63.8,31.1,294.0,26.3,7.2,37.0,69.0
53.8,28.2,262.0,20.1,6.7,41.0,70.0
41.4,23.2,226.0,14.6,6.0,43.0,69.0
31.9,18.0,187.0,10.9,5.0,41.0,69.0
27.4,14.4,145.0,7.9,3.9,37.0,68.0
23.8,11.7,115.0,6.1,3.2,33.0,68.0
21.3,9.9,107.0,6.6,3.3,29.0,68.0
20.4,9.3,112.0,8.3,3.9,24.0,68.0
21.6,9.9,122.0,8.1,4.6,25.0,68.0
21.3,10.1,138.0,8.0,5.2,25.0,68.0
24.2,10.9,159.0,7.7,5.9,27.0,68.0
27.1,11.5,171.0,7.1,6.3,32.0,68.0
33.8,13.4,165.0,5.7,6.0,45.0,68.0
41.0,15.9,150.0,3.9,5.4,63.0,68.0
48.3,18.4,139.0,2.6,4.8,77.0,68.0
52.6,19.9,136.0,2.0,4.5,84.0,69.0
55.9,21.2,138.0,1.9,4.2,87.0,69.0
55.3,21.6,141.0,2.2,4.1,88.0,69.0
53.6,21.3,147.0,2.3,4.0,89.0,69.0
51.8,20.5,155.0,2.7,4.0,87.0,69.0
39.3,16.6,162.0,5.1,4.2,82.0,68.0
35.9,17.9,166.0,16.6,5.7,64.0,67.0
43.1,23.5,169.0,32.0,7.6,39.0,67.0
48.2,27.8,177.0,40.5,8.7,23.0,67.0
44.7,24.7,196.0,35.5,8.1,25.0,66.0
40.0,21.5,220.0,23.6,6.7,35.0,65.0
34.9,19.0,232.0,14.1,5.5,43.0,65.0
29.4,16.3,221.0,10.6,4.9,43.0,65.0
26.0,14.6,199.0,9.5,4.5,39.0,65.0
23.5,13.3,182.0,9.3,4.4,35.0,65.0
21.8,12.2,176.0,10.0,4.6,30.0,65.0
21.3,11.9,175.0,11.6,5.0,25.0,66.0
21.5,11.9,176.0,11.5,5.5,24.0,66.0
21.6,12.3,181.0,10.6,6.3,25.0,66.0
22.4,12.8,189.0,9.3,7.3,28.0,66.0
23.6,12.4,191.0,7.8,7.8,34.0,66.0
25.4,13.0,182.0,6.0,7.4,48.0,66.0
28.6,14.2,167.0,4.0,6.4,67.0,66.0
34.1,15.1,154.0,2.5,5.6,81.0,66.0
40.9,16.6,146.0,1.9,5.1,88.0,65.0
45.6,17.7,141.0,1.8,4.6,91.0,65.0
50.4,18.7,140.0,2.1,4.3,93.0,65.0
54.4,19.7,143.0,1.3,4.0,95.0,65.0
56.5,20.0,150.0,0.9,3.9,96.0,65.0
46.9,17.3,161.0,4.7,4.1,88.0,65.0
44.7,19.2,179.0,15.2,5.0,70.0,65.0
49.2,24.1,201.0,29.6,6.3,45.0,65.0
51.9,27.6,216.0,40.8,7.6,25.0,65.0
53.3,30.2,221.0,46.3,9.2,16.0,65.0
53.8,32.1,219.0,48.5,10.8,12.0,66.0
51.1,31.9,215.0,47.3,11.6,11.0,67.0
43.3,27.7,211.0,41.2,10.8,15.0,68.0
33.1,21.9,204.0,31.7,9.2,22.0,69.0
25.4,17.3,194.0,23.8,7.7,27.0,69.0
20.8,14.3,172.0,19.3,6.7,27.0,69.0
17.2,11.9,146.0,16.3,5.9,25.0,69.0
12.5,8.0,136.0,9.6,4.7,27.0,69.0
12.5,7.8,160.0,9.4,5.4,26.0,69.0
13.6,8.8,199.0,9.1,6.3,25.0,68.0
15.0,8.9,224.0,8.3,6.8,31.0,68.0
18.1,10.3,217.0,6.6,6.7,50.0,68.0
21.7,12.1,194.0,4.3,6.2,77.0,68.0
24.2,13.1,175.0,2.7,5.7,98.0,67.0
27.3,13.8,165.0,2.0,5.2,110.0,67.0
29.3,14.3,159.0,2.0,4.8,116.0,67.0
31.9,15.0,156.0,2.2,4.4,119.0,67.0
33.9,15.8,157.0,2.1,4.1,120.0,66.0
34.7,16.2,161.0,2.3,3.9,118.0,66.0
41.0,19.2,170.0,5.0,4.3,109.0,66.0
38.5,20.1,182.0,12.0,4.9,91.0,66.0
40.9,23.2,197.0,21.6,5.7,66.0,66.0
40.9,24.2,221.0,27.9,6.2,47.0,66.0
38.0,23.0,266.0,27.8,6.3,40.0,65.0
34.5,21.2,318.0,24.4,6.1,40.0,64.0
31.0,19.0,344.0,20.9,5.8,40.0,63.0
26.9,16.2,320.0,18.0,5.2,40.0,63.0
24.1,14.3,268.0,15.0,4.3,42.0,62.0
22.1,12.9,222.0,12.5,3.7,43.0,62.0
20.8,11.9,187.0,11.0,3.5,44.0,61.0
20.3,11.5,157.0,10.0,3.4,45.0,61.0
20.7,11.6,149.0,9.5,3.7,48.0,62.0
20.3,11.6,184.0,10.6,4.2,46.0,62.0
20.5,12.6,241.0,12.1,4.8,44.0,62.0
20.9,13.1,277.0,12.6,5.3,44.0,63.0
20.6,12.8,271.0,11.2,5.5,48.0,63.0
20.5,12.8,243.0,8.7,5.4,55.0,63.0
20.5,12.9,215.0,6.5,5.3,63.0,63.0
20.7,13.0,188.0,4.6,5.0,74.0,63.0
21.4,13.1,161.0,3.0,4.6,85.0,63.0
22.5,13.1,146.0,2.7,4.3,92.0,63.0
26.4,13.7,150.0,3.5,4.1,92.0,62.0
29.5,14.5,167.0,5.7,3.9,86.0,62.0
37.0,18.0,193.0,6.7,4.1,97.0,62.0
39.1,21.4,237.0,21.0,5.5,75.0,62.0
44.1,27.1,290.0,40.3,7.4,45.0,63.0
52.3,34.7,324.0,51.4,8.7,27.0,63.0
48.8,32.1,321.0,46.4,8.7,31.0,64.0
39.3,26.4,298.0,33.3,8.1,47.0,64.0
32.9,24.3,279.0,22.8,7.8,59.0,65.0
28.4,22.4,273.0,19.3,8.3,62.0,65.0
26.7,21.8,271.0,18.6,9.0,62.0,66.0
26.6,21.8,271.0,18.3,9.7,60.0,67.0
25.8,21.4,272.0,18.3,10.1,57.0,67.0
24.9,21.1,276.0,18.8,10.3,52.0,68.0
23.5,18.0,285.0,11.1,4.7,63.0,69.0
22.5,17.1,306.0,11.2,4.8,64.0,69.0
20.7,16.2,333.0,11.3,4.9,66.0,69.0
20.3,15.5,347.0,10.7,5.3,71.0,70.0
17.3,13.1,339.0,9.0,6.1,80.0,70.0
11.0,8.8,319.0,6.6,7.2,92.0,69.0
9.0,8.0,297.0,4.8,7.9,102.0,69.0
9.5,8.6,272.0,3.9,8.2,111.0,69.0
10.0,9.4,245.0,3.6,8.2,118.0,68.0
10.9,10.4,236.0,3.9,7.9,121.0,68.0
12.4,11.9,256.0,5.0,7.2,118.0,68.0
12.6,12.1,294.0,6.7,6.2,111.0,68.0
20.9,20.7,329.0,6.7,11.8,140.0,68.0
22.8,22.6,359.0,11.9,12.2,124.0,68.0
28.9,28.7,388.0,19.0,12.7,101.0,68.0
26.5,26.3,402.0,23.6,12.8,82.0,68.0
24.1,23.9,395.0,23.5,12.1,72.0,67.0
22.3,22.1,375.0,20.9,11.0,65.0,67.0
19.6,19.3,352.0,18.5,9.7,61.0,66.0
16.5,16.3,327.0,17.3,8.2,57.0,66.0
15.2,14.9,300.0,16.3,6.6,55.0,65.0
15.2,14.9,279.0,15.1,5.5,56.0,65.0
13.8,13.4,261.0,13.1,5.4,62.0,64.0
13.1,12.7,249.0,10.9,5.9,72.0,63.0
10.2,10.2,264.0,11.2,3.3,61.0,63.0
10.8,10.7,332.0,13.5,3.7,59.0,62.0
11.7,11.6,426.0,16.6,4.2,57.0,62.0
12.1,11.9,488.0,18.1,4.6,58.0,62.0
12.1,11.9,488.0,16.3,4.6,66.0,61.0
12.9,12.7,455.0,12.9,4.4,76.0,62.0
12.5,12.3,416.0,10.1,4.4,86.0,62.0
12.3,12.0,374.0,8.4,4.6,93.0,62.0
12.6,12.4,326.0,7.2,4.9,99.0,63.0
12.7,12.5,293.0,7.5,5.3,101.0,63.0
13.2,13.0,286.0,9.7,5.8,98.0,63.0
13.5,13.3,293.0,13.3,6.3,91.0,63.0
19.2,18.6,301.0,18.1,10.8,76.0,63.0
22.1,21.7,306.0,24.4,13.8,66.0,63.0
23.9,23.6,311.0,32.9,17.9,52.0,62.0
24.0,23.7,311.0,38.4,20.8,42.0,62.0
22.4,22.1,302.0,38.2,21.6,39.0,62.0
20.5,20.2,286.0,35.0,21.2,39.0,62.0
18.7,18.5,270.0,31.1,19.9,40.0,62.0
15.5,15.3,253.0,26.8,17.3,41.0,62.0
12.0,11.8,236.0,21.7,13.9,42.0,61.0
8.7,8.6,218.0,17.5,11.1,44.0,61.0
6.6,6.5,196.0,14.5,9.5,46.0,60.0
5.6,5.4,175.0,12.2,8.5,49.0,60.0
7.3,7.3,168.0,17.3,11.3,39.0,60.0
6.9,6.9,189.0,16.5,11.4,41.0,59.0
7.3,7.3,225.0,15.3,11.6,45.0,59.0
6.8,6.7,247.0,13.7,11.7,51.0,59.0
5.4,5.4,240.0,11.3,11.7,62.0,58.0
4.9,4.9,218.0,8.5,11.8,77.0,57.0
5.2,5.2,199.0,6.2,11.9,90.0,57.0
6.0,6.0,185.0,4.8,12.1,103.0,56.0
7.0,7.0,173.0,3.9,12.5,114.0,56.0
9.3,9.1,172.0,4.0,13.3,121.0,56.0
12.3,11.9,190.0,5.3,15.1,121.0,56.0
14.2,13.4,219.0,7.5,17.3,115.0,56.0
15.3,15.0,245.0,11.3,17.2,91.0,55.0
13.6,13.1,263.0,14.7,18.2,77.0,55.0
12.8,12.0,276.0,19.3,19.5,58.0,54.0
11.0,10.2,284.0,22.5,20.1,44.0,53.0
10.2,9.1,283.0,23.0,19.5,38.0,52.0
9.6,8.6,277.0,22.0,18.2,37.0,51.0
8.9,8.1,269.0,20.7,16.8,37.0,50.0
8.1,7.4,261.0,19.3,15.5,38.0,48.0
7.7,7.1,253.0,17.6,14.1,41.0,47.0
7.4,6.7,246.0,16.2,12.9,43.0,46.0
7.2,6.6,242.0,15.5,12.0,43.0,46.0
7.1,6.5,239.0,15.2,11.3,42.0,47.0
9.3,8.4,242.0,18.1,15.8,37.0,47.0
9.2,8.4,257.0,16.4,14.6,43.0,47.0
9.3,8.3,276.0,13.9,12.8,51.0,47.0
8.8,7.4,282.0,11.3,11.3,63.0,48.0
8.9,7.1,261.0,8.5,10.2,81.0,48.0
10.1,7.7,226.0,5.6,9.3,102.0,49.0
11.1,8.3,199.0,3.5,8.6,118.0,49.0
12.3,9.2,187.0,2.4,8.3,128.0,50.0
13.0,9.7,183.0,2.0,8.2,133.0,50.0
14.0,10.4,189.0,2.5,8.1,133.0,50.0
14.8,11.0,206.0,3.7,7.8,127.0,55.0
15.5,11.6,233.0,5.8,7.5,116.0,66.0
17.7,13.8,262.0,10.0,8.3,104.0,71.0
20.4,17.6,299.0,18.5,10.5,87.0,68.0
24.1,21.7,340.0,30.2,13.6,63.0,56.0
26.0,23.7,362.0,38.1,15.9,45.0,52.0
25.7,23.4,353.0,38.9,16.8,37.0,53.0
24.6,22.4,325.0,36.0,16.9,34.0,54.0
22.4,20.3,298.0,32.4,16.1,33.0,55.0
19.3,17.2,275.0,28.6,14.0,32.0,56.0
16.6,14.7,252.0,24.0,11.1,33.0,57.0
14.8,13.1,233.0,20.4,8.6,33.0,57.0
13.6,12.2,215.0,18.7,6.9,31.0,58.0
12.8,11.5,200.0,17.9,5.7,28.0,58.0
11.0,9.9,200.0,14.0,4.9,35.0,58.0
11.3,10.3,232.0,13.2,5.8,39.0,58.0
12.4,11.4,279.0,12.1,7.1,44.0,59.0
11.9,10.3,299.0,10.5,7.9,52.0,59.0
12.5,9.8,266.0,8.1,7.8,65.0,59.0
13.6,10.1,207.0,5.4,7.3,81.0,59.0
13.4,9.9,162.0,3.3,6.8,92.0,59.0
12.0,9.0,147.0,2.3,6.3,97.0,59.0
11.0,8.5,146.0,1.9,5.8,98.0,59.0
10.3,7.8,154.0,2.6,5.5,95.0,59.0
12.6,9.9,162.0,4.1,5.4,89.0,59.0
11.3,9.4,178.0,6.5,5.4,80.0,59.0
9.1,7.4,225.0,9.9,4.3,69.0,58.0
10.3,9.2,337.0,15.0,5.1,58.0,58.0
12.7,11.7,479.0,21.8,6.3,43.0,57.0
13.2,12.2,565.0,26.3,7.1,32.0,56.0
12.3,11.4,549.0,26.3,7.4,28.0,55.0
11.8,10.9,476.0,23.8,7.3,29.0,54.0
11.3,10.4,402.0,21.1,7.0,30.0,53.0
9.5,8.4,337.0,18.4,6.2,31.0,53.0
8.7,7.6,269.0,15.4,5.2,33.0,52.0
8.1,6.8,219.0,13.0,4.3,35.0,52.0
7.6,6.1,195.0,11.4,3.7,36.0,51.0
7.1,5.5,190.0,10.3,3.2,36.0,51.0
4.8,3.8,197.0,7.9,2.9,42.0,50.0
4.3,3.6,220.0,9.5,3.2,40.0,49.0
4.9,4.4,256.0,11.8,3.7,38.0,47.0
5.0,4.6,290.0,13.0,4.0,37.0,46.0
5.1,4.6,324.0,12.4,4.1,39.0,45.0
5.3,4.8,356.0,10.9,4.1,42.0,43.0
5.8,5.2,366.0,9.4,4.1,47.0,42.0
5.2,4.6,333.0,8.2,4.0,55.0,41.0
5.3,4.6,279.0,7.1,4.0,65.0,40.0
6.3,5.6,243.0,6.7,3.9,72.0,40.0
7.3,6.6,234.0,7.2,3.9,77.0,39.0
8.2,7.3,245.0,8.3,3.9,80.0,39.0
3.6,3.6,292.0,9.3,8.3,109.0,38.0
6.5,6.4,423.0,15.3,8.1,92.0,37.0
9.5,9.3,590.0,23.6,7.8,69.0,37.0
11.9,11.5,669.0,30.3,7.6,50.0,36.0
13.0,12.5,576.0,33.8,7.8,40.0,37.0
15.1,14.4,395.0,35.7,8.0,35.0,38.0
17.2,16.5,253.0,36.8,8.1,32.0,39.0
18.4,17.5,203.0,37.3,7.7,33.0,41.0
19.3,18.2,193.0,37.0,7.1,36.0,44.0
17.8,16.6,191.0,35.9,6.6,37.0,46.0
15.4,14.4,189.0,34.0,6.1,33.0,48.0
16.1,15.0,196.0,31.4,5.7,28.0,50.0
17.1,15.3,206.0,28.3,6.6,32.0,51.0
17.3,14.7,224.0,24.6,6.6,38.0,52.0
19.0,14.3,246.0,19.2,6.7,46.0,53.0
24.3,16.3,255.0,14.3,6.6,57.0,53.0
32.4,18.6,238.0,10.1,6.3,72.0,55.0
36.7,20.3,209.0,6.3,5.8,88.0,56.0
37.5,21.2,190.0,3.5,5.3,102.0,57.0
31.8,18.7,190.0,2.2,4.8,111.0,58.0
27.6,17.0,201.0,1.9,4.4,117.0,59.0
24.8,15.9,219.0,2.2,4.1,120.0,60.0
23.9,15.7,211.0,2.0,4.0,123.0,61.0
23.1,15.4,210.0,2.4,4.0,123.0,61.0
57.3,39.5,314.0,6.8,4.9,119.0,64.0
57.7,43.3,661.0,26.7,7.5,89.0,67.0
66.6,51.0,1113.0,53.4,10.9,49.0,70.0
74.3,58.3,1348.0,68.4,12.7,24.0,74.0
62.2,50.2,1160.0,60.2,11.4,29.0,77.0
46.0,38.0,756.0,40.2,8.6,48.0,79.0
41.8,34.7,430.0,24.5,6.2,62.0,80.0
39.0,32.2,300.0,19.7,5.2,63.0,81.0
38.1,30.5,249.0,19.2,4.6,58.0,82.0
38.3,29.8,222.0,19.2,4.3,54.0,83.0
38.2,29.0,197.0,18.5,4.1,51.0,85.0
37.7,28.2,196.0,18.3,4.0,48.0,86.0
39.5,29.0,226.0,16.5,4.0,49.0,87.0
38.3,28.2,320.0,16.2,4.4,49.0,88.0
38.1,28.8,445.0,15.7,5.0,51.0,89.0
40.3,29.7,516.0,14.2,5.9,62.0,90.0
42.7,30.7,481.0,10.9,7.1,90.0,91.0
42.6,30.5,392.0,6.7,8.6,127.0,92.0
39.5,29.6,318.0,3.6,9.8,156.0,92.0
35.6,28.6,281.0,2.4,10.6,171.0,93.0
33.3,27.9,258.0,2.2,11.2,177.0,94.0
31.3,27.2,251.0,2.7,11.4,177.0,95.0
28.3,25.4,267.0,3.0,11.1,169.0,107.0
25.2,23.2,298.0,3.9,10.4,154.0,126.0
16.6,16.2,324.0,7.6,10.0,125.0,134.0
19.1,18.6,330.0,15.1,10.8,104.0,129.0
23.5,22.9,331.0,25.5,11.8,74.0,111.0
26.5,25.9,346.0,32.8,12.4,51.0,88.0
26.5,25.8,398.0,34.3,12.3,41.0,86.0
26.3,25.6,465.0,32.8,11.8,37.0,85.0
26.4,25.6,499.0,31.1,11.1,34.0,84.0
25.3,24.4,472.0,30.2,10.1,31.0,83.0
24.9,23.9,412.0,29.2,8.9,29.0,83.0
24.7,23.7,357.0,28.0,7.9,28.0,82.0
23.9,22.9,311.0,26.5,7.0,25.0,82.0
22.6,21.8,270.0,24.9,6.3,23.0,81.0
25.4,24.4,259.0,30.0,6.8,18.0,81.0
26.3,25.4,309.0,27.5,7.0,25.0,81.0
28.5,27.8,389.0,23.8,7.3,36.0,81.0
24.0,23.3,433.0,19.6,8.0,54.0,80.0
22.1,21.5,404.0,14.3,9.5,86.0,80.0
20.5,20.1,339.0,8.3,11.3,125.0,79.0
20.5,20.0,287.0,4.0,12.5,155.0,78.0
21.4,20.6,261.0,2.3,12.4,168.0,77.0
22.5,21.7,247.0,2.2,11.5,171.0,77.0
23.3,22.4,251.0,2.8,10.8,171.0,77.0
23.3,22.4,254.0,2.2,10.3,170.0,101.0
23.1,22.2,275.0,2.3,9.9,165.0,124.0
19.8,19.2,381.0,7.7,9.8,150.0,138.0
26.8,26.2,666.0,25.9,12.0,120.0,137.0
35.7,35.2,1036.0,51.4,15.2,78.0,120.0
43.5,43.0,1279.0,72.9,18.6,44.0,94.0
51.2,50.8,1288.0,86.7,22.5,27.0,81.0
61.5,61.0,1171.0,96.5,26.5,19.0,84.0
70.1,69.4,1036.0,102.7,29.1,14.0,88.0
74.7,74.3,901.0,104.7,29.4,10.0,91.0
76.1,75.7,748.0,103.0,28.1,9.0,96.0
73.6,72.9,634.0,99.5,26.4,9.0,99.0
68.9,68.2,584.0,95.2,24.2,7.0,104.0
64.5,63.8,573.0,89.1,21.5,7.0,108.0
42.7,42.0,583.0,46.4,13.7,37.0,110.0
34.5,33.8,634.0,40.5,12.6,46.0,111.0
29.3,28.9,706.0,32.1,11.0,60.0,111.0
25.4,25.0,723.0,24.0,9.9,80.0,111.0
22.4,21.9,628.0,16.6,9.7,112.0,111.0
20.5,19.9,479.0,9.5,10.0,149.0,111.0
20.4,19.5,367.0,4.4,10.1,177.0,111.0
21.1,20.0,335.0,2.2,9.6,188.0,111.0
21.7,20.4,341.0,2.0,9.0,188.0,111.0
21.9,20.5,353.0,2.9,8.3,183.0,111.0
22.2,20.5,323.0,3.6,7.5,174.0,133.0
22.2,20.3,299.0,5.4,6.7,159.0,149.0
23.7,20.8,398.0,9.1,7.9,156.0,157.0
30.0,27.1,764.0,27.6,9.8,123.0,152.0
38.4,35.2,1253.0,53.0,12.5,76.0,132.0
47.0,43.7,1550.0,72.1,15.3,41.0,111.0
53.9,50.3,1476.0,79.6,18.8,27.0,111.0
59.1,55.5,1211.0,80.7,22.4,23.0,110.0
60.3,56.6,976.0,77.4,23.8,23.0,109.0
55.9,52.3,856.0,68.5,21.3,26.0,107.0
48.8,45.2,767.0,55.3,16.6,33.0,103.0
42.4,39.1,676.0,43.6,12.6,39.0,100.0
37.8,34.9,559.0,35.5,10.3,40.0,97.0
35.0,32.4,441.0,29.1,8.7,39.0,95.0
27.2,24.7,366.0,15.1,5.5,52.0,93.0
27.8,24.8,373.0,15.1,6.0,54.0,93.0
29.9,26.5,422.0,15.0,6.8,57.0,93.0
31.2,26.5,438.0,13.9,7.3,66.0,93.0
34.1,26.7,377.0,10.7,7.5,87.0,93.0
37.7,28.0,283.0,6.4,7.6,114.0,94.0
40.4,28.6,212.0,3.3,7.4,133.0,94.0
41.2,28.3,189.0,1.7,6.8,140.0,95.0
39.6,26.8,190.0,1.3,6.0,139.0,96.0
38.3,25.7,200.0,2.6,5.5,135.0,96.0
37.1,24.6,207.0,5.1,5.1,129.0,96.0
35.9,24.4,223.0,9.3,5.0,118.0,97.0
25.1,19.2,272.0,18.1,5.6,102.0,96.0
31.5,24.7,397.0,34.1,8.0,79.0,96.0
39.1,32.2,555.0,55.5,11.3,48.0,96.0
42.4,35.6,646.0,67.4,13.2,28.0,95.0
36.4,31.0,613.0,60.8,12.5,28.0,94.0
29.6,25.2,514.0,44.5,10.4,38.0,92.0
24.6,20.8,416.0,30.2,8.4,48.0,89.0
21.7,17.6,337.0,21.4,6.9,54.0,86.0
22.2,17.4,260.0,14.6,5.5,60.0,84.0
24.0,18.2,205.0,10.0,4.6,62.0,82.0
24.7,18.5,179.0,8.7,4.5,58.0,81.0
24.9,18.2,175.0,9.6,4.8,51.0,80.0
24.6,18.0,187.0,10.6,5.3,47.0,79.0
25.5,18.3,228.0,11.2,5.8,47.0,79.0
27.1,19.8,284.0,12.0,6.6,47.0,78.0
31.1,21.0,315.0,11.7,6.9,54.0,78.0
34.9,21.0,293.0,9.2,6.5,72.0,77.0
35.6,20.6,245.0,5.6,5.8,95.0,77.0
35.2,20.1,207.0,3.0,5.1,114.0,76.0
33.2,19.2,193.0,1.9,4.7,124.0,75.0
30.9,18.2,189.0,1.7,4.4,128.0,75.0
28.9,17.2,192.0,2.7,4.2,128.0,74.0
27.7,16.6,186.0,4.6,4.0,124.0,73.0
26.6,16.4,188.0,7.7,3.9,116.0,73.0
32.2,21.4,243.0,12.7,4.4,99.0,73.0
34.0,24.1,421.0,20.3,5.7,81.0,73.0
36.2,27.1,652.0,30.3,7.5,57.0,72.0
34.5,27.1,776.0,35.2,8.4,42.0,72.0
29.7,24.2,695.0,29.9,7.7,47.0,71.0
25.9,21.6,506.0,19.4,6.2,63.0,71.0
24.0,19.9,348.0,11.2,5.1,73.0,71.0
23.3,18.6,268.0,8.2,4.8,72.0,71.0
23.5,18.0,218.0,7.5,4.8,67.0,71.0
23.7,17.3,188.0,7.5,4.8,61.0,71.0
24.7,17.2,181.0,7.9,4.7,54.0,71.0
25.5,16.9,195.0,9.0,4.5,47.0,71.0
29.3,17.8,212.0,11.7,4.8,39.0,71.0
29.4,17.4,233.0,11.4,4.9,41.0,71.0
30.5,18.6,258.0,11.0,5.1,44.0,71.0
33.3,19.1,267.0,9.9,5.1,51.0,70.0
37.1,19.9,245.0,7.6,4.9,67.0,70.0
39.1,21.0,206.0,4.6,4.7,87.0,70.0
40.4,21.7,177.0,2.5,4.4,102.0,70.0
41.7,22.0,169.0,1.6,4.1,109.0,71.0
42.1,22.0,170.0,1.5,3.9,112.0,71.0
41.3,21.6,174.0,2.4,3.7,112.0,71.0
38.5,20.9,176.0,4.5,3.6,108.0,72.0
34.3,19.8,180.0,7.6,3.6,101.0,72.0
28.2,18.6,194.0,9.6,3.7,92.0,72.0
26.7,19.6,229.0,12.3,4.3,84.0,71.0
25.7,20.0,273.0,15.8,5.1,74.0,71.0
23.2,18.7,295.0,17.3,5.5,66.0,70.0
21.2,16.7,275.0,15.0,5.1,65.0,70.0
22.3,16.5,233.0,10.7,4.3,68.0,69.0
22.9,16.1,196.0,7.3,3.6,68.0,69.0
23.0,15.0,173.0,6.1,3.3,63.0,69.0
22.4,13.7,156.0,5.9,3.2,56.0,68.0
21.2,12.4,144.0,5.9,3.2,51.0,68.0
17.9,10.2,138.0,5.8,3.2,48.0,67.0
15.2,8.7,138.0,5.9,3.3,47.0,67.0
14.0,8.8,143.0,6.7,3.7,45.0,66.0
13.8,8.5,159.0,6.9,3.9,45.0,65.0
15.1,10.0,180.0,7.2,4.3,46.0,65.0
17.2,10.3,192.0,6.9,4.4,50.0,64.0
19.4,11.2,185.0,5.5,4.1,62.0,63.0
21.1,11.8,168.0,3.5,3.7,77.0,62.0
22.0,12.2,155.0,2.1,3.3,90.0,62.0
22.6,12.5,151.0,1.5,3.1,98.0,61.0
22.2,12.5,151.0,1.4,2.9,104.0,60.0
20.5,12.1,154.0,2.0,2.9,108.0,59.0
18.5,11.6,157.0,3.5,3.0,109.0,59.0
16.5,11.1,162.0,5.6,3.2,108.0,58.0
10.5,8.8,181.0,7.8,3.5,103.0,57.0
11.4,9.9,227.0,10.2,4.1,97.0,57.0
12.4,11.1,285.0,13.4,5.0,88.0,56.0
13.4,12.1,324.0,15.4,5.6,80.0,55.0
14.3,12.8,329.0,15.0,5.7,75.0,55.0
15.2,13.2,314.0,13.2,5.4,72.0,55.0
15.8,13.2,288.0,11.5,5.2,68.0,55.0
15.3,12.5,246.0,10.1,5.0,62.0,54.0
13.1,10.8,193.0,8.7,4.7,55.0,54.0
11.8,9.5,154.0,7.6,4.5,50.0,54.0
11.3,8.8,143.0,6.8,4.3,48.0,54.0
11.0,8.3,146.0,6.3,4.1,47.0,54.0
11.1,8.2,150.0,5.6,4.4,49.0,54.0
10.5,7.9,151.0,5.4,4.5,49.0,54.0
11.3,8.3,152.0,5.2,4.6,50.0,54.0
12.0,8.7,152.0,4.7,4.6,53.0,53.0
11.8,8.4,148.0,3.8,4.4,62.0,53.0
11.6,8.2,143.0,2.6,4.1,73.0,53.0
12.0,8.4,139.0,1.8,3.9,83.0,53.0
12.3,8.6,137.0,1.4,3.9,90.0,52.0
12.3,8.6,136.0,1.3,3.9,94.0,52.0
12.2,8.4,137.0,1.7,3.9,96.0,52.0
12.6,8.3,139.0,2.2,3.7,94.0,51.0
13.4,8.3,143.0,3.2,3.5,90.0,51.0
12.4,7.1,150.0,5.9,3.6,83.0,51.0
14.6,9.5,162.0,12.3,5.0,70.0,51.0
18.9,13.7,178.0,21.0,6.8,52.0,51.0
21.7,16.7,191.0,27.0,8.0,39.0,52.0
22.9,17.9,201.0,27.9,8.0,34.0,52.0
23.1,18.0,209.0,26.2,7.5,33.0,52.0
20.9,16.2,208.0,23.6,6.7,33.0,53.0
17.8,13.3,192.0,20.3,5.7,34.0,53.0
15.4,11.4,169.0,16.1,4.6,37.0,53.0
13.4,9.9,152.0,13.0,3.8,38.0,53.0
11.8,8.8,148.0,11.9,3.6,36.0,53.0
10.8,8.2,151.0,11.8,3.8,34.0,53.0
11.5,8.6,158.0,10.0,4.5,37.0,53.0
12.1,9.5,174.0,9.7,5.2,39.0,53.0
14.2,11.9,194.0,9.2,6.1,43.0,53.0
15.3,11.4,203.0,8.3,6.8,50.0,53.0
18.6,12.7,188.0,6.6,6.9,64.0,54.0
21.1,13.3,161.0,4.4,6.8,82.0,54.0
22.2,13.3,141.0,2.8,6.5,96.0,55.0
22.8,13.2,137.0,1.9,6.0,103.0,55.0
23.3,13.0,141.0,1.6,5.3,107.0,55.0
24.0,13.0,147.0,2.2,4.8,107.0,56.0
24.6,13.0,149.0,2.4,4.3,104.0,56.0
25.1,13.0,154.0,3.6,4.0,98.0,56.0
22.1,12.8,175.0,8.8,5.4,89.0,57.0
27.4,18.3,215.0,25.6,8.6,67.0,57.0
37.1,28.2,270.0,48.7,13.1,38.0,59.0
45.2,36.4,345.0,65.7,16.7,15.0,60.0
49.0,40.9,473.0,71.1,18.8,7.0,62.0
51.1,43.3,621.0,70.3,20.1,6.0,64.0
50.9,43.4,692.0,67.1,20.5,7.0,66.0
46.6,39.8,620.0,61.7,19.7,9.0,68.0
41.2,35.3,471.0,54.0,18.0,13.0,70.0
36.4,31.3,350.0,47.1,16.1,15.0,72.0
32.8,28.2,293.0,42.7,13.9,13.0,73.0
30.3,25.6,265.0,39.2,11.5,9.0,75.0
27.6,24.2,260.0,39.2,14.7,9.0,76.0
28.5,24.8,296.0,34.3,13.2,14.0,77.0
30.0,26.1,357.0,27.2,11.2,21.0,78.0
29.8,23.0,386.0,20.5,9.9,36.0,79.0
33.4,22.4,351.0,14.3,10.1,64.0,80.0
35.9,22.4,285.0,8.4,10.9,99.0,81.0
40.6,22.3,232.0,4.2,11.2,126.0,81.0
44.9,22.2,210.0,2.4,10.2,139.0,82.0
46.0,21.8,200.0,2.3,8.7,144.0,83.0
45.8,21.2,195.0,2.8,7.5,145.0,83.0
45.3,20.6,188.0,1.5,6.7,145.0,84.0
44.8,20.3,185.0,0.9,6.3,142.0,84.0
61.7,26.7,196.0,7.2,5.9,120.0,92.0
64.5,32.8,227.0,21.5,7.1,92.0,91.0
71.9,39.6,272.0,41.2,8.8,54.0,88.0
75.0,43.0,319.0,55.0,10.0,25.0,88.0
74.5,42.8,371.0,58.1,10.3,14.0,88.0
75.2,43.8,426.0,55.4,10.0,12.0,88.0
74.0,43.1,463.0,50.6,9.4,14.0,88.0
68.9,39.0,474.0,43.6,8.1,18.0,88.0
60.8,34.0,468.0,34.5,6.5,25.0,88.0
50.5,28.4,449.0,26.9,5.3,31.0,88.0
43.2,24.5,408.0,22.4,4.9,35.0,88.0
38.8,22.2,355.0,19.5,4.9,38.0,87.0
62.2,34.7,322.0,37.8,6.5,16.0,88.0
63.1,36.2,334.0,34.9,7.3,23.0,89.0
62.2,38.8,366.0,30.7,8.3,34.0,90.0
51.5,31.8,374.0,25.3,8.8,50.0,91.0
47.8,27.3,330.0,17.8,8.2,75.0,91.0
48.7,25.5,261.0,9.2,7.0,104.0,91.0
52.6,25.6,209.0,3.0,6.0,125.0,92.0
56.7,25.8,190.0,0.9,5.4,133.0,92.0
57.0,25.1,187.0,1.1,5.1,133.0,92.0
55.4,23.9,188.0,2.5,4.8,129.0,92.0
53.9,22.6,184.0,2.6,4.3,124.0,93.0
52.9,21.9,185.0,3.9,4.0,115.0,93.0
48.5,21.5,207.0,11.6,4.8,102.0,92.0
55.9,28.5,265.0,32.1,7.6,76.0,92.0
66.8,39.2,343.0,60.0,11.6,40.0,92.0
75.0,47.3,413.0,78.8,14.4,14.0,92.0
78.9,51.2,476.0,80.7,15.4,6.0,93.0
77.5,50.6,531.0,73.5,15.4,7.0,93.0
70.3,44.8,542.0,63.5,14.4,12.0,94.0
59.3,36.6,477.0,51.0,12.0,19.0,93.0
49.6,30.2,367.0,35.8,8.8,29.0,93.0
40.7,25.0,278.0,23.9,6.2,37.0,93.0
33.9,21.4,226.0,18.2,5.0,39.0,93.0
28.9,18.7,194.0,15.8,4.6,38.0,92.0
36.2,23.1,191.0,24.1,5.4,30.0,91.0
32.1,21.0,242.0,22.8,5.8,31.0,90.0
32.0,22.6,324.0,20.8,6.4,34.0,89.0
31.0,21.7,372.0,17.9,6.8,45.0,88.0
33.6,21.9,351.0,13.2,7.0,71.0,88.0
37.3,22.2,298.0,7.5,7.1,104.0,87.0
39.3,21.1,257.0,3.4,6.9,128.0,87.0
42.5,20.7,249.0,1.7,6.3,136.0,87.0
43.3,19.8,254.0,1.6,5.4,136.0,86.0
41.1,18.3,257.0,2.6,4.7,132.0,86.0
38.2,17.0,244.0,3.2,4.1,127.0,85.0
35.7,16.1,229.0,5.0,3.8,119.0,85.0
21.8,11.8,240.0,12.4,4.4,107.0,84.0
29.6,20.2,302.0,32.4,6.9,80.0,84.0
39.5,30.3,391.0,59.7,10.4,44.0,83.0
46.4,37.8,463.0,78.5,12.9,16.0,82.0
49.1,41.3,501.0,81.6,13.6,6.0,81.0
47.7,41.0,521.0,76.2,13.2,4.0,81.0
42.5,36.6,528.0,68.1,12.2,6.0,80.0
33.5,28.5,518.0,57.1,10.2,12.0,79.0
26.5,22.2,495.0,43.3,7.5,21.0,79.0
22.4,18.2,468.0,32.9,5.5,27.0,78.0
20.7,16.3,430.0,29.1,4.8,27.0,78.0
20.4,15.7,388.0,28.7,4.8,23.0,77.0
27.9,23.0,376.0,44.6,6.5,9.0,77.0
25.5,20.5,430.0,39.6,6.8,17.0,77.0
25.8,21.3,514.0,32.4,7.1,29.0,77.0
23.6,19.6,546.0,25.0,7.2,45.0,77.0
20.8,16.2,474.0,17.2,6.7,70.0,77.0
19.0,13.6,352.0,9.2,5.8,100.0,76.0
16.7,11.3,258.0,3.5,5.1,122.0,75.0
18.1,11.0,227.0,1.2,4.6,131.0,74.0
19.8,11.3,226.0,1.2,4.1,132.0,74.0
19.3,10.8,228.0,2.5,3.8,129.0,73.0
18.1,10.2,214.0,3.5,3.4,125.0,73.0
17.3,10.0,205.0,5.7,3.0,116.0,72.0
6.0,6.0,237.0,13.9,3.3,101.0,72.0
12.6,12.5,343.0,31.0,5.5,77.0,71.0
21.5,21.1,490.0,54.5,8.5,44.0,70.0
28.7,28.3,621.0,71.6,10.8,18.0,70.0
33.6,33.1,730.0,77.0,11.9,7.0,69.0
36.4,35.9,822.0,76.1,12.2,2.0,69.0
35.5,34.8,855.0,72.3,11.8,2.0,69.0
30.2,29.5,786.0,65.5,10.2,5.0,69.0
25.2,24.6,658.0,55.8,7.9,12.0,69.0
21.2,20.6,556.0,47.6,6.2,18.0,69.0
18.8,18.2,513.0,42.9,5.6,20.0,69.0
17.3,16.7,496.0,39.7,5.5,21.0,69.0
14.1,13.4,491.0,29.8,5.3,29.0,68.0
12.8,12.0,509.0,27.1,5.5,32.0,68.0
14.7,13.6,539.0,23.1,5.7,38.0,67.0
16.0,14.5,528.0,18.7,5.7,50.0,67.0
18.8,14.8,435.0,13.4,5.4,73.0,67.0
24.0,16.4,302.0,7.5,4.9,103.0,67.0
21.7,14.5,201.0,3.3,4.5,124.0,67.0
17.0,11.8,165.0,1.4,4.1,131.0,67.0
13.4,9.6,161.0,1.1,3.8,130.0,67.0
12.0,8.4,165.0,2.2,3.6,126.0,67.0
11.7,8.1,161.0,3.2,3.5,123.0,67.0
11.8,8.2,165.0,5.6,3.5,119.0,67.0
13.3,11.2,200.0,13.5,4.4,107.0,71.0
21.6,19.3,296.0,30.7,6.7,83.0,68.0
31.0,28.2,423.0,54.0,9.7,49.0,68.0
35.0,32.1,512.0,67.9,11.6,26.0,68.0
33.5,30.7,534.0,64.1,11.3,22.0,68.0
29.2,26.7,518.0,50.9,9.8,28.0,67.0
42.8,20.9,533.0,28.2,9.2,39.0,75.0
40.7,21.2,438.0,30.2,9.0,35.0,74.0
42.3,23.6,360.0,32.0,8.8,32.0,74.0
43.3,26.0,313.0,34.6,8.9,25.0,73.0
42.8,27.1,284.0,37.0,9.2,19.0,73.0
71.2,22.9,276.0,20.9,6.4,38.0,73.0
85.2,25.1,306.0,17.8,7.4,49.0,72.0
127.1,26.5,358.0,13.5,8.8,65.0,72.0
166.7,29.5,390.0,9.6,9.5,83.0,72.0
173.7,30.3,379.0,6.7,9.1,104.0,72.0
157.9,28.9,347.0,4.2,8.1,127.0,73.0
110.1,23.6,318.0,2.5,7.1,143.0,73.0
74.5,20.3,299.0,1.7,6.2,148.0,74.0
59.1,18.3,283.0,1.5,5.4,146.0,74.0
49.8,17.1,276.0,1.7,4.8,144.0,74.0
58.7,18.3,271.0,1.1,4.4,145.0,88.0
51.7,17.2,274.0,0.9,4.2,145.0,101.0
27.6,13.6,311.0,2.7,4.1,131.0,107.0
25.2,15.1,425.0,7.1,4.7,114.0,104.0
19.0,14.4,572.0,13.3,5.6,89.0,92.0
15.1,13.1,652.0,19.4,6.8,69.0,76.0
12.8,12.0,598.0,24.7,8.5,58.0,73.0
15.6,15.1,476.0,29.8,10.6,50.0,73.0
20.5,20.0,379.0,34.4,12.1,44.0,72.0
25.4,24.6,345.0,39.1,12.8,37.0,73.0
28.0,27.1,337.0,43.2,12.9,31.0,73.0
25.8,25.0,334.0,45.2,12.8,27.0,73.0
23.3,22.6,329.0,44.2,12.4,23.0,73.0
21.9,21.2,329.0,40.9,11.6,21.0,72.0
13.9,13.6,337.0,22.1,7.1,37.0,72.0
15.4,15.1,362.0,20.1,7.8,46.0,71.0
13.6,13.5,394.0,17.3,8.7,60.0,70.0
14.3,13.5,405.0,14.1,9.1,76.0,69.0
27.9,18.2,373.0,10.2,8.4,98.0,68.0
39.6,22.9,319.0,6.0,7.1,123.0,67.0
45.5,25.0,278.0,3.0,6.0,141.0,67.0
44.1,24.3,264.0,1.9,5.2,145.0,68.0
37.1,21.1,262.0,2.0,4.5,142.0,68.0
36.9,22.2,264.0,2.5,4.0,137.0,68.0
31.7,19.4,237.0,3.0,3.7,134.0,78.0
28.5,18.4,214.0,4.0,3.5,130.0,90.0
10.9,6.5,285.0,5.8,4.0,117.0,94.0
14.3,9.3,556.0,9.8,5.0,104.0,90.0
18.5,13.0,920.0,15.4,6.3,86.0,78.0
20.3,15.1,1149.0,19.6,7.3,71.0,68.0
20.3,15.5,1124.0,21.3,7.6,63.0,68.0
20.5,16.4,964.0,21.6,7.5,57.0,68.0
21.0,17.1,799.0,21.3,7.3,54.0,68.0
21.0,17.2,663.0,20.4,6.9,52.0,67.0
20.1,16.5,522.0,18.9,6.3,52.0,66.0
19.0,15.5,407.0,17.6,5.8,52.0,65.0
17.7,14.3,323.0,17.0,5.6,52.0,65.0
18.2,15.0,265.0,16.7,5.6,53.0,64.0
16.5,13.0,246.0,11.6,5.6,68.0,64.0
21.9,15.1,296.0,10.9,5.7,73.0,64.0
35.6,18.1,386.0,9.8,5.9,81.0,65.0
62.4,23.9,438.0,8.4,5.9,90.0,65.0
205.4,43.9,410.0,6.5,5.6,103.0,68.0
96.6,32.6,345.0,4.2,5.1,118.0,68.0
75.4,28.9,297.0,2.8,4.7,129.0,69.0
129.5,36.3,289.0,2.7,4.6,132.0,70.0
276.6,54.0,297.0,3.4,4.8,130.0,72.0
318.5,60.3,306.0,4.1,4.9,128.0,75.0
359.5,64.0,306.0,4.0,4.9,128.0,79.0
327.8,60.3,307.0,3.9,5.0,128.0,82.0
293.4,54.1,321.0,6.5,5.9,120.0,86.0
237.5,47.3,363.0,13.3,7.2,103.0,89.0
179.7,45.6,418.0,22.8,9.1,78.0,91.0
142.5,44.0,460.0,30.6,10.8,58.0,93.0
109.7,40.9,486.0,36.0,12.3,45.0,95.0
97.3,41.8,498.0,39.8,13.6,37.0,97.0
99.4,46.6,481.0,39.7,13.7,34.0,100.0
98.0,45.2,411.0,33.0,11.8,39.0,103.0
104.1,46.7,311.0,22.4,8.7,49.0,106.0
103.8,45.2,234.0,14.0,6.2,57.0,109.0
103.6,43.3,201.0,10.4,4.9,59.0,112.0
108.5,43.9,191.0,9.1,4.3,59.0,115.0
120.6,44.8,191.0,18.1,6.7,45.0,118.0
118.5,44.4,205.0,15.3,6.6,53.0,121.0
138.3,47.8,229.0,11.3,6.4,64.0,124.0
289.6,66.4,240.0,7.8,6.2,75.0,129.0
407.0,81.5,222.0,5.3,5.8,86.0,133.0
226.8,61.9,191.0,3.2,5.4,97.0,136.0
258.0,65.7,167.0,1.8,4.9,104.0,140.0
243.1,64.0,158.0,1.1,4.4,105.0,142.0
230.5,63.8,157.0,1.0,3.8,103.0,143.0
201.2,59.4,162.0,1.4,3.5,100.0,143.0
179.3,56.6,174.0,2.2,3.4,98.0,143.0
183.9,57.5,191.0,3.4,3.6,95.0,142.0
154.1,51.0,211.0,5.0,3.3,90.0,142.0
144.4,50.4,234.0,7.2,3.9,83.0,142.0
94.3,44.0,260.0,10.3,4.7,74.0,142.0
70.8,38.6,276.0,12.6,5.3,66.0,142.0
197.0,52.6,278.0,13.4,5.5,62.0,143.0
184.4,54.2,271.0,13.3,5.6,59.0,144.0
116.2,45.6,261.0,12.9,5.5,57.0,144.0
116.4,44.1,249.0,12.1,5.2,56.0,144.0
117.1,44.6,234.0,10.9,4.9,55.0,144.0
102.2,42.5,215.0,9.8,4.6,55.0,143.0
81.3,38.0,186.0,9.2,4.5,55.0,143.0
83.4,35.5,152.0,8.7,4.5,55.0,142.0
571.8,108.3,133.0,7.1,4.4,59.0,149.0
618.4,113.2,142.0,6.7,4.6,59.0,152.0
651.9,116.9,165.0,6.2,4.8,61.0,154.0
720.8,118.7,179.0,5.4,4.9,64.0,155.0
814.0,132.7,172.0,4.2,4.7,72.0,157.0
771.1,126.7,156.0,2.7,4.3,82.0,166.0
705.9,116.6,144.0,1.6,4.0,91.0,176.0
624.0,104.1,139.0,1.2,3.7,96.0,184.0
555.1,94.1,137.0,1.2,3.5,99.0,190.0
532.7,89.6,141.0,1.5,3.4,101.0,197.0
164.4,43.7,153.0,2.0,3.4,102.0,197.0
504.8,83.8,171.0,2.7,3.5,101.0,211.0
480.6,82.9,188.0,4.2,3.4,97.0,230.0
478.7,88.9,206.0,7.2,4.2,88.0,250.0
457.3,91.5,224.0,11.3,5.3,76.0,271.0
480.6,96.4,231.0,13.8,6.0,67.0,296.0
542.0,104.1,220.0,13.0,5.9,65.0,314.0
625.8,115.9,199.0,10.5,5.5,66.0,337.0
709.7,129.0,180.0,8.5,5.1,67.0,368.0
730.2,132.7,168.0,7.6,4.9,66.0,400.0
663.1,122.5,158.0,7.2,4.7,64.0,423.0
571.8,106.9,150.0,6.9,4.5,62.0,442.0
542.0,99.9,145.0,6.8,4.4,59.0,462.0
551.3,100.1,142.0,6.9,4.4,55.0,481.0
646.3,117.1,141.0,6.2,4.3,57.0,484.0
610.9,111.1,142.0,5.5,4.3,57.0,484.0
510.4,92.2,144.0,4.6,4.3,59.0,478.0
599.8,98.7,145.0,3.7,4.3,62.0,473.0
610.9,99.7,143.0,2.9,4.2,70.0,465.0
588.6,96.2,139.0,2.1,4.0,81.0,457.0
542.0,89.9,137.0,1.5,3.8,89.0,450.0
506.6,84.5,136.0,1.2,3.6,94.0,445.0
476.8,79.9,136.0,1.2,3.4,97.0,442.0
464.7,77.8,139.0,1.4,3.2,98.0,439.0
469.4,78.0,145.0,1.5,3.1,99.0,452.0
473.1,78.5,154.0,1.9,3.0,98.0,451.0
422.8,70.5,165.0,3.3,3.1,95.0,448.0
408.9,75.2,180.0,6.7,3.9,85.0,445.0
367.9,73.3,196.0,11.3,4.9,71.0,441.0
361.4,72.2,209.0,14.4,5.6,61.0,437.0
414.4,78.0,217.0,14.5,5.7,57.0,431.0
465.7,85.0,220.0,13.0,5.4,57.0,425.0
457.3,85.0,219.0,11.5,5.1,57.0,414.0
405.1,78.0,211.0,10.6,4.8,56.0,400.0
376.3,72.9,198.0,9.7,4.5,56.0,386.0
429.3,78.0,183.0,8.8,4.2,55.0,378.0
497.3,86.4,163.0,8.1,4.1,53.0,376.0
527.1,91.3,140.0,7.4,4.0,52.0,375.0
603.5,105.9,125.0,6.0,3.9,54.0,372.0
519.7,93.1,124.0,5.2,4.0,54.0,368.0
475.0,81.5,131.0,4.1,4.0,55.0,366.0
566.2,91.7,136.0,3.1,4.0,58.0,364.0
631.4,100.1,135.0,2.4,3.8,66.0,365.0
631.4,100.1,131.0,1.7,3.6,75.0,367.0
577.4,92.9,129.0,1.3,3.4,84.0,369.0
540.2,86.8,128.0,1.1,3.3,90.0,371.0
512.2,82.9,128.0,1.1,3.2,94.0,373.0
482.4,78.7,129.0,1.2,3.2,97.0,374.0
465.7,76.8,128.0,1.2,3.1,99.0,374.0
476.8,78.9,128.0,1.3,3.1,100.0,374.0
326.0,60.1,138.0,2.7,3.4,98.0,369.0
298.0,63.3,171.0,7.2,4.5,86.0,363.0
187.2,53.4,214.0,13.3,6.0,69.0,353.0
183.9,53.3,239.0,17.1,6.9,57.0,344.0
299.9,66.8,228.0,16.6,6.7,54.0,338.0
461.0,89.6,197.0,13.8,5.9,54.0,338.0
573.7,108.3,171.0,11.4,5.2,55.0,344.0
588.6,113.2,156.0,10.4,5.0,54.0,354.0
540.2,106.9,145.0,9.9,4.9,52.0,362.0
497.3,99.2,136.0,9.3,4.8,51.0,366.0
489.9,94.8,129.0,8.5,4.7,50.0,365.0
514.1,94.5,124.0,7.7,4.6,50.0,365.0
337.1,69.4,124.0,8.2,4.8,50.0,351.0
421.0,76.6,131.0,7.0,4.8,52.0,346.0
447.0,75.9,143.0,5.4,4.8,54.0,344.0
502.9,80.3,150.0,4.0,4.7,59.0,341.0
538.3,85.2,149.0,3.0,4.4,67.0,336.0
529.0,85.2,143.0,2.2,4.0,77.0,331.0
467.5,77.1,139.0,1.6,3.7,85.0,325.0
447.0,75.0,137.0,1.3,3.5,91.0,320.0
459.1,76.8,136.0,1.3,3.4,95.0,317.0
491.7,82.7,137.0,1.5,3.3,97.0,318.0
516.0,87.3,139.0,1.6,3.2,98.0,320.0
523.4,89.4,143.0,1.9,3.1,97.0,323.0
493.6,90.1,156.0,3.8,3.6,95.0,332.0
448.0,95.2,189.0,7.6,4.5,85.0,339.0
428.4,95.9,230.0,12.8,5.6,71.0,352.0
473.1,101.5,253.0,16.1,6.4,61.0,367.0
486.2,100.8,240.0,15.9,6.4,58.0,377.0
499.2,99.2,209.0,13.8,6.0,57.0,379.0
512.2,98.7,185.0,11.9,5.6,57.0,376.0
514.1,97.8,180.0,10.8,5.2,55.0,372.0
519.7,97.8,182.0,9.9,4.8,53.0,371.0
549.5,101.5,179.0,9.1,4.5,51.0,373.0
603.5,109.2,161.0,8.3,4.3,49.0,379.0
681.7,121.1,138.0,7.6,4.1,47.0,388.0
692.9,122.9,124.0,7.0,4.2,47.0,405.0
648.2,117.8,129.0,6.2,4.3,48.0,415.0
614.7,112.0,142.0,5.1,4.4,49.0,422.0
707.8,121.1,151.0,4.1,4.4,53.0,430.0
778.6,130.4,147.0,3.1,4.1,60.0,440.0
773.0,128.1,138.0,2.2,3.7,69.0,450.0
405.1,82.2,131.0,1.6,3.4,77.0,448.0
244.0,60.5,130.0,1.3,3.2,82.0,439.0
217.9,55.3,130.0,1.3,3.2,85.0,429.0
210.5,54.1,133.0,1.5,3.1,86.0,418.0
418.2,77.3,136.0,1.6,3.0,87.0,413.0
549.5,94.8,140.0,2.0,2.9,86.0,415.0
240.3,61.5,149.0,3.9,3.5,85.0,404.0
365.1,79.4,166.0,8.4,4.5,74.0,401.0
326.9,79.4,187.0,14.4,5.9,59.0,395.0
356.7,83.1,201.0,18.1,6.7,48.0,389.0
476.8,96.9,202.0,17.0,6.5,46.0,389.0
581.1,110.1,197.0,13.6,5.7,47.0,393.0
640.7,118.5,193.0,10.6,5.0,49.0,400.0
676.1,123.4,194.0,9.2,4.5,49.0,407.0
705.9,127.6,197.0,8.2,4.1,49.0,414.0
700.4,126.2,196.0,7.7,3.9,49.0,421.0
711.5,127.6,188.0,7.7,3.9,48.0,425.0
644.5,115.9,177.0,8.0,4.1,46.0,424.0
504.8,96.6,168.0,9.7,3.9,42.0,416.0
523.4,98.0,165.0,9.2,4.3,45.0,411.0
516.0,96.2,164.0,8.5,4.9,49.0,406.0
453.6,84.5,163.0,7.4,5.2,56.0,395.0
612.8,100.8,159.0,5.5,4.8,66.0,386.0
285.0,63.3,154.0,3.3,4.1,79.0,361.0
221.2,54.6,150.0,1.7,3.5,89.0,351.0
364.1,70.1,148.0,1.2,3.3,95.0,357.0
230.0,54.7,148.0,1.3,3.2,98.0,358.0
314.8,63.3,149.0,1.6,3.2,100.0,364.0
250.5,56.2,146.0,1.5,3.1,102.0,355.0
250.5,56.2,144.0,1.6,3.0,102.0,339.0
204.9,51.9,158.0,4.5,4.2,102.0,337.0
201.6,54.4,204.0,11.5,5.5,86.0,329.0
169.5,54.0,266.0,21.1,7.2,64.0,321.0
149.5,53.4,310.0,27.9,8.4,47.0,310.0
136.9,51.7,323.0,29.3,8.5,40.0,291.0
170.9,54.0,319.0,28.0,8.0,37.0,267.0
211.9,56.8,302.0,25.7,7.4,37.0,241.0
245.9,58.1,265.0,22.8,6.6,38.0,215.0
278.5,59.5,215.0,19.1,5.6,41.0,197.0
328.8,63.1,178.0,15.8,4.9,43.0,189.0
416.3,72.6,166.0,13.6,4.5,44.0,183.0
475.0,80.6,167.0,11.9,4.4,45.0,179.0
447.0,77.5,171.0,11.0,4.3,46.0,178.0
478.7,83.1,178.0,9.7,4.5,50.0,177.0
512.2,90.6,188.0,8.0,4.7,56.0,177.0
542.0,90.3,191.0,6.2,4.8,64.0,179.0
629.6,102.9,181.0,4.5,4.5,74.0,179.0
661.2,105.9,163.0,2.9,4.0,86.0,187.0
298.0,62.6,150.0,1.7,3.6,95.0,189.0
283.1,64.0,145.0,1.3,3.4,100.0,187.0
345.5,65.0,144.0,1.3,3.3,101.0,189.0
233.3,52.9,145.0,1.6,3.2,102.0,188.0
191.9,48.7,145.0,1.6,3.1,103.0,186.0
169.0,46.3,147.0,1.7,3.0,102.0,185.0
196.5,46.9,155.0,3.6,3.1,98.0,184.0
260.8,58.2,171.0,9.2,4.2,85.0,186.0
237.0,59.6,194.0,16.9,5.8,66.0,187.0
247.7,62.6,216.0,21.8,6.8,53.0,189.0
302.7,68.9,243.0,21.4,6.8,49.0,193.0
420.0,83.6,270.0,18.3,6.2,50.0,198.0
538.3,99.4,280.0,15.3,5.6,52.0,213.0
597.9,107.8,262.0,13.2,5.2,53.0,234.0
605.4,109.2,227.0,11.1,4.9,54.0,253.0
601.6,108.5,196.0,9.7,4.6,54.0,270.0
573.7,103.1,176.0,9.3,4.5,53.0,279.0
568.1,100.8,160.0,9.4,4.5,51.0,285.0
586.7,103.6,151.0,8.8,4.2,52.0,293.0
321.3,70.1,152.0,8.2,4.3,54.0,284.0
491.7,86.6,158.0,7.3,4.5,58.0,282.0
514.1,83.4,162.0,6.2,4.6,64.0,281.0
588.6,93.1,158.0,4.7,4.4,75.0,278.0
603.5,95.2,150.0,3.1,4.1,89.0,275.0
551.3,88.5,144.0,1.9,3.8,99.0,290.0
468.5,78.9,142.0,1.4,3.6,103.0,301.0
283.1,58.3,142.0,1.4,3.4,104.0,297.0
201.6,49.2,143.0,1.6,3.3,104.0,295.0
321.3,61.7,143.0,1.4,3.1,105.0,303.0
313.9,60.3,145.0,1.5,2.9,106.0,310.0
96.6,29.8,157.0,3.5,3.2,102.0,305.0
206.3,45.2,187.0,10.5,4.5,86.0,302.0
133.6,41.2,227.0,20.0,6.4,64.0,296.0
98.7,39.6,257.0,26.6,7.6,48.0,287.0
99.9,39.7,270.0,27.6,7.7,42.0,275.0
156.5,45.8,274.0,25.7,7.2,41.0,260.0
253.3,57.2,267.0,23.2,6.7,42.0,243.0
334.3,66.8,244.0,20.4,6.3,43.0,227.0
393.0,73.8,210.0,17.0,5.8,44.0,214.0
445.2,79.2,184.0,14.1,5.4,46.0,205.0
489.9,83.6,172.0,12.2,5.1,46.0,200.0
501.1,84.8,167.0,10.8,4.8,46.0,199.0
588.6,101.0,165.0,9.3,4.2,48.0,199.0
555.1,96.9,165.0,8.4,4.3,52.0,210.0
514.1,92.2,167.0,7.1,4.3,58.0,211.0
493.6,82.7,167.0,5.7,4.2,65.0,210.0
553.2,89.4,161.0,4.2,3.8,75.0,208.0
536.4,85.7,152.0,2.6,3.2,87.0,204.0
467.5,75.2,145.0,1.5,2.8,96.0,200.0
419.1,68.0,140.0,1.1,2.6,100.0,199.0
173.7,39.5,136.0,1.2,2.6,102.0,196.0
109.9,31.1,136.0,1.5,2.6,102.0,194.0
250.5,47.8,139.0,1.3,2.5,101.0,193.0
234.7,45.6,144.0,1.3,2.5,99.0,191.0
182.1,39.0,155.0,3.8,3.1,96.0,193.0
169.0,41.4,173.0,11.0,4.4,81.0,192.0
111.5,39.3,195.0,21.0,6.1,59.0,192.0
92.0,39.7,217.0,28.0,7.3,43.0,192.0
77.5,38.4,242.0,29.6,7.6,37.0,191.0
68.5,38.0,266.0,28.2,7.3,36.0,189.0
156.9,46.4,276.0,25.9,6.9,36.0,187.0
291.5,62.2,261.0,22.7,6.2,37.0,187.0
327.8,66.6,231.0,18.6,5.4,39.0,185.0
334.3,66.4,202.0,15.4,4.8,40.0,183.0
326.0,64.3,178.0,14.2,4.7,38.0,179.0
332.5,64.0,157.0,13.8,4.9,36.0,176.0
283.1,53.3,142.0,10.6,4.3,42.0,170.0
195.6,43.8,140.0,9.6,4.5,45.0,162.0
218.9,46.4,145.0,8.1,4.7,50.0,156.0
275.7,48.8,149.0,6.5,4.7,57.0,151.0
372.5,60.1,149.0,4.8,4.3,69.0,148.0
411.6,65.9,148.0,3.0,3.8,83.0,145.0
392.1,63.8,146.0,1.7,3.3,94.0,143.0
145.8,35.2,142.0,1.2,3.1,99.0,138.0
104.3,29.9,136.0,1.2,3.0,101.0,136.0
73.8,25.4,133.0,1.4,3.0,101.0,136.0
62.6,23.3,128.0,1.3,3.0,102.0,132.0
70.5,23.9,125.0,1.4,3.0,102.0,128.0
91.7,28.6,144.0,3.0,3.6,101.0,127.0
200.2,48.2,208.0,6.2,4.6,92.0,128.0
116.6,38.5,293.0,10.6,5.9,79.0,128.0
98.0,37.3,346.0,14.0,6.9,68.0,128.0
89.2,40.2,339.0,15.7,7.3,61.0,128.0
71.0,37.0,299.0,16.5,7.3,55.0,128.0
203.5,51.0,259.0,16.4,7.2,52.0,129.0
278.5,58.2,225.0,14.9,6.8,51.0,128.0
314.8,59.8,190.0,12.5,6.2,53.0,128.0
339.0,61.5,167.0,10.8,5.8,53.0,128.0
343.7,61.9,164.0,10.6,5.7,50.0,128.0
309.2,57.4,172.0,11.0,5.7,46.0,128.0
311.1,56.8,179.0,9.4,4.8,46.0,129.0
211.4,44.5,179.0,9.0,5.0,49.0,129.0
184.4,39.8,176.0,8.4,5.3,54.0,128.0
241.2,43.5,173.0,7.5,5.4,60.0,127.0
299.9,49.6,167.0,6.1,5.2,70.0,126.0
267.3,45.8,159.0,4.4,4.7,82.0,123.0
215.1,39.6,156.0,3.2,4.4,91.0,119.0
196.0,37.6,161.0,2.7,4.3,97.0,120.0
158.3,33.2,170.0,2.6,4.2,100.0,121.0
162.5,33.3,179.0,2.7,4.2,102.0,123.0
191.9,36.4,186.0,2.4,4.0,103.0,126.0
182.1,35.3,192.0,2.2,3.9,102.0,128.0
156.5,34.5,198.0,6.9,4.4,81.0,130.0
88.7,25.5,203.0,8.0,4.7,78.0,127.0
65.7,21.4,208.0,9.5,5.0,73.0,126.0
46.4,18.6,214.0,10.9,5.3,68.0,125.0
32.4,17.1,226.0,12.2,5.4,64.0,124.0
21.4,15.7,239.0,13.3,5.3,60.0,123.0
19.2,15.1,243.0,13.9,5.2,57.0,119.0
18.1,14.8,227.0,13.6,5.0,56.0,114.0
17.7,14.6,202.0,12.7,4.7,57.0,107.0
17.2,13.8,183.0,11.9,4.6,58.0,101.0
17.2,13.5,173.0,11.4,4.7,58.0,94.0
17.7,13.9,170.0,11.1,5.0,58.0,89.0
18.1,15.1,180.0,13.2,7.1,52.0,86.0
19.2,16.3,217.0,15.0,6.8,49.0,84.0
20.1,16.6,267.0,17.5,6.4,45.0,82.0
18.5,15.1,297.0,18.6,5.9,44.0,80.0
17.4,13.3,285.0,17.3,5.3,46.0,77.0
17.6,12.2,253.0,14.6,4.7,51.0,74.0
17.0,11.6,237.0,12.2,4.3,57.0,72.0
17.5,11.7,258.0,10.5,4.2,65.0,70.0
18.0,11.9,296.0,9.1,4.2,74.0,68.0
18.8,11.0,323.0,8.2,4.2,81.0,66.0
23.3,11.5,315.0,7.3,3.9,85.0,64.0
27.2,12.2,297.0,6.9,3.6,87.0,63.0
32.8,13.5,315.0,5.4,4.0,98.0,61.0
28.1,15.3,412.0,10.9,4.7,85.0,60.0
28.2,19.7,546.0,18.5,5.7,67.0,60.0
23.7,17.4,635.0,23.6,6.5,55.0,60.0
21.9,16.4,642.0,24.1,7.0,53.0,60.0
19.0,14.8,605.0,22.1,7.4,56.0,60.0
18.3,15.2,551.0,20.3,7.5,59.0,60.0
17.4,14.9,480.0,19.4,7.2,58.0,60.0
17.2,14.9,393.0,18.7,6.7,57.0,60.0
14.9,13.1,318.0,17.9,6.3,56.0,60.0
14.3,12.9,263.0,17.2,6.2,55.0,60.0
15.0,13.6,221.0,16.5,6.4,54.0,60.0
19.8,16.3,200.0,20.3,6.9,46.0,60.0
16.9,15.3,213.0,17.7,7.2,57.0,60.0
15.3,13.9,247.0,13.9,7.7,72.0,60.0
14.2,12.8,267.0,10.6,7.8,87.0,59.0
13.5,11.8,254.0,8.0,7.3,100.0,59.0
11.1,9.8,226.0,5.9,6.4,112.0,59.0
9.9,8.8,209.0,4.2,5.6,122.0,59.0
8.9,8.0,214.0,3.1,5.1,131.0,59.0
7.5,6.8,230.0,2.5,4.7,137.0,58.0
6.4,5.7,243.0,2.6,4.5,139.0,58.0
5.8,5.2,246.0,3.2,4.4,134.0,71.0
6.1,5.5,247.0,4.4,4.5,124.0,79.0
13.4,7.2,260.0,4.4,3.2,124.0,84.0
11.6,7.8,300.0,9.3,4.5,109.0,84.0
13.0,10.6,352.0,16.0,6.3,89.0,76.0
12.7,11.1,391.0,20.3,7.5,75.0,65.0
10.7,10.0,409.0,20.0,7.7,72.0,54.0
11.0,10.7,414.0,17.4,7.4,74.0,54.0
11.2,10.9,402.0,14.7,6.8,77.0,53.0
11.3,11.1,359.0,12.5,5.9,80.0,53.0
11.6,11.3,299.0,10.3,4.7,84.0,53.0
10.5,10.3,255.0,9.2,4.0,85.0,52.0
10.8,10.6,243.0,10.2,4.1,79.0,52.0
11.0,10.8,248.0,12.2,4.8,70.0,52.0
9.8,9.4,261.0,8.5,4.5,86.0,52.0
10.9,10.7,285.0,8.4,5.2,88.0,51.0
10.2,10.1,316.0,8.2,6.2,91.0,51.0
10.8,10.3,334.0,7.5,6.8,97.0,51.0
13.5,12.2,326.0,5.9,6.8,109.0,51.0
15.4,13.8,305.0,3.9,6.4,124.0,51.0
16.1,14.3,293.0,2.4,6.0,134.0,51.0
16.7,14.8,296.0,2.0,5.7,137.0,52.0
18.1,16.1,307.0,2.2,5.4,135.0,61.0
18.1,15.7,327.0,2.7,5.2,133.0,71.0
68.0,22.0,366.0,3.4,5.0,133.0,80.0
26.7,17.2,415.0,4.4,4.9,134.0,88.0
77.3,25.7,447.0,4.5,5.5,137.0,93.0
53.2,24.0,450.0,7.8,6.4,126.0,94.0
44.2,26.4,436.0,12.4,7.6,110.0,89.0
37.5,28.1,419.0,15.7,8.4,97.0,80.0
32.1,28.4,400.0,16.5,8.3,89.0,71.0
29.2,27.9,378.0,16.0,7.7,83.0,64.0
27.4,26.7,356.0,15.3,7.2,79.0,65.0
27.2,26.7,336.0,14.7,6.8,76.0,66.0
26.8,26.7,318.0,13.9,6.4,75.0,68.0
25.9,25.8,303.0,12.9,6.1,74.0,69.0
23.9,23.9,293.0,11.7,5.9,74.0,70.0
20.7,20.6,286.0,10.4,5.9,75.0,71.0
21.8,21.7,282.0,12.0,6.7,70.0,72.0
19.1,19.0,285.0,11.4,7.0,70.0,72.0
16.9,16.8,292.0,10.5,7.3,71.0,73.0
16.7,16.5,291.0,9.3,7.6,75.0,73.0
14.2,13.9,276.0,7.5,7.9,84.0,73.0
13.6,13.3,255.0,5.3,8.1,96.0,73.0
14.0,13.7,237.0,3.7,8.0,105.0,73.0
13.3,13.0,227.0,3.1,7.4,108.0,73.0
11.4,11.1,221.0,3.1,6.4,107.0,73.0
10.3,10.2,221.0,3.2,5.7,107.0,72.0
10.4,10.2,219.0,2.9,5.2,109.0,71.0
10.4,10.2,222.0,2.8,4.9,111.0,71.0
16.6,15.3,255.0,3.8,5.2,109.0,70.0
18.5,16.5,355.0,8.3,6.2,95.0,69.0
24.2,19.6,484.0,14.5,7.5,77.0,69.0
199.3,43.2,550.0,18.6,8.6,62.0,70.0
274.7,54.7,492.0,18.7,9.1,56.0,72.0
358.6,66.4,370.0,16.9,9.3,53.0,75.0
435.9,76.8,272.0,15.1,9.3,52.0,79.0
448.0,79.4,232.0,14.2,9.2,52.0,83.0
460.1,81.7,216.0,13.5,9.0,52.0,88.0
110.6,35.5,209.0,12.8,8.6,53.0,88.0
52.0,23.7,210.0,12.4,8.0,52.0,88.0
27.0,16.4,219.0,12.1,7.3,51.0,88.0
336.2,60.3,226.0,11.8,8.0,48.0,91.0
280.3,52.4,226.0,10.4,8.5,52.0,94.0
133.2,30.4,224.0,8.4,9.1,57.0,95.0
46.7,17.1,219.0,6.5,9.3,64.0,95.0
26.7,13.2,210.0,4.9,8.8,73.0,95.0
72.4,19.9,199.0,3.5,8.0,83.0,95.0
36.2,15.5,190.0,2.4,7.2,91.0,95.0
22.5,12.4,183.0,1.8,6.4,97.0,95.0
18.2,11.5,177.0,1.7,5.7,101.0,95.0
17.7,11.8,178.0,1.8,5.2,104.0,95.0
17.5,12.0,188.0,1.7,5.0,107.0,96.0
17.9,12.3,204.0,1.9,5.0,108.0,96.0
523.4,84.1,224.0,4.2,5.8,94.0,105.0
337.1,62.2,248.0,9.5,7.0,82.0,112.0
222.6,51.5,277.0,16.9,8.8,65.0,116.0
147.6,43.9,306.0,22.8,10.1,51.0,115.0
105.9,38.8,343.0,25.8,10.7,43.0,111.0
79.4,35.2,380.0,27.2,11.0,39.0,105.0
59.1,31.1,394.0,27.5,10.9,36.0,100.0
55.4,28.1,362.0,26.0,10.3,36.0,96.0
42.1,24.3,305.0,23.4,9.3,37.0,91.0
27.4,20.0,266.0,21.6,8.6,37.0,90.0
22.5,18.3,265.0,22.2,8.3,32.0,90.0
21.2,18.3,280.0,23.8,8.2,26.0,90.0
70.8,25.7,293.0,18.8,8.3,34.0,87.0
53.9,22.6,298.0,15.4,8.7,44.0,85.0
88.0,24.6,299.0,10.6,9.1,57.0,84.0
119.7,27.5,292.0,6.7,9.2,71.0,85.0
49.6,19.8,268.0,4.6,8.6,84.0,86.0
36.6,17.2,235.0,3.4,7.5,97.0,86.0
184.4,34.2,210.0,2.6,6.6,107.0,87.0
208.2,36.6,201.0,2.1,5.9,111.0,89.0
208.6,36.3,199.0,2.0,5.3,111.0,91.0
220.3,38.4,202.0,2.1,4.8,110.0,93.0
200.2,36.2,197.0,1.5,4.4,111.0,95.0
171.8,32.6,195.0,1.1,4.1,110.0,97.0
117.8,23.5,227.0,3.3,4.0,102.0,92.0
89.6,23.2,335.0,10.2,5.7,87.0,89.0
76.8,26.4,478.0,19.6,8.0,66.0,87.0
68.7,28.8,559.0,26.1,9.5,50.0,86.0
56.5,27.7,520.0,26.8,9.5,45.0,85.0
49.1,25.2,420.0,24.4,8.8,46.0,84.0
51.7,23.2,338.0,22.1,7.9,47.0,83.0
41.7,19.8,306.0,20.6,7.1,45.0,83.0
43.0,18.5,292.0,19.1,6.1,44.0,82.0
32.2,16.5,281.0,18.0,5.5,42.0,82.0
24.2,15.2,265.0,17.9,5.4,39.0,82.0
26.4,15.4,251.0,18.1,5.5,35.0,81.0
16.7,15.5,248.0,21.0,6.1,31.0,81.0
17.7,16.7,265.0,17.6,6.5,43.0,80.0
45.4,19.3,292.0,12.9,7.0,59.0,80.0
92.0,24.4,306.0,8.8,7.2,77.0,79.0
59.6,19.8,292.0,5.9,6.8,96.0,79.0
36.3,15.1,265.0,3.6,6.0,117.0,79.0
28.8,12.6,245.0,2.1,5.3,131.0,78.0
25.0,11.7,239.0,1.4,4.8,135.0,76.0
22.4,11.6,239.0,1.5,4.3,133.0,74.0
49.5,14.6,247.0,2.0,4.1,130.0,72.0
36.2,13.8,260.0,2.7,4.2,128.0,70.0
29.2,13.2,281.0,3.9,4.4,124.0,78.0
22.4,15.7,313.0,4.2,4.0,120.0,83.0
24.7,18.9,372.0,14.2,6.2,99.0,79.0
31.2,25.8,442.0,27.8,9.3,71.0,68.0
36.0,30.7,483.0,35.5,11.0,52.0,68.0
32.2,28.1,471.0,31.8,10.2,51.0,68.0
27.2,23.9,430.0,22.4,8.1,60.0,68.0
23.2,20.3,390.0,14.9,6.4,66.0,67.0
20.8,18.3,358.0,12.4,5.8,66.0,67.0
177.4,36.6,326.0,11.9,5.7,64.0,69.0
235.6,45.2,304.0,11.7,5.7,62.0,71.0
233.3,46.0,296.0,11.6,5.7,60.0,73.0
210.0,43.9,298.0,11.8,5.9,58.0,76.0
62.2,25.3,299.0,12.6,6.1,55.0,76.0
58.3,25.5,299.0,12.1,6.7,58.0,77.0
49.0,24.7,298.0,11.2,7.4,63.0,77.0
39.8,22.1,294.0,9.9,7.8,72.0,77.0
34.2,20.5,283.0,7.6,7.4,90.0,77.0
71.0,25.0,269.0,4.7,6.6,112.0,78.0
49.6,21.2,256.0,2.7,5.9,129.0,79.0
38.3,18.0,245.0,2.1,5.5,137.0,79.0
34.7,17.2,236.0,2.2,5.3,139.0,80.0
32.7,17.5,232.0,2.8,5.1,139.0,80.0
30.9,17.4,227.0,3.5,4.8,137.0,80.0
29.9,17.8,226.0,4.5,4.6,133.0,83.0
10.4,9.5,252.0,9.8,4.3,91.0,83.0
9.4,8.8,326.0,11.6,5.2,86.0,79.0
10.6,10.0,427.0,14.1,6.3,80.0,78.0
11.7,11.0,508.0,15.5,7.0,75.0,77.0
10.8,9.9,563.0,14.7,6.6,74.0,75.0
10.4,9.2,599.0,12.8,5.8,74.0,74.0
10.7,9.4,594.0,11.7,5.1,72.0,73.0
10.6,9.2,517.0,12.1,4.9,67.0,72.0
10.9,9.5,398.0,13.2,4.8,61.0,70.0
11.2,9.7,308.0,14.3,4.8,55.0,67.0
11.9,10.2,279.0,15.6,4.8,49.0,65.0
13.1,10.6,278.0,17.0,4.9,43.0,62.0
15.3,10.8,277.0,13.4,5.3,51.0,61.0
20.5,13.7,267.0,12.6,5.9,52.0,60.0
43.2,19.8,257.0,11.3,6.6,53.0,60.0
46.4,23.1,247.0,9.7,6.9,60.0,60.0
53.1,25.5,234.0,7.3,6.4,76.0,60.0
61.0,27.5,220.0,4.5,5.5,97.0,60.0
68.5,28.7,210.0,2.5,4.8,112.0,61.0
64.3,25.6,205.0,1.8,4.4,117.0,61.0
66.8,26.6,204.0,1.8,4.1,116.0,62.0
67.3,26.4,209.0,2.2,4.0,115.0,63.0
70.8,27.8,193.0,1.4,3.8,117.0,64.0
73.6,28.6,183.0,0.8,3.7,117.0,65.0
94.5,35.2,261.0,5.1,5.5,116.0,67.0
92.2,37.6,505.0,20.6,8.8,94.0,69.0
103.8,48.3,837.0,42.3,13.4,63.0,72.0
118.5,61.2,1105.0,60.2,17.6,37.0,76.0
130.9,72.4,1277.0,71.1,21.0,22.0,81.0
138.8,79.6,1386.0,78.3,23.9,12.0,86.0
141.1,81.0,1376.0,81.9,25.3,5.0,92.0
141.1,81.3,1167.0,82.0,24.6,0.0,98.0
140.2,82.0,840.0,78.5,22.3,0.0,104.0
129.0,77.3,583.0,71.2,19.4,3.0,111.0
95.5,54.5,478.0,57.5,15.3,16.0,116.0
63.3,42.8,444.0,40.0,10.6,35.0,119.0
91.5,47.5,421.0,32.6,8.7,34.0,123.0
63.6,34.3,395.0,27.0,8.4,46.0,125.0
64.3,32.6,380.0,19.2,7.9,64.0,127.0
62.2,30.6,367.0,12.5,7.5,83.0,127.0
63.3,30.4,351.0,8.2,7.1,103.0,128.0
66.4,31.3,336.0,5.1,6.7,123.0,128.0
69.6,30.9,326.0,2.9,6.3,138.0,129.0
97.8,36.3,324.0,1.8,5.8,145.0,130.0
84.8,33.8,327.0,1.7,5.3,148.0,130.0
74.5,31.0,331.0,1.9,4.9,149.0,131.0
66.4,29.9,329.0,1.6,4.7,152.0,131.0
61.7,29.1,328.0,1.7,4.7,154.0,131.0
22.7,14.5,342.0,4.3,4.9,145.0,129.0
21.2,16.4,391.0,11.2,6.1,125.0,127.0
23.5,20.0,456.0,20.5,7.8,98.0,124.0
25.5,22.6,492.0,26.4,8.9,79.0,120.0
25.3,23.3,474.0,25.7,8.9,75.0,115.0
24.6,22.8,428.0,21.5,8.3,80.0,109.0
25.8,22.4,387.0,17.6,7.7,83.0,103.0
355.8,66.8,363.0,15.2,7.1,82.0,101.0
426.5,80.3,344.0,13.0,6.4,80.0,101.0
444.2,85.2,328.0,11.5,5.9,78.0,102.0
415.4,82.7,315.0,11.1,5.9,74.0,105.0
368.8,76.6,305.0,11.4,6.1,70.0,108.0
303.6,70.8,297.0,9.8,6.1,75.0,111.0
123.4,44.8,294.0,8.8,6.3,81.0,112.0
61.2,31.5,294.0,7.5,6.6,90.0,112.0
34.9,23.9,289.0,6.1,6.8,100.0,111.0
29.1,21.5,274.0,4.7,6.7,113.0,110.0
26.0,20.1,255.0,3.3,6.5,128.0,109.0
24.5,19.1,242.0,2.3,6.3,139.0,108.0
23.9,18.1,237.0,1.9,6.1,145.0,106.0
24.0,17.6,238.0,1.9,5.9,147.0,104.0
24.9,17.6,244.0,2.1,5.9,148.0,103.0
26.4,17.8,258.0,2.4,6.0,149.0,101.0
28.1,18.8,277.0,2.9,6.2,148.0,104.0
44.6,32.2,295.0,4.1,7.6,143.0,111.0
443.3,85.9,313.0,6.2,8.2,135.0,112.0
489.9,97.6,331.0,9.0,9.1,123.0,117.0
521.5,104.5,340.0,10.9,9.6,114.0,126.0
545.8,108.7,335.0,11.2,9.6,109.0,135.0
573.7,112.5,322.0,10.6,9.3,106.0,144.0
601.6,115.9,308.0,9.9,8.9,104.0,151.0
612.8,116.6,293.0,9.2,8.5,102.0,153.0
253.3,68.9,276.0,8.3,8.1,101.0,152.0
97.3,40.2,265.0,7.7,7.9,100.0,151.0
48.3,28.3,262.0,7.5,7.9,98.0,148.0
31.2,23.8,265.0,7.4,8.1,97.0,142.0
42.8,31.0,271.0,7.8,10.2,98.0,138.0
38.4,30.6,284.0,7.4,10.8,102.0,137.0
35.2,30.7,299.0,6.7,11.6,108.0,136.0
29.9,28.3,305.0,5.9,11.8,114.0,137.0
24.7,23.9,292.0,4.8,11.0,121.0,137.0
21.3,20.8,270.0,3.6,9.7,127.0,137.0
338.1,55.9,251.0,2.7,8.4,132.0,141.0
82.0,26.1,239.0,2.3,7.4,133.0,142.0
47.3,19.5,229.0,2.2,6.5,132.0,142.0
28.9,15.8,225.0,2.5,5.9,130.0,142.0
22.5,17.2,225.0,2.9,5.5,128.0,142.0
199.8,35.7,231.0,3.7,5.4,124.0,144.0
39.9,24.3,245.0,4.9,5.4,118.0,143.0
29.7,23.2,281.0,8.1,6.2,106.0,136.0
25.2,22.5,325.0,12.4,7.4,90.0,128.0
22.8,22.0,347.0,15.3,8.1,78.0,120.0
21.0,20.7,326.0,15.4,7.9,74.0,111.0
18.6,18.5,282.0,14.0,7.2,73.0,101.0
16.3,16.2,244.0,12.8,6.8,72.0,93.0
14.6,14.5,222.0,12.4,6.9,69.0,85.0
14.1,14.0,206.0,12.1,7.1,65.0,80.0
14.1,13.9,195.0,12.2,7.5,61.0,78.0
14.3,14.0,188.0,13.0,7.9,55.0,77.0
14.9,14.5,187.0,14.1,8.3,48.0,77.0
17.6,16.8,192.0,12.6,11.2,52.0,75.0
17.3,16.5,209.0,11.6,11.6,55.0,74.0
17.4,16.1,233.0,10.2,12.1,59.0,73.0
16.7,15.3,246.0,8.6,12.1,66.0,72.0
15.5,14.4,238.0,6.7,11.3,78.0,71.0
13.8,12.9,219.0,4.7,10.0,93.0,71.0
12.6,11.9,204.0,3.2,8.8,106.0,67.0
12.0,11.4,195.0,2.5,7.9,114.0,66.0
11.8,11.4,191.0,2.3,7.0,120.0,66.0
11.7,11.4,198.0,2.4,6.4,124.0,65.0
11.7,11.4,219.0,2.4,6.0,127.0,65.0
11.7,11.6,253.0,2.7,5.7,128.0,63.0
24.7,24.0,297.0,4.8,6.6,117.0,64.0
25.7,25.2,368.0,9.3,7.6,102.0,66.0
28.3,28.0,450.0,15.4,8.9,83.0,63.0
30.0,29.8,498.0,19.7,9.7,68.0,64.0
30.9,30.7,486.0,20.3,9.7,65.0,65.0
29.9,29.8,440.0,19.0,9.2,67.0,66.0
29.1,29.0,395.0,17.8,8.6,68.0,67.0
27.2,27.1,359.0,17.3,7.9,64.0,68.0
26.8,26.7,324.0,16.8,7.0,60.0,69.0
25.7,25.7,298.0,16.2,6.4,56.0,70.0
23.8,23.7,287.0,15.5,6.2,54.0,70.0
22.6,22.4,286.0,14.7,6.2,53.0,71.0
19.0,17.9,288.0,11.0,5.3,66.0,71.0
18.7,17.1,295.0,11.2,5.8,67.0,71.0
18.1,16.3,306.0,11.3,6.6,68.0,71.0
15.8,13.9,309.0,10.7,6.9,72.0,71.0
14.6,12.7,297.0,8.7,6.4,82.0,71.0
13.5,11.7,277.0,6.0,5.6,95.0,71.0
12.1,10.5,261.0,4.0,4.9,104.0,71.0
10.8,9.4,246.0,3.3,4.6,108.0,71.0
10.6,9.5,235.0,3.4,4.5,109.0,70.0
11.4,10.2,243.0,4.1,4.4,107.0,70.0
10.2,9.1,281.0,4.9,4.3,102.0,70.0
9.3,8.3,340.0,6.3,4.2,94.0,70.0
17.5,14.3,405.0,7.7,3.8,88.0,69.0
18.3,16.1,493.0,14.2,5.5,76.0,68.0
20.8,18.6,587.0,22.9,7.7,60.0,68.0
25.8,23.3,632.0,28.4,9.1,48.0,67.0
29.1,26.8,588.0,27.6,8.7,46.0,67.0
23.9,21.9,494.0,23.6,7.4,48.0,66.0
20.5,18.9,407.0,19.7,6.4,51.0,65.0
19.6,17.4,344.0,16.9,6.1,54.0,65.0
22.0,17.8,287.0,14.1,6.0,58.0,64.0
28.2,19.2,246.0,11.8,5.9,60.0,63.0
36.0,20.3,225.0,10.1,5.6,60.0,63.0
41.3,21.2,218.0,8.8,5.1,58.0,63.0
39.1,20.3,219.0,8.8,5.1,62.0,63.0
43.4,21.8,230.0,8.7,5.2,61.0,64.0
42.4,22.0,248.0,8.4,5.2,60.0,64.0
40.0,21.5,257.0,7.7,5.1,62.0,65.0
47.5,22.6,246.0,6.1,4.7,71.0,65.0
50.5,23.0,226.0,4.1,4.1,84.0,66.0
44.5,20.8,215.0,2.8,3.7,93.0,67.0
37.4,18.4,223.0,2.6,3.5,97.0,68.0
33.2,17.8,240.0,3.1,3.5,98.0,69.0
34.1,18.9,256.0,4.2,3.6,96.0,69.0
34.3,19.6,267.0,5.7,3.7,92.0,70.0
34.7,20.4,277.0,7.7,3.9,86.0,71.0
29.2,16.8,287.0,8.3,4.3,90.0,71.0
28.0,18.6,298.0,11.9,5.3,81.0,71.0
30.2,20.8,309.0,16.7,6.6,68.0,72.0
32.5,22.9,316.0,19.9,7.4,58.0,72.0
33.8,24.0,322.0,20.0,7.4,54.0,71.0
33.1,23.3,325.0,18.5,7.0,53.0,71.0
32.4,22.2,316.0,16.8,6.4,52.0,72.0
32.1,21.0,283.0,15.5,5.8,52.0,72.0
33.5,20.7,239.0,14.0,5.1,52.0,72.0
35.0,20.0,207.0,12.6,4.5,53.0,72.0
36.3,19.1,200.0,11.3,4.2,54.0,72.0
37.5,18.9,207.0,10.1,4.0,56.0,72.0
58.0,26.3,213.0,9.8,4.5,51.0,72.0
55.3,26.8,217.0,9.4,4.8,51.0,73.0
53.6,27.5,222.0,8.8,5.1,51.0,73.0
60.1,27.9,222.0,7.8,5.4,56.0,74.0
78.5,31.4,212.0,6.0,5.5,69.0,74.0
171.8,45.9,198.0,3.8,5.4,86.0,76.0
125.7,41.7,191.0,2.2,5.3,99.0,78.0
114.1,39.9,198.0,1.6,5.0,104.0,80.0
108.0,37.5,212.0,1.6,4.7,105.0,81.0
216.1,49.4,225.0,1.9,4.5,104.0,84.0
255.2,55.4,230.0,2.0,4.4,104.0,86.0
283.1,59.8,235.0,2.5,4.5,103.0,89.0
115.7,43.4,255.0,10.5,6.1,89.0,92.0
112.0,45.5,312.0,15.7,7.3,77.0,94.0
108.0,48.7,385.0,22.8,8.8,61.0,96.0
83.8,42.8,428.0,27.4,9.8,48.0,97.0
67.8,38.9,415.0,27.5,9.6,42.0,99.0
53.8,34.3,373.0,25.1,8.8,39.0,99.0
42.0,29.2,332.0,22.5,7.9,38.0,100.0
33.3,24.4,300.0,20.1,7.1,38.0,100.0
29.2,21.1,270.0,17.5,6.3,39.0,100.0
25.7,18.6,249.0,15.5,5.7,40.0,100.0
24.6,17.3,239.0,14.7,5.5,41.0,100.0
28.4,18.6,238.0,14.6,5.5,41.0,100.0
26.7,20.1,250.0,19.8,5.3,26.0,100.0
31.4,19.5,291.0,18.5,5.8,29.0,99.0
35.7,21.6,346.0,16.6,6.4,33.0,98.0
42.0,24.3,372.0,14.3,6.7,40.0,98.0
56.6,27.9,342.0,11.4,6.5,51.0,98.0
69.2,30.4,282.0,8.2,6.1,66.0,97.0
75.9,32.1,232.0,5.8,5.7,78.0,96.0
83.4,34.3,195.0,4.4,5.5,88.0,96.0
83.8,33.8,168.0,3.8,5.3,96.0,95.0
85.2,34.8,179.0,4.4,5.3,100.0,94.0
85.7,34.9,258.0,5.4,5.3,100.0,92.0
86.1,35.4,376.0,7.6,5.5,95.0,91.0
98.3,33.1,474.0,5.6,4.5,101.0,90.0
86.4,35.9,536.0,11.2,5.2,88.0,89.0
87.3,41.3,578.0,19.0,6.2,70.0,88.0
59.4,32.1,591.0,24.4,7.0,56.0,88.0
57.7,29.3,560.0,25.5,7.6,51.0,87.0
60.3,30.6,499.0,24.3,8.1,51.0,87.0
68.7,33.6,441.0,22.7,8.1,51.0,87.0
63.1,31.1,394.0,21.0,7.4,51.0,87.0
56.9,27.8,350.0,19.0,6.3,52.0,88.0
54.7,27.0,310.0,17.5,5.5,52.0,89.0
50.3,25.1,274.0,17.5,5.2,49.0,89.0
48.7,25.0,243.0,18.1,5.3,46.0,90.0
70.1,31.5,224.0,14.1,5.3,44.0,91.0
74.7,32.6,226.0,12.2,4.8,48.0,92.0
72.4,31.1,240.0,9.6,4.1,53.0,92.0
85.0,31.8,245.0,7.2,3.6,60.0,93.0
74.5,31.1,228.0,5.4,3.6,71.0,93.0
85.9,35.0,202.0,3.9,3.9,83.0,94.0
116.4,40.4,181.0,2.8,4.1,92.0,94.0
377.2,70.8,166.0,2.3,4.1,95.0,97.0
147.6,44.2,156.0,2.3,4.1,96.0,98.0
163.0,47.0,158.0,2.6,4.1,96.0,99.0
152.3,48.8,172.0,3.0,4.2,99.0,100.0
136.0,47.1,199.0,3.7,4.3,102.0,101.0
85.4,41.7,243.0,16.8,5.8,62.0,102.0
82.2,40.0,324.0,19.3,6.6,58.0,103.0
76.8,38.5,423.0,22.8,7.8,54.0,102.0
65.4,36.6,491.0,25.1,8.7,50.0,103.0
58.6,35.5,502.0,25.3,9.2,49.0,103.0
53.1,34.3,481.0,24.3,9.4,50.0,104.0
49.1,33.1,457.0,23.1,9.3,50.0,104.0
47.0,31.8,438.0,21.8,8.9,49.0,104.0
46.0,31.2,415.0,20.3,8.1,48.0,104.0
44.1,30.3,392.0,18.9,7.6,47.0,104.0
41.2,28.6,364.0,18.1,7.4,46.0,105.0
38.1,26.7,336.0,17.4,7.3,46.0,105.0
38.1,23.1,318.0,12.1,5.7,60.0,104.0
42.6,24.4,321.0,11.0,5.5,64.0,103.0
49.1,24.9,336.0,9.4,5.2,70.0,103.0
68.0,29.3,342.0,7.7,4.9,78.0,102.0
89.4,34.1,330.0,5.7,4.5,90.0,103.0
107.3,38.0,311.0,3.5,4.0,103.0,103.0
122.9,39.9,295.0,1.9,3.6,113.0,103.0
112.0,36.4,285.0,1.3,3.3,117.0,99.0
113.4,37.0,278.0,1.3,3.0,116.0,99.0
102.4,33.9,284.0,1.7,2.9,115.0,98.0
92.7,32.0,310.0,2.0,2.8,114.0,97.0
91.0,32.6,349.0,2.6,2.8,112.0,95.0
56.1,28.2,385.0,5.0,3.2,112.0,94.0
48.3,28.5,418.0,10.0,4.1,98.0,93.0
44.1,29.5,448.0,17.0,5.4,78.0,93.0
42.3,30.5,464.0,23.5,6.8,61.0,92.0
39.5,30.2,459.0,29.0,8.7,52.0,92.0
42.1,33.2,440.0,33.9,10.7,46.0,92.0
45.9,36.7,417.0,36.7,11.9,42.0,92.0
41.9,33.6,386.0,36.1,11.5,39.0,92.0
40.5,32.8,351.0,33.5,10.2,38.0,92.0
39.8,32.6,331.0,30.9,9.1,37.0,93.0
41.6,34.1,341.0,29.6,8.7,35.0,93.0
41.4,33.6,366.0,28.4,8.6,34.0,93.0
46.7,36.3,386.0,25.6,8.3,37.0,95.0
43.3,34.2,397.0,22.6,8.1,43.0,95.0
43.8,33.4,402.0,18.3,7.8,52.0,96.0
40.5,28.3,396.0,14.2,7.4,63.0,96.0
37.5,22.6,369.0,10.7,6.8,77.0,95.0
30.3,17.4,330.0,7.5,6.1,94.0,93.0
27.2,16.0,302.0,5.1,5.5,108.0,91.0
23.3,14.3,295.0,3.8,5.3,118.0,90.0
18.4,12.1,299.0,3.2,5.2,125.0,88.0
14.6,10.6,311.0,3.2,5.2,129.0,86.0
12.4,9.5,319.0,3.3,5.0,128.0,84.0
11.8,9.7,334.0,3.9,4.7,124.0,82.0
25.0,13.3,385.0,4.5,4.5,120.0,81.0
22.6,14.7,517.0,8.9,5.4,105.0,80.0
24.5,18.0,686.0,15.0,6.6,85.0,79.0
26.6,20.3,784.0,19.6,7.5,68.0,78.0
26.2,20.7,753.0,21.3,7.8,59.0,78.0
25.2,20.5,653.0,21.6,7.8,55.0,77.0
25.8,21.2,552.0,21.2,7.5,52.0,75.0
24.5,20.3,466.0,20.1,6.6,51.0,74.0
22.7,19.0,379.0,18.3,5.5,52.0,73.0
21.9,18.4,320.0,17.1,4.6,52.0,72.0
22.5,19.0,306.0,17.4,4.3,48.0,71.0
23.1,19.7,319.0,18.3,4.3,43.0,70.0
14.5,14.5,333.0,13.4,4.4,60.0,68.0
16.9,16.4,344.0,12.3,4.8,67.0,67.0
16.3,15.4,357.0,10.8,5.4,77.0,65.0
16.1,15.0,358.0,9.0,5.8,89.0,64.0
16.5,15.4,337.0,6.7,5.7,106.0,64.0
18.2,17.1,304.0,4.2,5.3,127.0,64.0
19.2,18.1,280.0,2.4,5.0,141.0,64.0
19.8,19.0,270.0,1.7,4.8,146.0,64.0
19.2,18.5,269.0,1.8,4.6,146.0,65.0
20.0,19.3,279.0,2.4,4.4,143.0,74.0
19.4,18.9,303.0,3.2,4.0,137.0,87.0
18.9,18.5,338.0,4.5,3.7,129.0,95.0
31.1,30.0,378.0,7.8,5.3,131.0,101.0
32.4,31.5,431.0,15.2,6.6,111.0,97.0
36.1,35.0,490.0,25.3,8.4,83.0,85.0
39.5,38.2,525.0,32.5,9.8,61.0,72.0
40.5,38.6,519.0,34.3,10.4,51.0,74.0
43.5,40.7,488.0,33.2,10.6,47.0,75.0
40.2,37.0,456.0,31.1,10.3,46.0,77.0
37.5,34.7,425.0,27.8,9.4,48.0,78.0
35.3,33.1,392.0,23.3,8.1,53.0,79.0
37.5,34.6,369.0,20.2,7.1,56.0,80.0
39.5,35.6,362.0,19.8,6.9,52.0,81.0
40.0,34.9,366.0,20.7,7.0,45.0,83.0
23.1,20.3,373.0,8.8,5.5,91.0,83.0
23.4,20.7,388.0,9.3,6.0,92.0,83.0
25.2,22.8,406.0,10.0,6.7,94.0,84.0
24.4,22.5,411.0,9.8,7.2,100.0,85.0
23.9,21.8,390.0,7.9,7.2,115.0,85.0
24.3,21.0,355.0,5.2,6.9,134.0,85.0
24.3,20.5,327.0,3.2,6.5,148.0,86.0
25.2,21.9,313.0,2.3,6.0,153.0,86.0
42.1,23.8,306.0,2.1,5.5,154.0,86.0
31.0,23.1,307.0,2.7,5.1,150.0,89.0
28.9,22.5,313.0,4.0,4.9,142.0,100.0
115.5,31.7,327.0,6.0,4.8,130.0,106.0
53.9,35.7,353.0,11.0,6.0,101.0,103.0
49.5,36.3,393.0,16.4,6.8,87.0,93.0
47.8,38.3,446.0,23.8,7.9,67.0,89.0
49.0,40.9,506.0,28.8,8.9,54.0,89.0
46.8,39.8,587.0,29.2,9.6,54.0,89.0
43.3,37.3,677.0,27.3,10.1,60.0,89.0
41.3,36.1,731.0,25.2,10.2,64.0,89.0
39.3,34.8,725.0,23.6,9.6,63.0,89.0
38.5,34.7,684.0,21.8,8.5,60.0,89.0
36.8,33.9,637.0,20.6,7.6,56.0,89.0
32.5,30.4,586.0,20.6,7.1,50.0,88.0
31.9,30.0,529.0,21.1,6.7,43.0,88.0
40.0,38.0,487.0,27.1,8.6,40.0,90.0
39.6,37.6,478.0,22.9,8.8,53.0,91.0
34.7,33.4,483.0,17.1,8.9,72.0,92.0
27.7,27.0,475.0,11.9,8.8,92.0,92.0
25.6,25.1,433.0,8.1,8.1,115.0,92.0
25.6,25.2,377.0,4.9,7.2,138.0,93.0
25.3,25.0,335.0,2.7,6.3,155.0,93.0
25.4,25.0,319.0,1.7,5.6,159.0,93.0
25.1,24.7,318.0,1.8,5.1,156.0,93.0
25.6,25.1,328.0,2.3,4.7,152.0,93.0
26.3,25.8,349.0,3.0,4.6,150.0,104.0
27.6,27.1,381.0,4.1,4.7,146.0,116.0
18.6,18.1,418.0,10.0,3.5,100.0,112.0
18.9,18.5,460.0,13.2,4.7,92.0,103.0
20.5,20.1,506.0,17.7,6.5,81.0,89.0
23.1,22.6,554.0,21.6,7.8,70.0,88.0
25.7,25.3,609.0,24.9,8.5,59.0,87.0
26.7,26.3,665.0,27.6,8.8,49.0,86.0
29.0,28.6,699.0,28.0,8.6,44.0,85.0
27.5,27.0,706.0,24.1,7.4,48.0,84.0
23.9,23.0,691.0,17.9,5.6,58.0,84.0
22.9,21.7,652.0,13.5,4.4,64.0,83.0
21.9,20.1,567.0,13.3,4.4,63.0,82.0
23.6,21.7,458.0,15.0,5.1,58.0,81.0
32.0,28.7,384.0,26.4,7.7,31.0,80.0
30.4,26.9,383.0,22.0,7.3,41.0,80.0
27.4,22.7,417.0,15.9,6.8,55.0,79.0
25.8,19.7,431.0,10.6,6.1,70.0,78.0
27.5,19.5,395.0,7.1,5.2,88.0,78.0
29.3,21.5,338.0,4.5,4.2,108.0,77.0
27.5,21.7,292.0,2.8,3.5,122.0,77.0
25.3,20.0,267.0,2.2,3.4,127.0,77.0
23.6,18.6,253.0,2.5,3.6,126.0,76.0
25.6,19.7,247.0,2.9,3.7,124.0,76.0
23.7,18.5,226.0,2.2,3.4,125.0,75.0
22.6,17.8,214.0,1.7,3.0,126.0,75.0
22.9,18.4,275.0,4.5,3.5,120.0,75.0
24.9,20.9,498.0,11.4,4.8,101.0,75.0
29.5,25.3,794.0,20.8,6.7,74.0,75.0
32.8,28.5,963.0,27.3,8.0,54.0,76.0
33.3,29.0,888.0,28.1,8.3,47.0,76.0
33.4,29.1,685.0,25.9,8.0,46.0,76.0
32.6,28.5,509.0,23.3,7.6,46.0,76.0
30.5,26.7,413.0,20.7,7.1,47.0,76.0
27.6,24.2,343.0,17.6,6.6,49.0,76.0
24.4,21.1,289.0,15.1,6.1,50.0,76.0
22.1,18.7,251.0,13.8,5.8,49.0,76.0
21.2,17.2,228.0,13.0,5.7,48.0,76.0
198.4,39.7,215.0,11.4,5.6,52.0,77.0
231.4,45.4,211.0,10.4,5.8,55.0,78.0
233.3,47.0,217.0,9.0,6.1,60.0,80.0
261.7,50.1,219.0,7.5,6.2,68.0,82.0
152.7,37.6,212.0,5.8,5.8,82.0,84.0
74.0,27.1,203.0,4.0,5.2,99.0,84.0
52.7,23.1,199.0,2.7,4.7,112.0,84.0
42.6,20.5,198.0,2.3,4.6,119.0,84.0
52.7,22.6,201.0,2.4,4.8,121.0,85.0
40.9,20.4,225.0,2.9,4.9,121.0,85.0
35.5,20.3,281.0,3.2,4.8,119.0,85.0
31.7,20.0,358.0,4.0,4.7,114.0,85.0
27.4,19.1,433.0,5.7,4.8,111.0,85.0
29.5,23.6,512.0,21.8,8.5,86.0,85.0
38.4,32.0,589.0,43.7,13.5,51.0,86.0
47.4,40.7,625.0,57.4,16.6,27.0,87.0
51.0,44.5,596.0,55.4,16.1,22.0,88.0
44.2,38.5,526.0,45.4,13.7,28.0,89.0
37.4,32.2,453.0,36.2,11.5,33.0,89.0
31.3,26.7,383.0,30.9,10.0,34.0,89.0
28.2,23.8,311.0,26.5,8.6,35.0,89.0
27.6,23.1,257.0,23.0,7.6,35.0,89.0
29.3,24.0,235.0,21.0,7.2,34.0,90.0
28.8,22.5,233.0,20.1,7.2,31.0,90.0
25.0,17.8,232.0,14.0,6.0,38.0,88.0
27.1,17.9,230.0,12.4,5.7,40.0,86.0
32.0,19.8,230.0,10.2,5.3,43.0,84.0
40.7,22.9,225.0,8.0,5.0,51.0,82.0
142.5,36.6,210.0,5.9,4.7,66.0,82.0
212.8,46.7,191.0,4.0,4.5,85.0,83.0
196.0,44.6,179.0,2.5,4.3,101.0,85.0
174.6,40.6,174.0,1.8,4.2,110.0,87.0
118.0,34.1,175.0,1.5,4.0,115.0,87.0
91.5,31.2,195.0,1.9,4.0,117.0,88.0
73.6,28.9,240.0,2.5,3.9,116.0,89.0
58.7,26.7,304.0,3.7,3.8,112.0,90.0
32.7,21.4,373.0,9.2,3.8,86.0,90.0
30.4,22.7,461.0,12.9,4.5,76.0,90.0
31.9,24.3,554.0,18.0,5.4,61.0,89.0
31.2,23.7,607.0,21.2,6.1,50.0,88.0
29.7,22.8,594.0,20.9,6.3,44.0,86.0
28.9,21.9,540.0,18.8,6.3,42.0,85.0
28.8,20.8,472.0,16.7,6.1,40.0,84.0
30.0,20.0,387.0,15.0,5.8,40.0,83.0
32.8,19.8,289.0,13.2,5.3,40.0,83.0
36.6,20.1,214.0,11.9,4.9,41.0,83.0
38.2,20.1,180.0,11.3,4.7,40.0,82.0
38.5,20.0,170.0,11.2,4.5,39.0,82.0
41.0,20.5,167.0,9.7,3.9,41.0,82.0
41.1,20.4,170.0,8.8,4.0,43.0,83.0
41.2,21.6,181.0,7.6,4.2,47.0,83.0
50.5,23.6,186.0,6.2,4.3,53.0,83.0
284.1,53.0,178.0,4.7,4.4,65.0,84.0
325.0,59.8,165.0,3.1,4.5,80.0,85.0
340.9,62.9,155.0,1.9,4.5,91.0,87.0
114.6,34.1,152.0,1.4,4.2,96.0,86.0
223.5,44.2,151.0,1.3,3.8,98.0,87.0
81.3,26.6,155.0,1.6,3.5,98.0,86.0
58.4,23.1,160.0,2.2,3.3,95.0,86.0
46.8,21.2,169.0,3.2,3.2,90.0,86.0
58.6,25.0,187.0,4.4,3.5,83.0,86.0
190.0,42.7,225.0,7.7,4.3,73.0,87.0
182.1,44.8,271.0,12.3,5.3,59.0,89.0
171.8,44.7,296.0,15.8,6.1,47.0,91.0
180.7,45.9,281.0,17.1,6.4,41.0,93.0
175.6,44.8,244.0,17.3,6.3,37.0,94.0
174.6,43.7,208.0,16.9,6.2,35.0,96.0
188.1,43.5,179.0,16.1,6.0,34.0,98.0
190.9,42.6,151.0,14.7,5.7,34.0,100.0
206.3,43.1,133.0,13.3,5.4,35.0,102.0
233.8,45.5,131.0,12.0,5.1,36.0,105.0
252.4,47.7,139.0,10.6,4.8,39.0,108.0
227.2,44.5,148.0,8.9,4.5,43.0,110.0
228.6,44.0,157.0,8.4,4.7,45.0,113.0
238.4,45.3,167.0,7.6,5.0,48.0,115.0
244.0,43.9,172.0,6.6,5.1,54.0,119.0
253.3,45.6,169.0,5.1,4.7,65.0,118.0
243.1,44.5,161.0,3.4,4.1,79.0,116.0
231.0,43.1,155.0,2.1,3.6,89.0,114.0
198.4,37.3,153.0,1.6,3.3,93.0,116.0
202.1,37.5,152.0,1.6,3.1,93.0,115.0
253.3,47.4,157.0,1.9,3.0,91.0,119.0
244.9,43.0,168.0,2.2,2.9,89.0,123.0
258.9,44.7,184.0,2.9,2.9,86.0,127.0
290.6,55.4,203.0,5.4,3.3,77.0,132.0
257.0,53.9,232.0,9.1,4.2,68.0,133.0
230.0,52.7,264.0,14.3,5.4,55.0,134.0
211.4,50.9,283.0,18.4,6.3,44.0,135.0
189.5,47.8,277.0,20.7,6.8,37.0,135.0
143.4,42.1,258.0,21.9,7.1,32.0,135.0
105.5,36.7,237.0,22.1,7.1,29.0,133.0
95.9,33.2,218.0,21.0,6.8,28.0,131.0
110.8,32.5,198.0,18.8,6.2,29.0,130.0
153.2,36.1,184.0,16.7,5.7,31.0,129.0
200.7,41.3,178.0,15.0,5.4,33.0,128.0
226.8,44.9,177.0,13.4,5.3,35.0,127.0
203.0,42.7,178.0,10.4,4.5,41.0,127.0
182.1,41.0,183.0,9.9,4.8,43.0,126.0
179.3,43.7,190.0,9.2,5.3,46.0,125.0
198.8,43.4,191.0,8.1,5.4,52.0,124.0
266.4,52.0,179.0,6.1,5.0,64.0,124.0
129.9,35.7,161.0,3.7,4.3,78.0,122.0
156.5,37.3,149.0,2.0,3.7,89.0,120.0
174.2,39.2,146.0,1.3,3.4,95.0,120.0
178.3,38.8,149.0,1.3,3.2,97.0,119.0
183.0,38.5,157.0,2.0,3.1,96.0,118.0
174.6,36.8,160.0,3.1,3.1,92.0,118.0
160.7,34.6,167.0,5.0,3.3,85.0,117.0
136.4,32.2,210.0,8.0,3.3,74.0,114.0
93.4,30.0,335.0,15.9,5.0,60.0,112.0
79.2,32.2,495.0,26.7,7.3,42.0,110.0
71.7,34.3,581.0,34.7,9.0,27.0,108.0
68.5,36.7,524.0,37.8,9.8,21.0,107.0
65.4,38.1,392.0,38.2,10.1,18.0,106.0
58.0,35.0,283.0,36.1,9.8,19.0,106.0
100.4,36.8,233.0,30.3,8.6,23.0,106.0
167.2,43.5,205.0,22.2,6.9,30.0,108.0
208.6,48.7,187.0,16.1,5.6,35.0,109.0
203.0,48.0,175.0,14.4,5.0,34.0,110.0
153.2,41.3,173.0,14.8,4.9,30.0,109.0
154.1,42.7,177.0,10.7,4.0,40.0,109.0
109.0,36.9,191.0,10.6,4.6,42.0,109.0
82.0,34.9,211.0,10.3,5.5,45.0,108.0
89.9,33.4,220.0,9.4,6.0,52.0,107.0
136.9,38.2,207.0,7.2,5.7,65.0,105.0
169.0,43.3,182.0,4.4,5.1,82.0,106.0
134.6,44.8,163.0,2.3,4.6,95.0,107.0
122.5,37.7,156.0,1.6,4.4,103.0,107.0
127.1,38.5,154.0,1.7,4.3,108.0,107.0
130.9,38.5,157.0,2.1,4.2,109.0,107.0
91.5,33.2,157.0,2.2,3.9,108.0,106.0
77.1,30.4,163.0,2.6,3.7,103.0,106.0
175.1,54.4,193.0,8.7,4.1,84.0,108.0
192.3,59.0,280.0,14.7,5.2,70.0,111.0
169.0,58.9,393.0,23.0,6.7,50.0,114.0
133.2,57.2,456.0,29.1,7.9,35.0,116.0
117.8,56.5,425.0,31.5,8.4,27.0,119.0
106.6,54.7,346.0,31.7,8.6,23.0,120.0
121.5,53.6,278.0,30.5,8.4,22.0,122.0
163.9,54.5,244.0,27.2,7.6,23.0,124.0
156.0,50.6,222.0,22.4,6.5,27.0,125.0
153.7,47.5,205.0,18.6,5.6,30.0,125.0
166.2,46.8,188.0,17.2,5.2,29.0,125.0
154.6,43.9,176.0,16.8,5.1,28.0,125.0
135.5,39.6,178.0,14.4,4.7,32.0,124.0
122.5,37.6,210.0,13.5,5.2,35.0,125.0
89.4,35.7,255.0,12.3,5.9,39.0,125.0
85.2,33.2,279.0,10.5,6.2,48.0,125.0
122.0,36.4,257.0,7.8,5.8,64.0,124.0
95.9,33.8,213.0,4.7,5.0,83.0,123.0
90.3,33.6,181.0,2.4,4.4,99.0,122.0
86.1,33.3,171.0,1.6,4.2,108.0,122.0
82.2,32.6,172.0,1.8,4.1,113.0,121.0
79.2,32.0,185.0,2.3,4.1,115.0,121.0
75.2,31.1,215.0,3.0,4.2,115.0,120.0
70.1,30.2,258.0,4.0,4.4,113.0,120.0
62.4,29.5,301.0,7.5,4.5,102.0,118.0
54.7,30.0,351.0,10.6,5.2,89.0,115.0
52.4,30.5,402.0,14.9,6.2,72.0,112.0
51.8,30.7,419.0,17.7,6.8,58.0,109.0
50.9,30.4,374.0,17.6,6.7,52.0,106.0
149.9,41.4,296.0,16.0,6.2,51.0,105.0
249.6,56.0,233.0,14.5,5.7,49.0,105.0
239.3,55.3,207.0,13.7,5.3,47.0,105.0
219.3,52.3,197.0,13.1,4.9,44.0,105.0
211.9,50.5,190.0,12.8,4.7,42.0,106.0
197.0,47.7,181.0,13.3,4.7,38.0,106.0
175.1,44.4,175.0,14.0,4.9,34.0,106.0
205.8,47.3,177.0,11.5,4.4,40.0,107.0
197.9,45.6,196.0,10.8,4.7,42.0,107.0
200.2,46.4,222.0,9.8,5.1,45.0,109.0
223.1,46.7,236.0,8.5,5.2,53.0,110.0
258.9,50.9,223.0,6.6,4.9,68.0,111.0
238.0,48.1,197.0,4.3,4.4,87.0,113.0
203.5,43.7,178.0,2.6,4.0,103.0,114.0
137.8,35.9,172.0,1.9,3.8,113.0,114.0
104.3,32.0,173.0,1.7,3.7,119.0,114.0
139.2,35.5,180.0,1.9,3.6,122.0,115.0
84.8,29.2,190.0,2.0,3.4,122.0,114.0
68.9,27.0,207.0,2.4,3.3,119.0,114.0
123.4,34.8,244.0,5.7,3.7,108.0,115.0
72.2,30.5,330.0,11.6,4.9,92.0,115.0
64.0,32.2,437.0,19.7,6.5,70.0,115.0
53.2,31.3,492.0,25.3,7.7,52.0,115.0
44.4,28.6,450.0,26.1,8.1,44.0,115.0
40.0,27.3,357.0,24.4,8.0,40.0,113.0
35.6,25.3,277.0,21.9,7.6,38.0,110.0
119.2,32.7,233.0,18.8,6.9,38.0,108.0
176.5,38.4,202.0,15.1,5.9,41.0,106.0
216.5,43.0,178.0,12.2,5.1,42.0,105.0
235.6,45.4,160.0,11.1,4.8,41.0,105.0
235.6,45.6,149.0,10.8,4.8,39.0,105.0
271.0,50.5,146.0,9.1,4.3,43.0,106.0
264.5,50.1,155.0,8.5,4.4,45.0,106.0
246.8,48.3,171.0,7.5,4.6,48.0,106.0
239.3,45.4,180.0,6.4,4.6,54.0,106.0
246.8,46.4,175.0,4.8,4.3,67.0,106.0
220.7,43.0,163.0,3.1,3.9,84.0,105.0
187.7,38.5,155.0,1.8,3.5,97.0,105.0
161.6,34.8,154.0,1.4,3.3,103.0,105.0
100.8,28.1,155.0,1.4,3.2,105.0,104.0
77.5,25.5,159.0,1.8,3.2,105.0,103.0
61.7,23.6,160.0,2.0,3.1,104.0,103.0
50.8,22.1,163.0,2.4,3.0,101.0,102.0
33.9,19.3,181.0,4.8,3.3,96.0,100.0
34.9,22.9,231.0,12.1,4.7,80.0,100.0
38.9,27.3,297.0,22.0,6.6,57.0,99.0
42.0,30.5,338.0,28.5,7.9,40.0,99.0
43.0,31.8,334.0,28.6,8.0,35.0,100.0
40.9,30.5,306.0,25.3,7.5,35.0,100.0
38.9,28.5,277.0,21.9,6.8,36.0,100.0
100.8,34.5,253.0,19.2,6.0,36.0,100.0
128.1,37.3,228.0,16.5,5.1,37.0,100.0
148.1,39.3,207.0,14.3,4.4,37.0,100.0
165.3,41.2,194.0,13.3,4.1,36.0,99.0
181.6,42.7,186.0,12.8,4.0,35.0,99.0
229.6,48.8,179.0,11.2,4.2,38.0,99.0
197.4,45.5,174.0,9.9,4.5,42.0,99.0
150.4,40.5,171.0,8.1,4.8,48.0,98.0
137.8,37.4,167.0,6.3,4.9,57.0,97.0
103.6,32.8,158.0,4.5,4.4,70.0,96.0
64.5,26.9,148.0,2.7,3.7,85.0,95.0
55.1,24.9,142.0,1.5,3.2,97.0,94.0
51.3,24.3,142.0,1.1,3.1,103.0,93.0
49.0,24.0,146.0,1.1,3.1,106.0,93.0
48.1,23.3,151.0,1.4,3.2,107.0,93.0
78.9,30.4,149.0,1.0,3.0,109.0,93.0
51.9,24.7,148.0,0.7,2.9,109.0,93.0
68.0,35.0,171.0,3.3,3.6,106.0,95.0
66.8,38.0,245.0,12.6,6.0,88.0,96.0
75.0,44.8,343.0,25.4,9.2,63.0,97.0
80.8,50.2,401.0,34.3,11.4,44.0,99.0
82.2,52.2,386.0,35.9,11.6,36.0,101.0
79.6,51.1,332.0,33.7,10.8,33.0,103.0
75.2,46.7,280.0,30.1,9.6,32.0,105.0
97.8,45.2,242.0,25.3,8.1,33.0,106.0
159.7,49.7,207.0,19.3,6.2,37.0,107.0
252.4,60.1,181.0,14.4,4.7,40.0,109.0
314.8,68.5,169.0,11.8,3.9,40.0,112.0
315.7,69.2,166.0,10.3,3.5,39.0,115.0
272.9,63.8,168.0,7.5,3.0,44.0,116.0
239.3,59.0,177.0,7.2,3.4,45.0,118.0
232.4,58.1,190.0,6.7,3.9,47.0,120.0
253.3,59.8,196.0,6.0,4.3,54.0,122.0
298.0,65.7,187.0,4.7,4.4,69.0,125.0
311.1,67.3,172.0,3.2,4.3,87.0,130.0
156.5,48.3,160.0,2.0,4.3,102.0,132.0
105.5,40.0,152.0,1.4,4.3,109.0,134.0
83.6,35.5,148.0,1.3,4.3,113.0,135.0
77.1,34.1,161.0,1.5,4.4,114.0,136.0
73.8,33.9,192.0,1.4,4.4,116.0,136.0
72.6,34.0,240.0,1.7,4.5,117.0,137.0
80.6,37.6,312.0,5.5,5.3,109.0,138.0
72.6,39.2,442.0,10.2,6.0,96.0,138.0
68.5,39.9,596.0,16.6,7.0,78.0,137.0
61.7,36.8,674.0,20.6,7.7,65.0,136.0
54.0,34.5,608.0,19.9,7.8,64.0,134.0
48.7,31.3,466.0,16.8,7.7,68.0,132.0
47.0,30.5,351.0,13.9,7.2,72.0,130.0
46.6,29.6,305.0,12.2,6.3,73.0,129.0
43.4,26.4,286.0,10.8,5.1,73.0,126.0
40.2,25.5,269.0,9.6,4.2,74.0,123.0
27.4,16.5,235.0,8.5,4.0,76.0,117.0
27.6,14.5,202.0,7.7,4.1,79.0,111.0
50.8,29.1,200.0,13.0,5.4,60.0,108.0
46.6,30.2,266.0,14.1,6.1,59.0,105.0
47.7,29.0,364.0,15.4,7.1,57.0,102.0
53.8,29.6,414.0,15.4,7.7,61.0,99.0
62.6,33.3,367.0,12.7,7.8,74.0,96.0
67.8,35.5,273.0,8.5,7.5,93.0,94.0
70.8,36.2,203.0,5.2,7.2,109.0,93.0
73.1,36.7,184.0,3.5,6.8,120.0,93.0
130.9,44.5,189.0,2.6,6.3,128.0,93.0
96.4,41.2,205.0,2.3,6.0,132.0,94.0
95.7,41.6,213.0,1.8,5.9,134.0,95.0
93.6,41.3,231.0,2.1,5.9,132.0,95.0
122.5,50.8,304.0,5.7,7.0,120.0,96.0
112.0,52.2,505.0,16.8,9.1,97.0,97.0
117.6,58.6,760.0,32.1,12.0,66.0,99.0
120.1,63.8,888.0,43.9,14.3,41.0,101.0
117.8,66.1,767.0,49.3,15.7,29.0,104.0
115.3,66.1,518.0,51.3,16.5,24.0,108.0
115.9,67.5,327.0,51.0,16.6,22.0,112.0
111.8,66.1,277.0,48.2,15.5,22.0,116.0
102.4,61.5,284.0,43.1,13.6,25.0,119.0
88.5,53.9,286.0,37.3,11.8,29.0,122.0
90.1,48.9,255.0,30.4,10.2,34.0,126.0
119.0,48.0,218.0,22.8,8.6,41.0,129.0
62.6,36.9,196.0,16.5,7.9,50.0,130.0
57.4,32.8,204.0,15.2,7.6,50.0,130.0
59.0,31.8,227.0,13.2,7.2,50.0,131.0
75.7,34.5,238.0,11.1,6.8,55.0,131.0
100.1,38.4,222.0,8.8,6.4,67.0,132.0
127.6,42.5,195.0,6.3,6.0,83.0,132.0
154.1,46.7,177.0,4.3,5.7,97.0,133.0
207.2,53.0,173.0,2.9,5.4,108.0,135.0
155.1,46.8,179.0,2.0,5.1,118.0,135.0
123.4,42.8,197.0,2.0,4.9,122.0,135.0
142.5,45.4,224.0,3.0,4.8,120.0,136.0
159.7,46.2,265.0,4.9,4.9,113.0,136.0
69.4,30.2,336.0,6.8,5.5,104.0,134.0
58.9,31.0,486.0,12.3,6.6,89.0,132.0
54.5,31.9,667.0,19.8,8.0,68.0,129.0
49.5,31.5,755.0,25.0,9.0,52.0,126.0
46.6,31.0,670.0,25.7,9.2,46.0,122.0
45.9,31.0,493.0,24.1,9.0,44.0,119.0
47.8,31.3,343.0,21.8,8.6,44.0,115.0
58.9,32.6,262.0,19.1,8.0,45.0,111.0
66.4,33.3,208.0,15.6,7.1,49.0,108.0
71.2,32.5,171.0,12.6,6.3,51.0,106.0
73.3,31.9,152.0,10.2,5.5,52.0,104.0
187.2,45.2,151.0,8.2,4.7,52.0,104.0
340.9,72.9,154.0,6.6,4.2,53.0,108.0
346.5,74.5,162.0,6.6,4.6,53.0,112.0
342.7,74.5,175.0,6.5,5.2,53.0,117.0
310.1,68.0,182.0,6.0,5.6,58.0,120.0
366.9,75.0,177.0,4.8,5.6,71.0,124.0
368.8,75.4,166.0,3.2,5.3,89.0,127.0
339.0,71.0,158.0,2.0,5.1,102.0,130.0
293.4,64.7,153.0,1.5,4.9,108.0,131.0
141.6,45.8,150.0,1.3,4.6,110.0,131.0
99.0,39.5,159.0,1.8,4.5,110.0,131.0
124.3,42.3,185.0,2.8,4.5,108.0,130.0
109.7,40.2,222.0,4.5,4.6,103.0,130.0
80.3,37.4,259.0,6.9,5.0,95.0,130.0
133.6,44.8,301.0,11.2,5.8,82.0,132.0
134.6,46.7,342.0,16.3,6.9,67.0,133.0
136.4,47.1,355.0,19.2,7.5,56.0,135.0
166.7,49.8,318.0,18.0,7.2,54.0,137.0
224.0,55.8,254.0,14.6,6.4,57.0,140.0
277.5,62.6,201.0,11.6,5.7,59.0,143.0
302.7,66.4,175.0,9.9,5.2,59.0,146.0
315.7,68.9,160.0,8.7,4.7,59.0,150.0
320.4,69.6,149.0,7.9,4.3,58.0,151.0
320.4,69.6,140.0,7.7,4.1,55.0,152.0
305.5,67.1,135.0,7.8,4.1,52.0,153.0
325.0,70.3,136.0,6.3,3.6,55.0,153.0
301.7,66.8,149.0,6.2,3.8,56.0,153.0
278.5,63.3,169.0,6.0,4.1,58.0,152.0
248.7,57.0,181.0,5.5,4.2,63.0,152.0
277.5,60.8,178.0,4.4,4.1,74.0,152.0
271.0,60.1,167.0,3.0,3.8,89.0,151.0
244.9,55.9,158.0,1.9,3.6,100.0,151.0
221.7,51.7,153.0,1.4,3.4,106.0,150.0
202.6,47.8,149.0,1.3,3.3,109.0,150.0
169.5,42.5,153.0,1.7,3.2,109.0,150.0
176.0,42.4,165.0,2.3,3.1,108.0,150.0
169.0,40.6,183.0,3.4,3.2,105.0,150.0
164.8,42.3,211.0,5.5,3.5,96.0,151.0
138.3,41.4,260.0,10.7,4.7,83.0,150.0
110.4,40.0,318.0,17.8,6.3,64.0,150.0
92.2,38.5,348.0,22.2,7.3,51.0,150.0
99.9,38.5,326.0,21.3,7.3,48.0,149.0
138.8,41.6,275.0,17.7,6.7,50.0,147.0
180.2,44.9,230.0,14.3,6.0,53.0,145.0
218.9,48.5,200.0,12.0,5.3,55.0,144.0
234.7,50.5,175.0,9.9,4.6,57.0,142.0
231.4,49.8,157.0,8.5,4.1,57.0,140.0
215.1,47.1,146.0,8.5,4.0,54.0,137.0
188.1,42.8,141.0,9.2,4.1,49.0,135.0
210.9,44.9,143.0,7.7,3.8,51.0,132.0
200.2,43.3,156.0,7.2,3.9,53.0,130.0
199.3,44.5,175.0,6.4,4.1,56.0,128.0
190.5,40.3,186.0,5.5,4.2,61.0,126.0
226.3,45.1,179.0,4.2,4.1,71.0,124.0
222.1,44.5,164.0,2.8,4.0,84.0,123.0
207.7,42.3,151.0,1.8,3.8,94.0,121.0
188.6,39.3,142.0,1.4,3.6,99.0,120.0
182.5,38.0,136.0,1.3,3.4,101.0,119.0
183.5,37.5,136.0,1.6,3.2,101.0,118.0
179.3,36.7,144.0,1.9,3.0,101.0,118.0
174.6,36.0,159.0,2.5,3.0,100.0,117.0
181.1,38.3,179.0,5.0,3.2,89.0,117.0
175.6,40.0,210.0,8.3,4.0,80.0,117.0
161.1,40.6,247.0,12.8,5.0,67.0,117.0
143.4,39.2,270.0,16.0,5.8,57.0,117.0
134.6,38.1,270.0,16.6,6.0,53.0,118.0
142.0,38.6,255.0,15.7,5.9,51.0,118.0
150.4,38.9,236.0,14.6,5.6,50.0,117.0
152.3,38.1,210.0,13.2,5.2,49.0,116.0
157.4,38.0,179.0,11.6,4.6,49.0,114.0
163.9,38.2,155.0,10.2,4.1,48.0,113.0
168.6,38.6,143.0,9.6,3.9,46.0,112.0
165.8,38.4,139.0,9.3,3.8,44.0,111.0
218.4,47.5,139.0,6.8,3.2,48.0,111.0
203.0,45.8,147.0,6.1,3.4,50.0,112.0
201.2,46.7,160.0,5.0,3.6,54.0,112.0
205.8,45.3,166.0,4.0,3.8,59.0,112.0
230.0,48.4,159.0,3.0,3.8,68.0,113.0
224.0,47.3,145.0,2.1,3.6,80.0,113.0
199.8,43.3,134.0,1.4,3.5,89.0,113.0
182.5,40.4,131.0,1.1,3.4,94.0,113.0
171.4,38.4,131.0,1.1,3.3,98.0,113.0
167.2,37.4,133.0,1.3,3.2,99.0,113.0
169.5,37.4,135.0,1.4,3.0,99.0,113.0
179.3,38.3,139.0,1.7,2.9,98.0,113.0
178.3,40.6,151.0,3.6,3.2,90.0,114.0
164.8,40.9,181.0,6.1,3.9,81.0,114.0
152.3,41.0,219.0,9.6,4.9,69.0,114.0
161.1,42.1,242.0,12.1,5.6,59.0,114.0
156.9,41.0,236.0,12.9,5.8,53.0,114.0
147.1,39.1,214.0,12.7,5.7,49.0,114.0
145.8,38.0,191.0,12.4,5.4,46.0,114.0
147.6,36.8,171.0,12.0,5.0,43.0,114.0
144.8,35.7,150.0,11.4,4.4,41.0,114.0
142.5,34.9,136.0,10.9,4.0,39.0,114.0
143.0,34.6,131.0,10.6,3.9,37.0,113.0
147.6,35.0,133.0,10.5,3.9,36.0,113.0
194.6,41.6,138.0,6.7,3.3,45.0,112.0
199.3,42.5,148.0,6.4,3.6,46.0,112.0
191.9,42.0,160.0,6.0,4.0,47.0,111.0
179.7,38.6,167.0,5.3,4.2,51.0,111.0
198.8,40.5,162.0,4.2,4.1,61.0,110.0
192.8,39.6,151.0,2.8,3.9,73.0,109.0
176.0,37.1,142.0,1.8,3.7,84.0,108.0
163.0,35.3,138.0,1.4,3.6,90.0,108.0
153.7,33.8,136.0,1.4,3.5,95.0,107.0
147.6,32.7,137.0,1.6,3.4,97.0,107.0
146.2,32.5,135.0,1.5,3.2,98.0,106.0
146.7,32.6,135.0,1.7,3.1,97.0,106.0
134.6,31.8,155.0,3.9,3.3,87.0,105.0
136.9,35.0,220.0,9.6,4.5,74.0,104.0
108.0,34.6,305.0,17.5,6.2,56.0,104.0
86.4,33.8,356.0,22.8,7.3,42.0,103.0
73.8,32.2,341.0,23.3,7.5,37.0,102.0
82.0,32.0,290.0,21.2,7.2,37.0,101.0
122.0,34.7,244.0,18.8,6.8,38.0,101.0
143.4,35.6,213.0,16.5,6.2,38.0,101.0
138.3,34.1,186.0,13.9,5.4,39.0,101.0
119.2,31.3,167.0,12.1,4.8,39.0,100.0
106.2,29.3,158.0,12.1,4.7,36.0,100.0
105.7,28.9,156.0,12.9,4.8,33.0,99.0
125.7,31.4,159.0,10.2,4.3,38.0,98.0
131.3,31.9,168.0,9.4,4.6,40.0,98.0
137.8,34.3,181.0,8.2,5.0,43.0,97.0
137.4,31.9,188.0,6.8,5.2,49.0,96.0
170.9,35.9,182.0,5.1,5.1,62.0,96.0
167.6,35.5,169.0,3.2,4.8,78.0,96.0
150.9,33.1,158.0,1.8,4.5,90.0,95.0
123.9,29.2,150.0,1.2,4.1,96.0,95.0
113.4,27.5,144.0,1.2,3.8,99.0,94.0
104.8,26.1,142.0,1.6,3.5,100.0,94.0
102.0,25.5,144.0,2.1,3.4,99.0,93.0
98.5,25.0,150.0,3.1,3.4,95.0,93.0
91.7,24.9,167.0,4.7,3.8,93.0,92.0
78.7,27.4,208.0,12.6,5.3,76.0,92.0
66.8,29.3,259.0,23.3,7.3,52.0,91.0
60.8,30.9,289.0,30.3,8.7,35.0,91.0
61.5,31.1,280.0,30.3,8.8,30.0,91.0
79.6,32.2,250.0,26.6,8.3,32.0,91.0
92.0,32.1,220.0,22.7,7.5,34.0,91.0
112.7,32.7,195.0,19.2,6.5,36.0,91.0
121.5,32.6,170.0,15.5,5.3,39.0,90.0
130.9,32.9,153.0,12.8,4.4,41.0,91.0
140.2,33.6,148.0,11.9,4.1,40.0,91.0
138.3,33.2,151.0,12.0,4.1,38.0,91.0
142.0,34.0,158.0,10.0,3.8,43.0,91.0
144.4,34.5,172.0,9.5,4.2,45.0,92.0
149.9,36.9,190.0,8.7,4.7,49.0,92.0
146.2,34.5,198.0,7.5,4.9,56.0,92.0
169.0,36.9,187.0,5.7,4.7,70.0,92.0
103.6,28.9,167.0,3.5,4.2,88.0,92.0
70.3,25.0,153.0,1.9,3.8,103.0,91.0
61.7,23.4,151.0,1.4,3.7,111.0,90.0
58.2,22.8,155.0,1.4,3.7,116.0,90.0
87.1,26.7,161.0,1.8,3.7,118.0,90.0
87.3,26.6,161.0,1.8,3.6,120.0,90.0
74.3,25.8,163.0,2.1,3.5,119.0,90.0
76.6,32.0,183.0,5.1,4.1,109.0,91.0
68.2,34.2,244.0,12.0,5.5,92.0,91.0
71.5,38.6,323.0,21.4,7.5,68.0,92.0
67.1,38.5,375.0,27.9,8.9,50.0,93.0
63.6,37.8,375.0,29.1,9.4,42.0,93.0
63.3,37.8,347.0,27.5,9.4,40.0,94.0
64.5,37.6,318.0,24.8,8.9,40.0,94.0
60.5,34.9,299.0,21.0,7.8,41.0,94.0
53.6,30.4,279.0,16.2,6.3,44.0,94.0
49.4,26.0,256.0,12.4,5.1,46.0,94.0
48.0,23.6,223.0,10.6,4.4,45.0,93.0
47.1,21.9,187.0,9.9,4.1,44.0,92.0
210.5,45.2,164.0,7.2,3.6,51.0,93.0
72.6,26.8,168.0,7.5,4.1,50.0,92.0
200.7,43.2,185.0,7.9,4.9,50.0,93.0
195.6,44.0,194.0,7.6,5.4,54.0,93.0
223.1,47.0,182.0,6.1,5.4,66.0,94.0
287.8,58.1,162.0,3.9,5.2,83.0,97.0
301.7,64.5,148.0,2.3,5.1,97.0,100.0
271.0,63.8,143.0,1.8,5.1,106.0,104.0
155.5,49.9,143.0,1.9,5.3,113.0,107.0
137.8,48.8,156.0,2.3,5.4,118.0,109.0
117.8,44.4,182.0,2.2,5.4,125.0,111.0
103.8,41.9,220.0,2.3,5.5,131.0,112.0
105.2,45.4,270.0,8.5,5.8,108.0,114.0
74.0,38.5,345.0,13.4,6.6,95.0,114.0
61.2,36.9,432.0,20.2,7.7,77.0,114.0
61.5,39.3,491.0,26.0,9.0,62.0,114.0
61.2,40.9,500.0,30.2,10.6,54.0,114.0
67.3,45.4,482.0,33.4,12.2,49.0,115.0
70.1,47.1,456.0,34.9,13.3,45.0,116.0
70.5,48.1,429.0,33.9,13.3,42.0,118.0
66.1,46.8,396.0,31.2,12.7,40.0,119.0
62.6,46.2,362.0,28.2,12.1,40.0,121.0
59.3,43.7,323.0,25.0,11.5,42.0,124.0
57.3,41.9,283.0,21.5,10.8,45.0,126.0
75.0,41.0,262.0,17.4,8.4,48.0,125.0
85.0,41.7,281.0,17.1,7.9,47.0,127.0
74.3,37.7,319.0,16.6,7.1,46.0,126.0
70.5,34.5,338.0,15.5,6.6,48.0,125.0
70.8,33.5,311.0,13.4,6.5,55.0,124.0
83.6,35.2,265.0,10.7,6.7,64.0,121.0
93.8,36.3,240.0,8.8,6.8,72.0,118.0
87.5,34.7,258.0,8.3,6.8,77.0,115.0
75.4,31.7,297.0,8.6,6.7,81.0,114.0
59.5,28.6,332.0,9.1,6.7,84.0,111.0
46.9,25.4,349.0,8.5,6.6,90.0,109.0
30.0,19.4,363.0,8.0,6.4,95.0,107.0
104.3,44.2,392.0,19.5,7.6,56.0,107.0
109.4,46.7,461.0,26.1,8.7,46.0,108.0
113.4,49.7,546.0,35.1,10.2,32.0,109.0
119.2,53.3,585.0,41.5,11.1,21.0,111.0
119.7,56.2,538.0,43.5,11.1,16.0,112.0
114.1,55.8,446.0,43.0,10.6,15.0,113.0
101.0,50.9,373.0,40.4,9.8,17.0,114.0
82.4,43.7,348.0,34.8,8.7,23.0,113.0
74.7,40.7,341.0,27.1,7.3,31.0,113.0
71.2,38.1,332.0,20.9,6.3,38.0,112.0
69.2,35.9,308.0,17.6,5.9,42.0,111.0
68.5,35.4,281.0,15.7,5.8,45.0,110.0
61.2,35.5,268.0,16.9,7.5,46.0,110.0
59.5,35.7,279.0,17.8,8.1,45.0,109.0
58.0,36.6,304.0,19.1,8.9,45.0,109.0
53.2,36.0,323.0,19.2,9.4,47.0,109.0
50.1,32.7,325.0,17.4,9.3,53.0,109.0
43.1,27.6,321.0,14.5,9.0,62.0,108.0
40.3,25.6,326.0,12.0,8.7,71.0,107.0
36.3,22.3,351.0,10.2,8.6,81.0,106.0
35.7,22.0,384.0,8.6,8.5,92.0,105.0
37.1,22.4,404.0,7.7,8.4,100.0,104.0
40.0,23.1,357.0,6.3,7.9,106.0,104.0
43.0,23.9,296.0,5.6,7.3,110.0,104.0
37.6,21.7,358.0,11.0,4.2,88.0,102.0
41.8,24.2,679.0,16.2,5.1,78.0,100.0
50.2,28.3,1123.0,23.6,6.5,65.0,98.0
59.1,33.1,1418.0,30.5,7.9,52.0,96.0
64.5,36.0,1438.0,36.1,9.5,41.0,95.0
69.4,40.2,1309.0,41.2,11.2,32.0,94.0
70.5,43.7,1140.0,45.5,12.3,23.0,93.0
69.4,44.7,937.0,49.1,12.5,16.0,93.0
68.0,45.5,694.0,51.9,12.1,10.0,94.0
68.5,46.6,499.0,53.3,11.6,6.0,94.0
66.8,45.9,393.0,53.4,10.9,2.0,95.0
65.4,45.2,335.0,52.0,10.1,1.0,96.0
63.1,35.6,297.0,32.4,8.8,20.0,96.0
60.8,34.3,275.0,28.1,8.8,27.0,96.0
57.4,33.4,272.0,22.0,8.7,38.0,95.0
58.9,32.1,265.0,16.1,8.3,53.0,95.0
60.8,31.2,238.0,10.8,7.5,75.0,95.0
75.2,33.6,207.0,5.8,6.3,102.0,95.0
84.1,34.0,192.0,2.3,5.4,121.0,96.0
74.3,31.1,204.0,0.9,4.8,128.0,97.0
75.7,33.1,232.0,1.1,4.3,128.0,98.0
76.4,33.6,265.0,1.7,4.0,126.0,99.0
76.8,34.1,286.0,2.0,3.7,123.0,99.0
102.0,38.0,313.0,2.7,3.6,118.0,101.0
40.5,25.8,381.0,7.4,4.7,113.0,101.0
43.0,29.3,534.0,12.1,5.9,98.0,102.0
40.9,31.2,729.0,18.9,7.6,78.0,102.0
44.1,32.9,876.0,25.7,9.5,59.0,102.0
51.7,38.1,934.0,33.4,12.2,44.0,102.0
60.1,44.6,944.0,41.2,15.0,31.0,103.0
67.1,50.1,936.0,44.5,16.3,24.0,103.0
71.9,52.4,927.0,39.8,14.7,29.0,104.0
71.7,48.7,901.0,30.7,11.5,40.0,104.0
65.2,39.1,841.0,22.8,8.7,49.0,104.0
61.0,32.8,726.0,18.4,7.0,50.0,102.0
55.5,27.9,577.0,15.3,5.7,48.0,101.0
42.7,24.7,445.0,12.7,5.7,45.0,100.0
37.3,21.6,346.0,11.3,5.7,45.0,99.0
35.7,21.2,264.0,9.4,5.7,46.0,98.0
39.3,22.0,202.0,7.4,5.7,52.0,97.0
45.4,22.9,167.0,5.4,5.9,67.0,96.0
108.7,31.1,153.0,3.4,6.0,86.0,96.0
86.8,29.7,145.0,2.0,6.0,101.0,96.0
100.8,32.5,135.0,1.2,5.5,106.0,96.0
111.3,34.8,131.0,1.0,4.8,107.0,96.0
112.9,35.7,137.0,1.4,4.3,105.0,96.0
120.1,39.8,154.0,2.1,4.1,104.0,96.0
90.1,32.8,181.0,3.5,4.1,100.0,96.0
71.9,30.7,217.0,7.7,4.5,89.0,96.0
63.6,31.7,275.0,16.6,6.7,73.0,97.0
71.0,37.1,341.0,28.9,9.8,51.0,97.0
75.4,42.3,377.0,37.9,12.0,34.0,98.0
76.8,46.1,357.0,41.2,12.9,25.0,98.0
74.7,47.3,307.0,41.3,13.0,22.0,99.0
64.3,41.9,259.0,38.5,12.3,22.0,98.0
48.3,32.9,222.0,31.4,10.5,28.0,96.0
40.5,27.5,187.0,21.6,8.0,39.0,95.0
38.3,24.6,162.0,13.8,5.9,47.0,94.0
38.6,22.9,152.0,10.4,4.8,49.0,93.0
38.0,21.2,153.0,9.1,4.2,49.0,92.0
30.3,17.7,159.0,8.6,3.1,57.0,92.0
34.3,18.6,172.0,9.3,3.8,54.0,92.0
36.0,20.5,189.0,10.3,4.9,51.0,92.0
41.1,22.8,198.0,10.1,5.5,54.0,92.0
49.6,24.1,189.0,7.8,5.4,67.0,92.0
94.3,29.5,170.0,4.4,4.9,86.0,92.0
104.3,30.5,156.0,1.9,4.5,100.0,92.0
101.0,29.9,148.0,1.0,4.2,107.0,91.0
64.3,25.5,144.0,1.1,3.9,109.0,91.0
51.6,23.4,154.0,1.7,3.7,109.0,90.0
44.7,21.9,179.0,2.8,3.6,106.0,88.0
51.2,22.7,218.0,4.5,3.7,101.0,88.0
75.4,33.2,271.0,6.2,3.9,95.0,88.0
79.2,35.9,363.0,10.8,4.9,83.0,88.0
78.9,37.8,470.0,17.0,6.4,66.0,88.0
81.0,38.6,517.0,20.9,7.3,53.0,88.0
85.2,38.4,452.0,20.5,7.3,49.0,87.0
92.4,38.3,327.0,17.8,6.9,50.0,87.0
99.7,37.8,228.0,15.2,6.3,51.0,86.0
104.1,36.7,189.0,13.2,5.6,52.0,86.0
108.7,36.1,176.0,11.3,4.9,54.0,87.0
115.0,35.9,168.0,9.9,4.3,55.0,88.0
122.0,35.7,159.0,9.4,4.0,53.0,89.0
122.9,34.7,155.0,9.4,3.9,50.0,90.0
122.0,33.9,159.0,7.9,3.5,55.0,91.0
115.7,32.2,177.0,8.0,3.9,56.0,92.0
104.8,31.2,202.0,8.0,4.3,57.0,93.0
96.9,29.7,213.0,7.4,4.7,63.0,94.0
108.5,30.0,197.0,5.7,4.8,76.0,94.0
115.7,30.7,167.0,3.5,4.8,93.0,94.0
110.6,30.3,146.0,1.9,4.7,106.0,94.0
102.0,29.2,140.0,1.3,4.5,112.0,94.0
95.0,28.2,141.0,1.2,4.2,115.0,95.0
88.9,27.4,153.0,1.8,4.0,115.0,95.0
84.5,26.9,180.0,2.8,3.9,113.0,95.0
82.7,26.8,216.0,4.5,3.9,108.0,96.0
88.9,31.2,249.0,7.0,4.0,96.0,95.0
82.7,32.6,277.0,11.2,4.9,84.0,95.0
78.7,34.0,300.0,16.9,6.2,68.0,95.0
80.6,34.8,310.0,20.9,7.1,55.0,95.0
79.4,34.5,298.0,21.7,7.3,49.0,94.0
76.4,33.8,272.0,20.8,7.1,46.0,94.0
74.3,32.5,246.0,19.4,6.7,45.0,93.0
72.6,30.3,222.0,17.8,6.2,45.0,93.0
73.1,28.6,198.0,15.8,5.5,46.0,92.0
76.8,27.6,179.0,14.1,5.0,46.0,92.0
81.7,27.0,164.0,13.0,4.7,45.0,91.0
82.4,26.1,153.0,12.2,4.5,43.0,90.0
87.8,25.4,152.0,8.4,3.7,51.0,90.0
83.8,24.4,170.0,8.1,3.9,52.0,89.0
80.8,24.6,197.0,7.7,4.2,55.0,89.0
78.2,23.7,212.0,6.9,4.4,61.0,88.0
88.5,24.0,200.0,5.3,4.3,75.0,88.0
89.6,23.9,175.0,3.3,4.0,92.0,87.0
83.1,23.1,155.0,1.9,3.8,105.0,87.0
56.7,20.5,145.0,1.2,3.7,111.0,86.0
49.8,20.0,141.0,1.0,3.6,113.0,85.0
50.6,20.4,148.0,1.7,3.6,112.0,85.0
55.1,20.8,159.0,3.0,3.6,109.0,84.0
51.9,20.3,182.0,5.3,3.7,104.0,84.0
58.4,25.1,239.0,7.8,4.1,98.0,83.0
53.8,27.2,375.0,15.5,5.7,82.0,83.0
53.2,30.3,547.0,26.0,7.9,59.0,82.0
53.4,32.6,647.0,32.7,9.3,43.0,82.0
52.9,32.5,617.0,32.2,9.2,39.0,82.0
55.2,31.4,516.0,27.8,8.3,41.0,82.0
63.1,29.3,417.0,23.5,7.4,44.0,82.0
63.6,26.5,340.0,20.1,6.5,46.0,81.0
60.8,24.2,265.0,16.6,5.5,49.0,81.0
56.2,22.2,211.0,14.1,4.8,51.0,81.0
53.8,21.0,186.0,13.3,4.6,49.0,80.0
55.3,20.6,182.0,13.4,4.6,46.0,80.0
60.3,20.4,190.0,11.7,4.5,50.0,79.0
59.6,20.2,221.0,11.3,5.0,53.0,79.0
59.3,21.0,264.0,10.6,5.6,59.0,79.0
58.8,21.8,282.0,9.4,5.9,67.0,79.0
88.2,26.1,249.0,7.1,5.4,81.0,79.0
140.6,35.2,192.0,4.2,4.5,98.0,80.0
145.3,38.0,150.0,2.1,4.1,113.0,81.0
117.6,35.4,138.0,1.3,4.5,123.0,82.0
99.0,33.4,141.0,1.2,5.3,131.0,83.0
102.7,34.2,162.0,1.9,6.0,135.0,84.0
87.5,32.6,207.0,3.4,6.3,134.0,85.0
101.5,36.3,269.0,5.7,6.6,130.0,86.0
83.8,36.4,330.0,6.7,9.7,123.0,87.0
83.1,38.9,393.0,9.1,10.1,115.0,88.0
77.5,39.8,454.0,12.4,10.7,103.0,89.0
73.1,38.6,487.0,14.4,10.7,94.0,89.0
66.8,34.5,472.0,14.1,9.8,90.0,89.0
61.9,29.8,428.0,12.6,8.5,88.0,89.0
55.5,25.5,390.0,11.2,7.2,86.0,89.0
27.5,18.7,368.0,10.2,6.2,84.0,88.0
18.3,14.7,352.0,9.2,5.3,81.0,88.0
13.5,12.3,342.0,8.6,4.7,78.0,87.0
11.6,11.2,341.0,8.5,4.7,73.0,86.0
11.5,11.3,345.0,8.8,5.0,68.0,85.0
10.4,10.4,348.0,8.6,4.5,70.0,85.0
11.3,11.2,348.0,9.2,5.5,68.0,84.0
12.2,12.1,346.0,10.0,6.8,65.0,83.0
12.2,12.1,337.0,9.9,7.6,68.0,82.0
8.8,8.7,313.0,8.0,7.4,82.0,81.0
9.1,9.0,281.0,5.3,6.6,102.0,79.0
10.5,10.4,260.0,3.3,5.8,117.0,77.0
41.3,15.0,261.0,2.7,5.2,124.0,75.0
28.9,13.3,272.0,2.7,4.6,126.0,74.0
54.0,17.1,283.0,3.2,4.3,127.0,72.0
46.1,15.9,286.0,3.8,4.3,127.0,71.0
30.3,14.9,288.0,4.8,4.5,125.0,69.0
6.8,6.7,296.0,7.4,3.6,97.0,68.0
7.6,7.5,318.0,10.5,4.6,88.0,65.0
9.6,9.6,346.0,14.7,5.9,77.0,62.0
10.6,10.6,361.0,17.6,6.9,68.0,60.0
11.2,11.2,353.0,18.3,7.4,65.0,58.0
11.9,11.8,332.0,17.7,7.5,65.0,57.0
12.2,12.0,310.0,16.6,7.5,67.0,56.0
12.2,12.0,290.0,14.8,7.3,70.0,55.0
12.9,12.6,270.0,12.5,7.0,75.0,55.0
13.7,13.3,256.0,10.6,6.6,78.0,55.0
13.9,13.4,252.0,9.6,6.2,78.0,55.0
14.1,13.6,255.0,9.0,5.8,77.0,55.0
16.1,15.7,260.0,10.3,7.2,71.0,56.0
16.4,15.9,269.0,9.2,7.4,77.0,56.0
17.1,16.8,280.0,7.7,7.8,85.0,57.0
17.2,16.8,282.0,6.2,7.8,95.0,57.0
18.1,17.3,266.0,4.6,7.4,108.0,58.0
19.0,18.0,242.0,3.0,6.6,122.0,58.0
19.2,17.9,224.0,1.9,6.0,133.0,59.0
18.7,17.4,220.0,1.4,5.5,138.0,59.0
18.3,17.1,223.0,1.3,5.1,139.0,59.0
17.8,16.4,227.0,1.6,4.8,138.0,70.0
17.4,16.1,228.0,2.3,4.7,135.0,81.0
17.2,15.8,231.0,3.5,4.8,131.0,89.0
18.9,16.8,238.0,4.3,4.7,122.0,92.0
18.6,16.9,257.0,6.1,5.4,115.0,90.0
24.2,17.6,280.0,8.6,6.3,104.0,84.0
29.9,17.9,293.0,10.3,7.0,96.0,75.0
31.4,17.3,285.0,10.7,7.2,92.0,65.0
31.3,16.9,267.0,10.4,7.2,91.0,63.0
19.4,15.4,252.0,9.8,7.1,90.0,63.0
16.4,14.5,248.0,9.0,6.9,90.0,63.0
15.4,14.4,247.0,8.1,6.6,90.0,64.0
15.5,15.0,245.0,7.3,6.5,90.0,64.0
16.2,15.6,236.0,6.9,6.6,89.0,64.0
16.6,16.1,224.0,6.8,6.8,87.0,64.0
18.2,17.7,220.0,7.8,7.9,81.0,64.0
19.0,18.5,230.0,7.7,8.7,83.0,64.0
20.1,19.6,247.0,7.4,9.8,87.0,65.0
18.6,18.2,256.0,6.8,10.4,94.0,65.0
17.1,16.9,247.0,5.4,10.2,108.0,65.0
16.5,16.4,229.0,3.6,9.5,125.0,65.0
15.9,15.8,216.0,2.3,8.7,137.0,64.0
16.1,15.9,213.0,1.9,7.8,140.0,64.0
17.6,15.8,214.0,2.0,6.8,138.0,64.0
23.0,16.8,220.0,2.5,6.2,134.0,71.0
18.3,17.2,229.0,3.3,6.2,131.0,81.0
17.8,17.2,242.0,4.7,6.5,127.0,88.0
25.0,24.4,260.0,6.9,6.4,122.0,91.0
23.5,23.2,287.0,9.5,6.9,111.0,88.0
22.4,22.1,319.0,13.2,7.7,95.0,79.0
22.4,22.2,341.0,16.2,8.3,81.0,66.0
20.7,20.5,346.0,18.0,8.6,71.0,67.0
20.7,20.4,340.0,19.3,8.8,63.0,67.0
21.0,20.8,329.0,19.9,8.8,57.0,67.0
20.3,20.1,311.0,19.8,8.5,52.0,68.0
20.5,20.4,287.0,19.1,8.1,49.0,68.0
20.8,20.7,269.0,18.4,7.8,47.0,69.0
21.1,21.0,259.0,18.1,7.6,43.0,69.0
21.1,21.0,254.0,17.9,7.6,41.0,69.0
17.6,17.6,255.0,21.0,8.3,34.0,69.0
15.9,15.9,266.0,17.4,9.0,46.0,69.0
14.9,14.8,283.0,12.4,10.0,63.0,69.0
13.4,13.3,289.0,8.2,10.5,80.0,68.0
12.6,12.5,271.0,5.5,10.2,97.0,68.0
12.3,12.3,242.0,3.6,9.5,114.0,68.0
12.3,12.2,224.0,2.3,8.7,127.0,67.0
12.5,12.4,225.0,1.8,7.9,132.0,67.0
12.5,12.4,237.0,1.9,7.0,133.0,67.0
12.5,12.4,252.0,2.5,6.3,131.0,67.0
12.7,12.5,266.0,3.2,5.8,127.0,67.0
12.7,12.5,284.0,4.4,5.5,120.0,75.0
12.4,12.0,311.0,5.8,5.2,111.0,78.0
13.8,13.5,357.0,8.4,5.4,101.0,75.0
14.6,14.5,413.0,12.1,5.7,87.0,67.0
13.1,13.0,455.0,15.8,6.2,74.0,63.0
15.0,14.8,481.0,19.4,7.3,64.0,62.0
17.6,17.5,493.0,22.9,8.6,56.0,62.0
19.5,19.4,478.0,25.1,9.4,50.0,62.0
20.8,20.7,417.0,25.1,9.1,47.0,62.0
20.8,20.7,328.0,23.7,8.3,45.0,62.0
17.0,16.9,260.0,22.5,7.6,43.0,62.0
15.9,15.8,231.0,22.4,7.2,38.0,61.0
15.4,15.3,221.0,22.6,6.9,33.0,61.0
10.2,9.9,221.0,17.5,6.2,36.0,60.0
11.5,11.2,234.0,15.9,7.0,41.0,60.0
12.7,12.4,256.0,13.6,8.2,50.0,60.0
11.4,11.1,268.0,11.0,8.7,63.0,60.0
10.5,10.2,256.0,8.0,8.1,85.0,59.0
10.3,10.2,233.0,4.8,6.9,112.0,59.0
10.2,10.0,217.0,2.5,5.9,132.0,59.0
10.6,10.4,214.0,1.7,5.2,139.0,59.0
11.3,11.0,217.0,1.7,4.6,138.0,59.0
12.5,11.9,225.0,2.2,4.3,136.0,59.0
13.2,12.5,234.0,2.7,4.3,135.0,66.0
14.0,13.1,248.0,3.7,4.5,133.0,81.0
11.5,10.7,271.0,6.2,4.7,118.0,88.0
12.0,11.6,317.0,9.0,5.4,107.0,87.0
12.9,12.6,372.0,12.9,6.4,92.0,79.0
12.8,12.5,399.0,15.8,7.2,80.0,66.0
12.9,12.7,373.0,16.9,7.5,73.0,58.0
13.2,13.0,319.0,17.0,7.6,69.0,58.0
13.0,12.8,276.0,16.7,7.7,65.0,57.0
12.0,11.9,260.0,16.0,7.7,62.0,57.0
11.2,11.1,256.0,15.0,7.7,59.0,56.0
10.5,10.4,251.0,14.2,7.7,57.0,55.0
9.9,9.7,240.0,14.1,7.7,53.0,55.0
9.3,9.1,229.0,14.2,7.7,50.0,54.0
7.0,7.0,227.0,10.8,6.2,61.0,54.0
8.6,8.5,243.0,10.9,6.6,64.0,54.0
11.1,11.0,268.0,10.9,7.2,68.0,54.0
10.3,10.1,283.0,10.1,7.4,77.0,54.0
11.5,10.5,278.0,7.7,7.0,96.0,54.0
14.3,12.1,264.0,4.6,6.3,120.0,54.0
17.5,13.7,252.0,2.6,5.8,137.0,54.0
18.9,14.8,245.0,2.6,5.6,140.0,55.0
19.7,15.5,240.0,3.7,5.5,136.0,55.0
17.3,14.5,243.0,5.3,5.4,130.0,59.0
14.4,13.0,262.0,6.8,5.2,123.0,71.0
13.7,12.5,290.0,8.8,5.1,114.0,78.0
16.6,14.3,307.0,8.4,4.4,109.0,81.0
17.5,15.6,304.0,13.3,5.5,96.0,76.0
19.6,17.3,291.0,19.8,6.9,77.0,63.0
21.6,19.8,282.0,23.8,7.7,64.0,57.0
20.3,19.0,286.0,22.7,7.3,62.0,57.0
18.5,17.6,294.0,19.1,6.2,66.0,58.0
16.2,15.5,297.0,16.0,5.3,68.0,58.0
14.4,13.9,286.0,14.4,4.6,67.0,58.0
14.1,13.7,269.0,13.3,4.1,64.0,58.0
13.9,13.5,260.0,13.0,3.8,61.0,58.0
13.5,13.3,261.0,14.0,4.0,56.0,59.0
13.4,13.2,270.0,15.7,4.5,51.0,59.0
15.9,15.0,290.0,15.4,4.8,52.0,60.0
18.5,17.5,338.0,15.8,5.7,54.0,60.0
21.4,20.5,398.0,16.3,7.0,57.0,61.0
18.3,17.3,428.0,15.6,7.9,65.0,62.0
17.6,16.4,401.0,12.7,8.1,82.0,62.0
17.6,16.1,344.0,8.6,8.0,103.0,62.0
18.4,16.6,298.0,5.3,7.7,122.0,63.0
19.9,17.9,279.0,3.4,7.2,136.0,63.0
21.2,18.8,271.0,2.3,6.6,148.0,63.0
21.5,18.8,270.0,2.5,6.2,153.0,63.0
21.2,18.3,266.0,4.1,6.1,150.0,71.0
20.8,17.9,268.0,7.0,6.1,141.0,87.0
25.7,22.5,297.0,12.2,5.9,110.0,93.0
31.0,27.8,384.0,26.0,9.2,87.0,89.0
39.3,35.7,498.0,45.0,13.8,55.0,75.0
49.0,45.1,569.0,59.9,17.7,30.0,69.0
57.0,53.0,559.0,67.5,20.7,17.0,72.0
63.3,59.3,507.0,71.0,23.0,11.0,75.0
63.1,59.5,453.0,70.0,23.3,9.0,79.0
53.7,50.6,408.0,62.4,20.2,11.0,82.0
42.8,40.6,362.0,50.3,15.1,17.0,84.0
34.3,32.9,327.0,40.3,11.1,21.0,85.0
28.8,27.6,304.0,35.3,9.4,21.0,86.0
25.7,24.8,290.0,32.5,8.8,20.0,87.0
14.6,14.1,294.0,24.7,7.8,28.0,87.0
18.5,17.8,333.0,22.4,8.3,36.0,87.0
19.3,18.6,389.0,19.0,8.9,48.0,87.0
16.8,15.6,411.0,15.2,9.0,66.0,87.0
20.3,16.8,363.0,10.7,8.1,94.0,87.0
25.4,18.7,280.0,5.7,6.7,127.0,87.0
27.1,18.3,219.0,2.2,5.6,151.0,87.0
28.6,18.2,205.0,0.9,5.1,159.0,87.0
29.9,18.7,213.0,1.0,4.8,159.0,87.0
30.7,19.2,224.0,2.0,4.8,155.0,87.0
32.2,20.0,228.0,3.1,4.8,151.0,92.0
33.6,20.9,236.0,5.0,4.9,144.0,109.0
45.6,28.6,259.0,8.0,5.5,132.0,117.0
44.6,31.1,312.0,11.3,6.4,119.0,115.0
42.3,30.9,381.0,15.8,7.5,100.0,105.0
42.1,30.5,436.0,18.9,8.3,86.0,89.0
41.0,29.9,469.0,19.2,8.3,80.0,85.0
38.0,28.1,489.0,18.2,8.0,78.0,83.0
34.3,25.8,491.0,17.6,7.7,75.0,80.0
31.5,24.0,464.0,17.9,7.5,70.0,78.0
29.8,23.1,419.0,18.7,7.3,66.0,77.0
30.4,24.2,390.0,20.7,7.5,60.0,76.0
31.9,26.2,395.0,25.7,8.4,51.0,76.0
34.6,29.1,415.0,31.8,9.7,41.0,76.0
33.4,29.2,426.0,32.4,8.6,31.0,77.0
37.6,33.3,417.0,27.2,9.4,47.0,79.0
38.3,34.7,398.0,19.8,10.4,71.0,80.0
27.6,22.6,374.0,13.3,10.9,96.0,80.0
34.5,23.3,342.0,8.5,10.5,124.0,81.0
49.1,28.6,306.0,4.6,9.7,153.0,82.0
59.5,32.6,279.0,1.9,8.8,173.0,83.0
60.5,33.1,269.0,0.9,8.0,176.0,84.0
60.8,32.8,268.0,1.1,7.2,169.0,85.0
71.2,37.3,269.0,1.6,6.6,161.0,105.0
61.7,32.6,264.0,1.6,6.1,157.0,124.0
58.7,31.4,260.0,2.0,5.8,152.0,136.0
46.7,27.8,274.0,6.9,6.1,129.0,137.0
48.0,32.5,321.0,11.4,7.3,112.0,128.0
50.2,34.8,386.0,17.6,8.9,89.0,110.0
48.8,34.6,435.0,22.5,10.2,71.0,89.0
49.7,35.0,454.0,24.8,10.7,63.0,89.0
51.8,36.2,456.0,25.8,10.8,59.0,90.0
52.4,36.2,454.0,26.5,10.8,57.0,91.0
51.9,35.4,448.0,27.0,10.5,55.0,92.0
52.0,35.3,436.0,27.3,10.1,54.0,93.0
53.7,36.7,425.0,28.0,9.8,52.0,94.0
56.2,39.2,414.0,30.3,9.7,44.0,95.0
59.0,41.9,405.0,33.1,9.7,34.0,96.0
41.9,33.2,403.0,37.0,9.7,27.0,96.0
46.9,38.3,420.0,31.7,10.6,43.0,96.0
46.9,40.0,446.0,24.2,11.9,67.0,97.0
34.0,27.4,453.0,17.3,12.5,93.0,97.0
30.5,22.8,426.0,11.4,11.9,123.0,97.0
43.9,28.0,381.0,6.1,10.6,154.0,97.0
54.1,32.6,342.0,2.4,9.5,177.0,97.0
55.4,33.2,317.0,1.0,8.8,185.0,97.0
54.7,32.9,299.0,1.3,8.3,183.0,97.0
54.0,32.7,288.0,2.2,7.9,178.0,113.0
52.7,32.1,278.0,2.5,7.4,173.0,136.0
50.2,31.0,276.0,3.5,6.9,165.0,151.0
41.8,25.9,299.0,5.5,8.1,164.0,157.0
46.6,31.9,367.0,18.4,11.3,139.0,155.0
53.6,39.1,461.0,36.5,15.8,105.0,141.0
60.8,46.6,536.0,52.6,19.9,75.0,118.0
67.8,53.8,583.0,64.9,23.7,56.0,99.0
76.1,62.2,611.0,75.2,27.2,42.0,102.0
83.4,69.6,608.0,81.3,28.5,32.0,105.0
86.1,72.9,552.0,81.6,26.1,25.0,109.0
83.8,71.5,464.0,77.8,21.6,21.0,113.0
75.0,63.8,397.0,72.3,17.7,19.0,116.0
65.4,54.9,368.0,65.3,15.2,17.0,117.0
60.5,49.8,360.0,56.6,13.3,16.0,118.0
65.9,54.1,369.0,48.9,15.6,31.0,120.0
67.8,56.5,413.0,42.0,15.2,48.0,122.0
59.6,51.6,473.0,32.1,14.5,73.0,123.0
43.5,35.0,495.0,22.9,13.4,98.0,124.0
39.2,28.9,439.0,14.9,11.5,126.0,125.0
35.3,24.7,345.0,7.5,9.1,155.0,125.0
32.4,22.4,271.0,2.3,7.2,174.0,123.0
29.9,20.7,242.0,0.4,6.2,178.0,122.0
28.5,19.9,233.0,0.8,5.6,173.0,121.0
26.8,18.9,230.0,2.0,5.3,166.0,119.0
26.4,18.5,213.0,2.8,5.1,161.0,128.0
27.1,18.6,202.0,4.3,5.2,153.0,140.0
15.7,12.4,247.0,9.0,5.6,136.0,142.0
21.1,17.5,406.0,21.5,8.8,113.0,133.0
29.3,25.3,620.0,39.0,13.2,81.0,113.0
37.1,32.7,766.0,52.9,16.6,55.0,111.0
42.6,37.7,783.0,60.4,18.3,39.0,109.0
46.7,41.0,732.0,64.3,19.0,29.0,107.0
48.7,42.0,666.0,65.4,18.9,23.0,104.0
48.5,41.0,593.0,62.6,17.4,22.0,101.0
47.7,38.9,506.0,56.9,15.1,26.0,98.0
47.7,37.1,439.0,51.6,13.3,29.0,96.0
48.8,36.0,405.0,48.3,12.5,29.0,94.0
50.3,35.4,391.0,45.4,12.3,30.0,93.0
53.7,41.1,394.0,53.1,14.1,22.0,92.0
54.9,41.0,430.0,46.1,14.7,41.0,91.0
52.6,40.4,484.0,36.1,15.5,68.0,90.0
48.7,36.7,504.0,26.4,15.6,97.0,90.0
47.4,33.9,456.0,17.4,14.4,131.0,91.0
45.5,30.6,375.0,8.8,12.5,167.0,91.0
37.4,25.0,310.0,2.8,10.7,192.0,91.0
30.4,20.8,283.0,0.6,9.3,197.0,91.0
27.3,18.8,272.0,0.9,8.1,190.0,97.0
26.0,17.9,266.0,2.3,7.2,181.0,127.0
25.3,17.3,241.0,3.6,6.6,172.0,149.0
24.9,17.0,220.0,5.8,6.4,161.0,159.0
14.3,10.8,258.0,11.4,6.3,136.0,160.0
22.4,18.7,426.0,25.2,9.2,110.0,151.0
32.1,27.9,653.0,43.7,13.0,74.0,126.0
36.7,32.0,787.0,54.7,15.5,50.0,95.0
36.3,31.5,735.0,50.9,15.2,48.0,91.0
36.3,31.2,589.0,39.5,13.5,58.0,90.0
38.3,32.4,473.0,29.5,12.1,67.0,89.0
41.2,34.1,435.0,24.1,11.5,71.0,89.0
44.0,36.0,426.0,20.1,11.2,75.0,88.0
45.2,37.1,424.0,17.2,11.0,77.0,88.0
44.5,37.0,420.0,15.8,10.8,74.0,88.0
42.7,36.1,423.0,15.5,10.6,70.0,88.0
43.5,36.0,433.0,18.4,10.5,64.0,88.0
44.1,37.0,462.0,17.0,11.2,75.0,88.0
44.0,38.5,498.0,15.0,12.1,91.0,88.0
41.0,35.0,511.0,12.5,12.4,109.0,87.0
40.9,32.1,479.0,9.0,11.6,132.0,87.0
42.7,31.0,423.0,5.1,10.3,157.0,87.0
42.3,29.7,376.0,2.3,9.1,174.0,88.0
39.0,27.1,350.0,1.3,8.3,178.0,88.0
35.6,24.6,333.0,1.4,7.7,174.0,98.0
34.0,23.4,323.0,2.1,7.2,169.0,118.0
33.5,23.1,318.0,2.9,6.9,166.0,134.0
33.3,23.0,321.0,4.3,6.7,161.0,145.0
54.4,38.6,337.0,8.8,7.4,146.0,148.0
52.6,39.9,379.0,11.3,8.1,134.0,143.0
48.1,38.6,434.0,14.7,9.0,117.0,131.0
41.7,34.9,465.0,16.7,9.4,104.0,116.0
34.7,30.0,451.0,15.9,9.0,100.0,100.0
28.1,25.1,414.0,13.7,8.2,100.0,94.0
22.4,20.4,378.0,12.0,7.4,98.0,93.0
17.8,16.4,350.0,11.4,6.7,90.0,92.0
14.5,13.6,324.0,11.4,6.0,80.0,90.0
12.1,11.5,307.0,11.5,5.6,71.0,88.0
10.4,10.1,305.0,12.0,5.5,64.0,86.0
9.3,9.2,312.0,12.8,5.7,57.0,84.0
9.1,8.5,316.0,11.3,5.5,60.0,82.0
9.5,9.1,316.0,10.5,5.8,64.0,80.0
9.9,9.3,314.0,9.3,6.2,70.0,77.0
9.2,8.2,302.0,7.8,6.3,78.0,75.0
8.4,7.3,272.0,5.9,5.9,91.0,73.0
8.2,6.9,231.0,3.8,5.2,106.0,71.0
10.2,8.1,202.0,2.2,4.7,120.0,70.0
14.1,10.6,192.0,1.6,4.7,131.0,68.0
18.1,13.1,193.0,1.6,4.9,139.0,68.0
20.5,14.6,197.0,1.9,5.0,144.0,67.0
21.5,15.3,204.0,2.4,4.9,145.0,69.0
21.8,15.4,216.0,3.2,4.6,142.0,83.0
16.0,11.0,226.0,4.0,4.2,131.0,92.0
18.0,10.5,236.0,5.5,4.4,118.0,94.0
20.5,10.5,246.0,7.6,4.8,100.0,90.0
21.7,9.9,247.0,9.3,5.0,85.0,80.0
22.2,10.0,232.0,10.2,5.0,75.0,66.0
21.2,10.0,208.0,10.8,5.0,67.0,54.0
19.0,9.5,191.0,11.0,4.9,61.0,53.0
16.2,8.9,190.0,10.5,4.8,59.0,53.0
12.6,8.2,196.0,9.8,4.8,60.0,52.0
11.2,8.5,201.0,9.8,4.9,59.0,52.0
11.4,9.1,196.0,11.7,5.2,55.0,52.0
12.4,9.8,190.0,14.4,5.7,50.0,52.0
10.9,10.0,194.0,13.5,7.1,48.0,52.0
13.9,12.9,223.0,12.7,7.8,51.0,52.0
13.1,12.2,263.0,11.5,8.7,57.0,53.0
13.4,11.6,287.0,9.9,9.1,68.0,53.0
16.7,12.3,277.0,7.5,8.7,89.0,53.0
23.9,14.3,251.0,4.7,7.9,116.0,54.0
33.3,18.9,232.0,2.6,7.1,137.0,55.0
38.5,23.9,229.0,1.7,6.4,147.0,56.0
41.9,26.8,232.0,1.5,5.8,151.0,57.0
39.3,25.5,236.0,1.9,5.4,151.0,61.0
35.6,23.7,231.0,2.5,5.2,149.0,81.0
34.3,23.5,226.0,3.8,5.1,144.0,97.0
24.4,22.6,240.0,5.9,6.7,147.0,109.0
30.0,26.4,295.0,12.6,8.1,126.0,112.0
35.5,31.4,369.0,21.8,10.0,98.0,103.0
41.3,36.6,417.0,28.0,11.6,78.0,89.0
47.0,40.9,413.0,28.6,12.7,75.0,72.0
60.3,47.8,382.0,26.4,13.6,81.0,70.0
80.3,56.1,355.0,23.6,14.1,85.0,74.0
93.6,60.5,343.0,20.8,14.2,85.0,78.0
99.2,61.9,335.0,17.5,13.9,83.0,82.0
106.6,63.1,333.0,15.1,13.4,80.0,87.0
111.5,63.3,339.0,14.7,12.8,75.0,91.0
107.8,61.2,351.0,15.2,12.1,69.0,95.0
92.2,58.0,360.0,12.7,14.5,70.0,99.0
85.2,56.2,372.0,12.3,14.7,73.0,103.0
78.0,52.0,381.0,11.5,14.8,77.0,107.0
74.3,47.6,365.0,10.2,14.2,84.0,111.0
64.0,40.2,301.0,7.6,12.1,96.0,114.0
59.8,34.8,212.0,4.5,9.3,111.0,116.0
60.5,29.6,148.0,2.1,7.1,122.0,117.0
57.9,25.8,129.0,1.2,6.0,127.0,117.0
53.0,23.2,134.0,1.1,5.5,127.0,117.0
51.3,21.8,153.0,1.5,5.2,126.0,116.0
50.6,21.1,186.0,2.1,4.9,122.0,116.0
51.1,21.1,232.0,3.2,4.9,116.0,116.0
45.9,19.7,276.0,6.0,5.1,105.0,115.0
50.3,24.2,318.0,13.9,8.2,90.0,115.0
56.3,30.3,358.0,24.5,12.3,70.0,115.0
60.8,33.9,380.0,31.2,14.7,55.0,115.0
59.6,33.4,375.0,30.2,13.9,49.0,114.0
56.0,31.1,352.0,25.2,11.3,47.0,112.0
49.5,26.3,322.0,20.2,9.0,48.0,109.0
48.1,21.7,282.0,16.3,7.5,51.0,105.0
47.1,19.8,236.0,12.5,6.2,55.0,101.0
43.5,18.3,201.0,9.7,5.2,58.0,97.0
40.9,17.5,185.0,8.6,4.5,56.0,93.0
41.1,17.5,180.0,8.4,4.1,53.0,90.0
40.6,21.9,185.0,13.6,5.9,43.0,87.0
42.1,21.5,210.0,12.0,5.9,48.0,84.0
41.7,22.5,245.0,9.7,5.8,56.0,82.0
54.5,22.1,259.0,7.4,5.6,66.0,80.0
58.6,22.4,231.0,5.2,5.3,80.0,79.0
65.7,24.2,182.0,3.1,4.9,95.0,78.0
67.3,24.6,147.0,1.7,4.5,106.0,78.0
65.9,24.3,137.0,1.0,4.1,109.0,77.0
64.5,24.0,140.0,1.0,3.8,108.0,77.0
66.8,25.4,155.0,2.1,3.7,105.0,78.0
73.6,28.5,175.0,5.1,4.0,98.0,78.0
64.5,25.7,207.0,9.2,4.5,89.0,79.0
51.6,24.1,264.0,5.3,5.2,112.0,79.0
43.0,23.3,380.0,9.8,6.7,103.0,79.0
46.7,27.0,521.0,16.1,8.8,90.0,79.0
50.8,29.9,603.0,22.5,11.0,77.0,78.0
52.7,33.2,576.0,28.9,13.4,66.0,78.0
54.9,36.0,489.0,35.2,15.8,56.0,79.0
57.0,38.5,408.0,39.5,17.1,47.0,80.0
60.3,42.3,350.0,40.8,16.5,40.0,81.0
62.4,44.5,298.0,40.1,14.8,34.0,83.0
57.2,40.4,266.0,38.0,13.2,31.0,85.0
54.0,37.0,266.0,34.1,11.8,31.0,87.0
54.0,35.2,286.0,28.8,10.5,34.0,88.0
60.3,34.3,311.0,28.1,10.6,31.0,89.0
63.1,34.5,349.0,24.5,10.4,40.0,90.0
58.4,34.3,391.0,19.3,10.2,54.0,91.0
66.8,34.0,398.0,14.3,9.5,69.0,92.0
68.9,32.0,336.0,9.6,8.1,87.0,93.0
67.5,29.2,239.0,5.2,6.2,106.0,93.0
68.5,28.1,167.0,2.0,4.8,120.0,93.0
70.1,28.0,147.0,0.7,4.1,125.0,94.0
70.5,28.1,153.0,0.8,3.9,125.0,94.0
70.8,28.2,169.0,1.7,3.9,123.0,94.0
71.0,28.5,189.0,3.1,3.9,120.0,94.0
69.6,28.3,218.0,5.4,4.2,114.0,94.0
74.5,31.4,257.0,8.4,4.5,103.0,95.0
78.0,35.7,321.0,20.6,7.3,82.0,96.0
85.4,42.8,393.0,37.5,11.1,53.0,97.0
91.5,49.4,430.0,50.6,13.9,30.0,99.0
94.1,53.6,399.0,56.4,14.7,18.0,100.0
92.9,54.9,331.0,58.4,14.4,11.0,102.0
85.7,51.9,275.0,58.0,13.6,7.0,104.0
75.0,46.2,246.0,54.4,12.3,7.0,104.0
66.6,41.6,228.0,48.4,10.5,10.0,104.0
62.4,38.6,223.0,43.9,9.2,12.0,104.0
61.2,37.3,235.0,43.5,8.9,9.0,104.0
61.9,37.0,260.0,44.6,9.0,4.0,104.0
77.3,44.5,288.0,46.8,10.3,11.0,105.0
71.9,41.0,327.0,39.5,10.0,22.0,105.0
62.6,37.1,369.0,29.3,9.5,37.0,106.0
57.3,33.9,376.0,20.0,8.7,55.0,106.0
59.6,31.7,317.0,12.6,7.2,77.0,106.0
65.4,29.6,224.0,6.1,5.5,100.0,106.0
66.1,24.9,155.0,1.7,4.1,117.0,105.0
62.6,23.1,134.0,0.0,3.5,123.0,105.0
60.1,22.4,138.0,0.2,3.3,122.0,104.0
58.8,22.1,156.0,1.7,3.3,118.0,104.0
57.5,22.0,191.0,3.6,3.4,112.0,103.0
56.6,22.1,240.0,6.7,3.7,103.0,102.0
52.7,23.2,280.0,12.7,4.4,91.0,102.0
61.2,29.8,299.0,26.4,7.2,71.0,101.0
68.5,37.4,309.0,44.9,11.1,45.0,100.0
72.4,42.5,320.0,56.6,13.5,26.0,100.0
70.5,42.6,343.0,55.2,13.2,23.0,99.0
64.5,39.3,367.0,47.0,11.5,29.0,98.0
56.0,34.3,369.0,39.0,9.8,34.0,96.0
48.1,29.2,330.0,33.1,8.5,37.0,95.0
43.0,25.7,270.0,27.5,7.1,40.0,94.0
40.0,23.6,225.0,23.1,6.1,43.0,92.0
38.4,22.5,205.0,20.9,5.5,43.0,91.0
37.7,21.8,201.0,20.0,5.3,43.0,90.0
44.9,24.0,212.0,18.5,5.3,46.0,89.0
42.5,23.6,258.0,17.6,6.0,50.0,87.0
40.6,23.6,321.0,16.3,7.0,57.0,86.0
39.6,23.7,347.0,14.0,7.4,68.0,85.0
46.4,24.6,299.0,10.0,6.8,87.0,85.0
54.5,24.3,215.0,5.1,5.6,111.0,84.0
52.7,21.3,153.0,1.6,4.6,128.0,84.0
50.9,20.4,140.0,0.2,4.1,134.0,84.0
49.0,19.8,150.0,0.2,3.7,134.0,84.0
47.4,19.3,166.0,1.7,3.7,130.0,83.0
46.0,19.0,174.0,4.6,3.9,122.0,83.0
44.8,18.9,188.0,9.1,4.4,110.0,83.0
32.9,17.6,231.0,15.0,5.2,97.0,82.0
38.2,23.1,340.0,21.0,6.3,84.0,82.0
37.0,24.6,477.0,29.1,7.7,67.0,81.0
34.1,23.7,554.0,34.1,8.6,54.0,79.0
31.0,22.1,517.0,33.0,8.3,51.0,78.0
28.3,20.5,419.0,28.8,7.4,52.0,76.0
25.5,18.6,330.0,25.2,6.6,53.0,75.0
22.9,16.8,271.0,23.5,6.3,50.0,74.0
21.4,15.9,222.0,22.4,6.1,47.0,73.0
20.5,15.6,190.0,22.2,6.0,43.0,73.0
20.5,15.8,177.0,23.6,6.0,37.0,72.0
21.7,16.4,181.0,25.9,6.2,31.0,72.0
21.9,19.4,205.0,36.3,7.1,17.0,71.0
23.4,20.4,272.0,32.9,7.9,27.0,71.0
25.3,21.7,359.0,27.9,8.8,41.0,71.0
24.5,20.1,398.0,22.2,9.0,59.0,71.0
24.7,18.3,343.0,15.1,7.6,85.0,70.0
23.2,13.5,240.0,7.3,5.5,114.0,69.0
23.9,11.3,162.0,1.7,3.9,135.0,69.0
24.3,11.3,137.0,0.0,3.3,143.0,68.0
25.4,11.7,136.0,0.0,3.2,143.0,67.0
26.8,12.2,151.0,1.7,3.4,138.0,67.0
28.1,12.8,184.0,4.8,3.6,129.0,68.0
29.6,13.5,232.0,9.5,4.1,116.0,80.0
9.6,8.8,274.0,16.0,5.0,104.0,84.0
16.8,15.8,302.0,25.1,6.6,87.0,78.0
21.0,20.1,324.0,37.3,8.7,64.0,64.0
21.9,21.0,343.0,44.2,10.0,49.0,64.0
19.7,19.0,366.0,40.9,9.5,50.0,64.0
16.8,16.2,385.0,32.3,8.1,58.0,63.0
14.1,13.8,385.0,25.2,7.0,64.0,63.0
12.4,11.9,349.0,21.9,6.4,64.0,63.0
12.4,11.3,292.0,20.0,6.1,62.0,62.0
14.6,11.7,248.0,18.8,6.0,60.0,62.0
18.7,13.1,226.0,18.3,6.2,56.0,62.0
23.9,15.0,216.0,18.5,6.6,52.0,62.0
26.1,16.5,220.0,19.3,6.9,51.0,61.0
31.9,18.8,250.0,18.8,7.2,53.0,61.0
34.3,20.7,294.0,18.0,7.6,57.0,61.0
31.8,20.3,311.0,16.0,7.7,67.0,61.0
32.8,18.7,276.0,11.8,7.4,90.0,61.0
47.4,19.3,216.0,6.4,6.7,119.0,62.0
84.5,24.6,169.0,2.5,6.1,139.0,63.0
83.8,24.6,150.0,0.8,5.4,143.0,64.0
80.6,24.5,145.0,0.4,4.6,137.0,65.0
80.3,24.9,151.0,1.7,4.2,129.0,66.0
80.6,25.1,171.0,5.2,4.3,120.0,67.0
78.5,25.1,202.0,10.2,4.7,108.0,76.0
43.4,17.7,227.0,14.6,5.4,97.0,78.0
46.1,21.3,243.0,19.1,6.4,86.0,71.0
40.2,21.6,254.0,25.1,7.7,70.0,69.0
31.8,19.2,257.0,28.4,8.6,60.0,69.0
23.7,16.2,250.0,26.6,8.6,60.0,69.0
17.7,13.6,236.0,22.1,8.2,64.0,68.0
33.4,33.2,327.0,23.8,9.3,50.0,89.0
35.6,35.4,336.0,27.8,9.5,45.0,88.0
38.2,37.8,352.0,31.3,9.7,40.0,88.0
41.7,41.1,385.0,34.8,9.8,32.0,89.0
42.6,42.0,425.0,37.9,9.9,24.0,89.0
49.0,48.1,440.0,36.1,10.2,27.0,90.0
44.0,43.7,407.0,28.0,10.1,57.0,91.0
35.7,35.5,349.0,16.8,9.9,98.0,91.0
25.4,25.0,299.0,8.0,9.2,127.0,91.0
14.5,14.3,268.0,4.1,7.4,134.0,90.0
11.7,11.6,245.0,2.6,5.0,129.0,89.0
11.9,11.7,232.0,1.8,3.3,125.0,87.0
12.1,11.9,234.0,1.4,2.9,126.0,86.0
12.5,12.3,246.0,1.8,3.2,127.0,86.0
13.8,13.6,259.0,2.4,3.5,128.0,85.0
15.0,14.2,272.0,2.9,3.5,130.0,85.0
14.6,14.3,287.0,3.6,3.6,131.0,86.0
20.8,18.4,296.0,6.0,3.9,111.0,84.0
20.3,19.2,294.0,9.4,5.2,100.0,84.0
21.9,21.3,286.0,14.0,6.9,85.0,83.0
23.4,22.9,284.0,17.2,8.2,73.0,82.0
24.5,23.9,296.0,17.8,8.5,68.0,81.0
24.2,23.1,314.0,17.1,8.4,68.0,81.0
21.1,19.8,325.0,15.9,8.0,68.0,80.0
17.6,16.5,321.0,14.3,7.4,70.0,78.0
15.7,14.9,309.0,12.3,6.6,72.0,77.0
15.1,14.1,300.0,10.9,6.0,74.0,75.0
15.4,13.8,299.0,10.7,5.9,72.0,73.0
15.3,13.6,301.0,11.0,6.0,68.0,71.0
13.8,13.2,301.0,11.6,5.9,65.0,68.0
13.6,13.0,299.0,9.7,5.7,73.0,65.0
12.4,12.0,294.0,7.1,5.4,85.0,64.0
10.6,10.5,287.0,4.9,5.2,96.0,62.0
10.7,10.5,272.0,3.7,5.0,106.0,62.0
11.4,11.3,254.0,3.0,4.9,115.0,62.0
12.3,12.3,243.0,2.6,4.8,122.0,62.0
13.5,13.5,244.0,2.3,4.8,125.0,62.0
13.2,13.2,253.0,2.2,4.8,124.0,62.0
12.5,12.4,262.0,2.7,4.9,122.0,62.0
13.4,13.4,271.0,4.0,4.9,118.0,64.0
13.7,13.7,281.0,5.9,4.8,111.0,67.0
34.3,34.2,291.0,6.6,7.1,123.0,71.0
36.6,36.6,303.0,8.4,8.3,118.0,71.0
35.7,35.6,315.0,10.8,9.9,110.0,69.0
36.3,36.2,323.0,12.3,10.8,104.0,67.0
33.4,33.4,323.0,11.7,9.8,101.0,68.0
27.3,27.2,319.0,10.1,8.0,98.0,68.0
25.4,25.1,315.0,9.3,7.5,94.0,68.0
24.8,24.4,312.0,10.2,9.5,86.0,69.0
26.5,26.0,308.0,11.9,12.7,76.0,70.0
28.9,28.0,303.0,13.5,15.5,67.0,71.0
29.8,28.6,294.0,15.1,17.2,59.0,72.0
28.6,27.4,283.0,16.7,18.4,51.0,73.0
23.6,22.6,273.0,16.0,16.7,51.0,74.0
22.8,21.7,266.0,14.6,16.6,56.0,75.0
22.9,21.8,261.0,12.5,16.4,64.0,75.0
22.6,21.4,258.0,10.3,15.7,75.0,76.0
21.4,20.4,256.0,7.7,14.1,91.0,77.0
20.1,19.4,256.0,4.9,12.0,108.0,78.0
19.1,18.5,256.0,3.0,10.1,121.0,78.0
17.2,16.6,255.0,2.5,8.6,124.0,78.0
16.7,16.4,253.0,2.9,7.3,121.0,79.0
16.5,16.2,257.0,3.7,6.3,118.0,79.0
17.9,17.6,268.0,4.8,5.6,116.0,79.0
18.2,18.0,283.0,6.2,5.3,113.0,80.0
21.9,21.8,300.0,7.5,6.1,113.0,79.0
22.5,22.4,322.0,8.5,6.1,107.0,78.0
20.7,20.7,345.0,9.9,6.1,100.0,76.0
20.8,20.8,356.0,11.1,6.3,92.0,75.0
22.7,22.5,346.0,12.1,6.8,85.0,74.0
23.3,23.1,324.0,12.9,7.5,79.0,74.0
25.5,25.1,303.0,13.4,8.1,74.0,74.0
27.9,27.5,284.0,13.5,8.6,71.0,74.0
29.2,28.7,265.0,13.2,9.0,69.0,74.0
30.7,30.3,254.0,13.0,9.3,67.0,75.0
30.6,30.0,253.0,13.1,9.3,64.0,75.0
30.0,29.3,258.0,13.2,9.1,62.0,75.0
37.1,36.1,269.0,16.0,10.4,57.0,76.0
33.1,32.1,289.0,14.9,10.3,60.0,77.0
29.6,28.5,315.0,13.3,10.0,64.0,77.0
27.4,26.3,330.0,11.6,9.6,71.0,78.0
25.8,24.6,326.0,9.5,8.8,83.0,78.0
24.5,23.1,311.0,7.2,7.9,97.0,78.0
18.6,17.2,297.0,5.6,7.1,108.0,78.0
14.5,13.2,284.0,4.7,6.6,115.0,78.0
13.3,12.3,270.0,4.5,6.4,119.0,78.0
14.2,13.4,265.0,5.3,6.2,119.0,77.0
15.5,14.1,272.0,7.4,6.0,112.0,77.0
17.1,14.7,287.0,10.6,5.8,100.0,77.0
30.2,25.0,307.0,9.0,6.5,105.0,77.0
32.8,28.7,336.0,12.7,7.3,93.0,78.0
36.4,32.7,371.0,17.7,8.3,76.0,79.0
35.2,31.4,394.0,20.7,8.8,64.0,79.0
33.9,29.6,400.0,19.7,8.4,62.0,80.0
32.5,27.2,395.0,16.7,7.5,66.0,80.0
29.5,23.8,381.0,14.4,6.7,68.0,80.0
28.6,22.0,351.0,13.7,5.9,67.0,80.0
29.2,22.4,311.0,13.6,5.2,66.0,79.0
31.1,23.6,283.0,14.0,4.8,64.0,79.0
32.4,24.9,276.0,15.1,4.9,61.0,78.0
34.9,26.4,280.0,16.6,5.3,57.0,78.0
88.9,39.1,288.0,12.7,10.3,76.0,78.0
79.6,38.8,306.0,13.0,9.5,75.0,79.0
68.5,36.6,328.0,13.3,8.5,75.0,79.0
58.2,34.0,332.0,13.3,7.6,74.0,80.0
57.2,35.3,297.0,12.7,7.1,74.0,81.0
56.7,33.6,243.0,11.8,6.9,74.0,82.0
52.0,34.7,206.0,10.9,6.8,75.0,83.0
51.1,35.2,205.0,9.9,7.0,79.0,85.0
50.1,32.5,222.0,8.9,7.4,84.0,86.0
53.4,33.1,237.0,8.4,7.6,88.0,88.0
53.9,32.8,241.0,8.5,7.1,91.0,89.0
59.6,35.2,243.0,9.1,6.4,94.0,91.0
140.2,61.7,251.0,6.7,7.0,114.0,94.0
124.3,63.6,277.0,11.2,8.1,99.0,97.0
124.8,66.4,309.0,17.5,9.6,78.0,99.0
122.0,67.8,324.0,22.0,10.5,63.0,103.0
121.5,66.1,307.0,23.2,10.3,58.0,107.0
130.4,66.4,272.0,22.8,9.5,59.0,111.0
144.4,68.5,243.0,21.9,8.7,59.0,115.0
137.4,64.0,227.0,20.8,7.9,58.0,120.0
123.4,58.0,217.0,19.2,7.1,57.0,124.0
118.3,55.4,209.0,18.2,6.5,55.0,127.0
109.7,51.9,201.0,18.5,6.2,51.0,130.0
103.4,48.9,195.0,19.3,6.1,47.0,132.0
58.3,37.4,195.0,15.4,8.1,47.0,132.0
58.6,39.7,208.0,14.8,8.2,49.0,132.0
60.5,42.0,227.0,13.8,8.2,51.0,133.0
81.0,46.2,235.0,12.1,7.9,60.0,134.0
115.0,52.0,220.0,8.9,7.0,80.0,136.0
158.8,59.4,194.0,5.0,5.8,105.0,138.0
211.9,67.1,173.0,2.1,4.8,123.0,142.0
257.0,73.6,159.0,0.9,4.3,127.0,146.0
279.4,76.1,151.0,0.8,4.0,123.0,150.0
272.9,75.2,153.0,1.3,3.9,118.0,151.0
262.6,75.2,174.0,2.3,4.0,113.0,153.0
227.7,72.4,206.0,4.0,4.2,105.0,154.0
218.4,79.2,234.0,7.3,4.7,89.0,154.0
199.3,73.8,246.0,13.1,6.2,77.0,154.0
190.9,76.4,254.0,21.1,8.1,60.0,155.0
193.7,80.8,280.0,26.0,9.2,49.0,155.0
179.3,78.7,350.0,24.7,8.6,50.0,156.0
150.9,71.7,438.0,20.4,7.1,56.0,156.0
121.5,59.6,489.0,17.7,5.9,58.0,155.0
112.5,52.6,461.0,18.7,5.3,52.0,155.0
101.7,52.0,396.0,21.4,5.1,42.0,155.0
91.7,51.8,362.0,24.0,5.1,33.0,155.0
89.6,48.2,406.0,26.8,5.5,25.0,155.0
96.9,50.2,482.0,29.5,6.2,18.0,155.0
78.7,38.9,510.0,11.8,7.5,58.0,155.0
71.9,37.7,444.0,10.8,8.0,62.0,155.0
65.7,37.1,330.0,9.4,8.7,68.0,155.0
74.3,36.4,239.0,7.8,8.8,76.0,154.0
76.4,35.9,196.0,5.8,7.7,89.0,154.0
88.0,37.0,175.0,3.5,6.0,104.0,153.0
119.2,40.9,162.0,1.9,4.6,115.0,152.0
141.6,44.7,153.0,1.2,3.9,117.0,152.0
152.7,46.6,151.0,1.1,3.5,114.0,151.0
158.3,47.3,153.0,1.5,3.4,110.0,149.0
155.1,47.1,159.0,2.3,3.5,106.0,146.0
136.4,46.4,168.0,3.6,3.8,100.0,144.0
122.0,48.8,181.0,5.9,4.5,92.0,140.0
108.3,49.2,202.0,9.4,5.7,82.0,138.0
99.7,49.9,226.0,14.1,7.3,68.0,135.0
90.3,49.1,238.0,17.1,8.5,58.0,132.0
80.8,46.1,228.0,16.9,8.7,56.0,128.0
74.0,42.7,206.0,15.0,8.4,58.0,125.0
72.4,40.4,188.0,13.2,8.1,61.0,123.0
74.7,39.5,180.0,11.7,7.7,64.0,122.0
76.8,39.3,177.0,10.3,7.2,66.0,121.0
75.9,39.0,177.0,9.7,7.0,67.0,119.0
74.3,38.8,182.0,10.7,7.2,62.0,118.0
72.4,38.8,191.0,12.5,7.7,55.0,117.0
69.8,37.1,200.0,10.2,6.9,62.0,117.0
71.7,37.8,212.0,9.8,7.1,65.0,117.0
74.7,39.0,225.0,9.2,7.4,69.0,117.0
94.3,44.0,228.0,8.1,7.4,77.0,118.0
124.8,50.5,213.0,6.2,6.9,93.0,120.0
158.8,56.8,188.0,3.8,6.1,112.0,122.0
174.6,59.5,169.0,2.1,5.4,125.0,124.0
165.8,57.3,161.0,1.4,4.7,127.0,125.0
160.2,55.2,159.0,1.3,4.1,124.0,126.0
150.4,52.3,165.0,1.7,3.8,119.0,126.0
136.4,49.1,183.0,2.5,3.8,116.0,127.0
122.9,46.4,210.0,3.8,4.2,112.0,127.0
136.4,58.0,239.0,9.1,5.5,86.0,127.0
115.7,57.9,274.0,12.0,6.6,78.0,128.0
105.9,58.1,311.0,15.9,8.0,67.0,129.0
97.3,56.2,326.0,18.6,9.1,58.0,130.0
90.1,53.7,301.0,18.5,9.3,55.0,131.0
85.4,51.5,254.0,17.1,9.2,55.0,132.0
81.7,48.5,218.0,16.5,9.0,54.0,133.0
83.1,47.4,204.0,17.6,8.9,50.0,133.0
91.3,51.2,200.0,19.4,8.8,46.0,135.0
92.2,52.9,203.0,21.4,8.8,41.0,136.0
96.6,56.2,215.0,24.1,9.2,35.0,138.0
105.9,59.8,234.0,26.8,9.7,28.0,140.0
121.1,54.6,249.0,13.5,6.8,51.0,142.0
122.5,56.8,259.0,12.9,7.1,55.0,144.0
121.1,59.1,265.0,11.9,7.4,61.0,146.0
162.1,64.7,264.0,10.4,7.8,72.0,148.0
208.6,73.3,252.0,8.0,8.3,92.0,150.0
256.1,82.2,232.0,5.2,8.9,117.0,151.0
273.8,85.7,215.0,3.0,9.0,135.0,152.0
260.8,83.4,197.0,1.9,8.2,140.0,152.0
245.9,80.3,181.0,1.5,7.0,138.0,153.0
239.3,77.8,184.0,2.0,6.0,133.0,154.0
221.2,72.9,222.0,3.4,5.5,125.0,155.0
199.8,70.1,279.0,5.7,5.2,115.0,155.0
244.9,87.5,324.0,11.0,6.0,96.0,156.0
225.8,90.6,345.0,18.7,8.3,81.0,157.0
231.4,98.7,354.0,29.3,11.5,60.0,158.0
217.9,100.6,356.0,36.5,13.7,44.0,160.0
194.2,93.8,355.0,37.5,14.0,38.0,161.0
183.0,89.9,347.0,35.2,13.3,38.0,162.0
179.7,87.8,331.0,32.1,12.3,38.0,163.0
155.1,78.7,300.0,28.5,10.9,39.0,164.0
151.3,75.9,261.0,24.1,9.2,41.0,165.0
142.5,72.9,234.0,21.1,8.0,42.0,166.0
135.0,70.8,227.0,21.0,7.7,39.0,166.0
127.1,69.4,232.0,22.3,7.8,35.0,166.0
140.2,76.1,243.0,23.7,8.9,32.0,167.0
129.9,74.7,265.0,20.6,10.1,45.0,167.0
139.7,71.7,292.0,16.1,11.7,65.0,168.0
147.6,68.9,307.0,12.0,13.0,88.0,168.0
159.3,69.6,298.0,8.5,13.7,118.0,168.0
172.8,72.4,276.0,5.2,14.0,152.0,168.0
188.6,74.7,253.0,2.9,13.7,175.0,167.0
196.0,74.0,230.0,2.0,12.4,179.0,167.0
183.9,69.4,206.0,2.0,10.6,172.0,167.0
176.5,66.8,196.0,2.5,9.0,162.0,166.0
174.6,66.4,204.0,3.0,8.0,153.0,166.0
170.0,64.7,225.0,3.9,7.2,142.0,166.0
173.2,69.4,260.0,6.9,7.9,130.0,165.0
149.9,71.9,319.0,15.5,10.1,108.0,165.0
158.8,81.7,391.0,27.2,13.1,79.0,164.0
157.4,86.1,442.0,34.9,14.9,57.0,164.0
155.1,86.6,457.0,34.7,14.5,51.0,164.0
149.5,84.5,450.0,30.5,13.0,53.0,163.0
143.0,78.7,436.0,26.4,11.5,55.0,163.0
140.2,76.1,412.0,23.7,10.3,56.0,163.0
136.9,74.5,381.0,21.1,9.2,59.0,163.0
137.4,73.6,356.0,19.2,8.3,60.0,163.0
139.2,73.1,343.0,18.3,7.7,59.0,163.0
143.4,73.1,337.0,18.1,7.3,57.0,163.0
136.9,65.2,339.0,15.4,7.4,68.0,163.0
136.0,65.7,357.0,14.3,7.9,72.0,163.0
154.1,67.3,383.0,12.6,8.5,79.0,163.0
174.2,69.8,395.0,10.7,9.6,92.0,163.0
183.0,72.2,379.0,8.4,11.4,116.0,163.0
189.1,75.4,350.0,5.8,13.6,146.0,163.0
186.3,75.7,323.0,3.9,15.0,169.0,163.0
170.4,71.2,304.0,2.9,15.2,181.0,163.0
166.7,71.2,287.0,2.5,14.6,185.0,163.0
169.0,71.9,279.0,2.9,13.8,183.0,163.0
170.9,71.7,276.0,4.5,12.6,170.0,163.0
162.5,68.7,282.0,7.0,11.0,150.0,163.0
161.1,73.3,307.0,6.2,11.9,157.0,163.0
150.4,80.6,372.0,15.3,13.6,131.0,164.0
149.5,88.2,456.0,27.5,15.9,94.0,164.0
136.0,88.7,515.0,35.0,17.2,69.0,164.0
117.3,82.9,524.0,33.1,16.8,65.0,164.0
100.6,76.1,507.0,26.4,15.5,71.0,163.0
89.2,71.0,493.0,20.5,14.0,77.0,163.0
79.9,65.2,493.0,17.4,12.5,77.0,163.0
70.1,58.7,496.0,15.3,10.9,77.0,162.0
65.4,55.1,494.0,13.8,9.7,76.0,162.0
61.5,50.9,485.0,13.4,9.2,74.0,161.0
60.1,49.2,470.0,13.7,9.0,71.0,161.0
71.2,48.8,449.0,13.4,8.8,73.0,160.0
71.0,47.6,416.0,12.9,9.6,80.0,160.0
82.9,48.9,377.0,12.1,10.7,91.0,159.0
103.6,53.1,341.0,10.8,11.7,105.0,158.0
129.9,61.0,312.0,8.6,12.3,124.0,158.0
159.3,69.8,287.0,5.9,12.8,145.0,158.0
192.8,77.8,265.0,3.8,13.0,162.0,158.0
221.2,83.1,243.0,2.7,12.9,172.0,158.0
246.8,86.8,225.0,2.2,12.6,176.0,159.0
269.2,89.6,221.0,2.6,12.2,176.0,159.0
272.9,89.6,229.0,3.7,11.6,169.0,160.0
272.9,90.1,252.0,5.6,10.9,157.0,161.0
234.2,83.4,309.0,6.1,11.3,159.0,161.0
184.4,84.3,437.0,17.5,14.1,131.0,161.0
205.8,95.5,598.0,32.9,18.0,93.0,161.0
211.4,106.6,700.0,42.8,20.5,66.0,162.0
204.0,111.1,692.0,42.1,20.6,59.0,163.0
187.2,107.3,624.0,36.0,19.3,63.0,163.0
154.1,89.9,555.0,29.9,17.6,67.0,164.0
127.1,76.6,499.0,25.4,15.6,68.0,164.0
107.1,68.5,442.0,21.1,13.1,69.0,165.0
93.6,64.7,403.0,17.9,11.2,70.0,165.0
83.4,62.4,396.0,16.8,10.2,68.0,165.0
75.0,58.0,407.0,16.9,9.7,64.0,166.0
133.2,74.3,418.0,25.9,11.7,46.0,166.0
140.2,72.2,424.0,22.5,12.1,61.0,167.0
157.4,74.5,430.0,17.7,12.5,82.0,168.0
204.9,81.5,427.0,13.3,12.7,105.0,169.0
240.3,87.3,409.0,9.7,12.4,130.0,169.0
255.2,89.6,383.0,6.6,11.8,155.0,170.0
262.6,91.0,363.0,4.4,11.1,173.0,170.0
279.4,94.1,350.0,3.3,10.4,178.0,171.0
302.7,97.3,343.0,3.1,9.7,174.0,171.0
273.8,89.6,348.0,3.9,9.0,167.0,171.0
224.0,79.6,359.0,5.9,8.2,156.0,171.0
185.8,74.5,382.0,8.8,7.4,141.0,170.0
321.3,101.0,440.0,6.2,11.4,160.0,171.0
243.1,99.2,574.0,10.0,12.1,142.0,171.0
206.3,93.6,742.0,15.2,13.0,118.0,171.0
161.1,80.8,844.0,18.8,13.4,98.0,170.0
122.9,68.9,830.0,19.4,12.9,88.0,169.0
95.0,59.8,750.0,18.4,11.8,82.0,168.0
71.0,50.1,655.0,17.4,10.8,77.0,167.0
56.6,43.3,543.0,16.8,9.8,73.0,166.0
47.5,39.0,417.0,16.2,8.9,69.0,165.0
43.9,37.6,333.0,16.0,8.1,66.0,164.0
44.0,38.4,327.0,17.0,7.6,60.0,163.0
46.3,39.9,363.0,18.5,7.3,54.0,163.0
98.0,61.2,399.0,21.3,11.1,48.0,162.0
93.4,61.7,426.0,18.5,11.8,61.0,162.0
107.6,61.0,453.0,14.5,12.7,81.0,162.0
122.9,59.8,457.0,10.9,13.2,100.0,161.0
138.3,62.2,419.0,7.9,12.9,121.0,160.0
142.5,61.9,358.0,5.3,12.1,143.0,159.0
144.4,61.9,313.0,3.7,11.1,155.0,158.0
160.7,64.3,299.0,3.5,9.8,151.0,158.0
148.1,60.5,300.0,4.4,8.2,138.0,156.0
130.4,55.3,307.0,5.8,7.1,125.0,155.0
105.2,49.9,318.0,7.7,6.6,115.0,155.0
100.1,47.0,334.0,10.2,6.6,104.0,154.0
91.0,39.7,352.0,5.9,7.8,133.0,152.0
79.6,41.9,375.0,10.0,8.8,117.0,150.0
77.5,46.1,400.0,15.8,10.2,94.0,146.0
73.3,47.3,414.0,20.5,11.3,76.0,142.0
68.9,47.1,412.0,23.2,11.8,67.0,140.0
71.7,50.1,399.0,24.9,11.9,62.0,139.0
71.9,51.5,379.0,25.8,11.8,58.0,139.0
67.8,49.6,346.0,25.8,11.2,54.0,140.0
63.6,46.7,306.0,25.0,10.3,51.0,141.0
61.2,46.3,276.0,24.0,9.6,50.0,142.0
58.1,43.5,265.0,23.2,9.3,49.0,142.0
54.2,41.8,265.0,22.2,9.2,49.0,142.0
34.7,22.0,269.0,17.9,6.1,54.0,138.0
31.4,20.4,281.0,15.7,6.6,63.0,134.0
29.2,18.6,297.0,12.6,7.2,75.0,130.0
27.5,18.2,302.0,9.7,7.5,88.0,125.0
27.0,18.5,285.0,7.1,7.2,103.0,121.0
25.8,17.1,257.0,4.6,6.6,119.0,116.0
22.9,15.0,234.0,2.9,6.0,130.0,111.0
22.8,14.8,221.0,2.3,5.7,133.0,106.0
22.8,14.5,212.0,2.5,5.4,131.0,101.0
21.9,14.6,209.0,3.4,5.2,126.0,98.0
21.1,14.8,196.0,4.8,4.9,117.0,95.0
19.7,15.1,189.0,6.9,4.7,104.0,92.0
14.4,12.8,235.0,7.3,5.3,93.0,90.0
15.9,13.7,398.0,12.8,6.9,79.0,88.0
24.0,22.2,613.0,20.5,9.1,59.0,86.0
28.5,26.7,733.0,26.3,10.8,44.0,85.0
30.7,28.9,663.0,28.8,11.8,37.0,83.0
32.6,30.5,497.0,29.5,12.3,35.0,82.0
33.9,31.5,373.0,28.9,12.2,36.0,80.0
34.5,32.4,350.0,26.5,11.2,40.0,79.0
29.5,27.9,368.0,22.8,9.6,47.0,77.0
25.1,23.9,383.0,19.3,8.3,54.0,75.0
22.6,21.9,379.0,16.5,7.6,61.0,74.0
18.3,17.9,373.0,13.8,7.3,69.0,72.0
10.8,10.4,367.0,9.4,5.5,87.0,71.0
10.7,10.6,364.0,9.3,5.8,85.0,70.0
9.7,9.7,361.0,9.0,6.2,84.0,69.0
9.5,9.5,355.0,8.3,6.2,86.0,69.0
9.2,9.2,340.0,6.7,5.4,96.0,68.0
8.2,8.1,321.0,4.5,4.2,109.0,67.0
6.9,6.8,311.0,3.1,3.8,120.0,67.0
8.4,8.3,317.0,2.8,4.7,126.0,66.0
10.5,10.4,332.0,3.1,6.3,129.0,66.0
14.3,14.2,342.0,3.8,7.8,131.0,66.0
17.8,17.7,338.0,5.0,9.1,133.0,66.0
22.2,22.0,329.0,6.5,10.3,133.0,74.0
38.6,37.6,329.0,5.7,9.8,128.0,81.0
39.8,38.9,351.0,7.4,10.2,120.0,84.0
41.0,40.2,383.0,9.8,10.8,109.0,81.0
41.1,40.2,402.0,11.6,11.0,99.0,75.0
39.8,38.9,395.0,12.1,10.5,93.0,74.0
37.1,36.2,376.0,12.1,9.7,88.0,74.0
36.3,35.4,356.0,12.0,9.1,84.0,75.0
35.9,35.0,338.0,12.1,8.9,79.0,75.0
35.3,34.5,320.0,12.2,8.8,74.0,75.0
34.5,33.8,310.0,12.3,8.9,69.0,76.0
33.4,32.8,316.0,12.8,9.1,64.0,77.0
32.6,31.9,329.0,13.4,9.3,59.0,78.0
29.5,28.8,337.0,12.7,9.6,62.0,79.0
29.3,28.8,333.0,11.1,9.8,70.0,81.0
28.3,27.8,323.0,8.7,10.0,82.0,82.0
24.7,24.3,308.0,6.6,9.7,93.0,83.0
19.9,19.7,284.0,4.8,8.5,104.0,84.0
16.4,16.3,255.0,3.2,6.9,115.0,85.0
14.9,14.8,232.0,2.1,5.6,124.0,86.0
14.1,14.0,218.0,1.6,5.1,130.0,86.0
13.6,13.6,210.0,1.6,5.0,134.0,86.0
13.4,13.4,211.0,2.0,5.0,134.0,86.0
13.4,13.3,224.0,3.0,5.0,129.0,86.0
14.3,14.2,245.0,4.5,5.1,119.0,85.0
28.8,28.5,267.0,5.2,5.2,112.0,85.0
31.2,31.0,289.0,6.6,6.0,108.0,84.0
33.2,32.9,310.0,8.6,7.2,102.0,83.0
33.5,33.3,325.0,9.9,7.9,97.0,83.0
32.1,31.9,328.0,9.8,7.7,95.0,82.0
28.4,28.2,323.0,9.1,7.1,94.0,82.0
24.3,24.2,318.0,8.6,6.7,92.0,81.0
21.0,21.0,313.0,8.7,6.7,86.0,80.0
19.1,19.1,307.0,8.9,6.8,78.0,78.0
18.2,18.2,302.0,9.2,7.0,72.0,77.0
18.0,17.9,300.0,9.5,7.3,67.0,76.0
18.2,18.1,300.0,9.9,7.6,64.0,75.0
15.7,15.6,300.0,11.3,8.3,62.0,74.0
16.2,16.1,301.0,10.3,8.6,66.0,73.0
15.6,15.5,303.0,8.8,9.1,73.0,72.0
15.7,15.7,299.0,7.3,9.4,82.0,71.0
15.4,15.3,284.0,5.6,9.4,97.0,71.0
14.8,14.8,264.0,3.8,9.3,116.0,71.0
14.8,14.8,247.0,2.6,9.0,129.0,71.0
14.7,14.6,236.0,2.1,8.6,134.0,71.0
15.1,15.1,229.0,2.2,8.0,134.0,71.0
15.9,15.9,231.0,2.8,7.6,131.0,71.0
17.0,16.9,246.0,4.3,7.2,124.0,71.0
18.5,18.4,270.0,6.4,6.9,114.0,75.0
39.0,38.9,291.0,6.6,9.4,125.0,81.0
40.6,40.5,309.0,8.1,10.6,117.0,81.0
43.1,43.1,324.0,10.3,12.3,107.0,76.0
39.8,39.7,329.0,12.0,13.5,96.0,75.0
34.6,34.5,314.0,12.9,13.7,86.0,75.0
29.5,29.5,288.0,13.4,13.3,77.0,75.0
27.0,26.9,269.0,13.7,12.7,69.0,75.0
24.7,24.7,268.0,13.8,11.8,64.0,75.0
23.5,23.5,274.0,13.7,10.6,60.0,76.0
22.1,22.1,273.0,13.6,9.7,56.0,76.0
20.3,20.2,254.0,13.9,9.2,52.0,76.0
18.7,18.6,229.0,14.2,8.8,47.0,76.0
9.2,9.0,214.0,10.8,4.9,50.0,76.0
8.3,8.1,223.0,9.5,5.3,52.0,75.0
7.6,7.3,242.0,7.7,5.8,54.0,75.0
7.1,6.8,251.0,6.0,6.2,61.0,74.0
8.3,7.9,237.0,4.6,6.4,75.0,73.0
10.3,9.8,213.0,3.2,6.5,94.0,73.0
11.7,11.2,195.0,2.3,6.4,107.0,73.0
12.7,12.0,188.0,1.7,6.0,112.0,72.0
13.0,12.3,187.0,1.5,5.5,112.0,72.0
13.4,12.7,196.0,2.1,5.2,110.0,72.0
14.3,13.6,213.0,3.6,5.1,105.0,72.0
17.2,16.5,241.0,5.8,5.3,98.0,71.0
28.3,26.5,286.0,9.1,6.0,83.0,71.0
32.8,31.7,374.0,11.1,7.0,77.0,70.0
35.3,34.2,480.0,13.9,8.4,69.0,69.0
35.7,34.8,536.0,15.7,9.4,64.0,69.0
35.9,35.2,501.0,15.6,9.6,64.0,69.0
35.4,34.9,417.0,14.5,9.4,67.0,69.0
34.2,33.8,343.0,13.6,9.1,69.0,70.0
34.5,34.1,295.0,13.2,8.9,69.0,71.0
34.5,34.1,258.0,12.9,8.6,69.0,71.0
35.5,35.2,237.0,13.0,8.5,67.0,72.0
37.4,37.0,244.0,14.2,8.8,62.0,74.0
39.9,39.6,269.0,15.7,9.2,56.0,75.0
39.0,38.8,287.0,14.8,8.5,57.0,78.0
36.2,35.9,290.0,13.1,8.4,63.0,80.0
30.9,30.3,286.0,10.7,8.2,71.0,82.0
27.4,26.7,278.0,8.3,7.9,82.0,83.0
26.4,25.4,263.0,6.1,7.2,97.0,85.0
24.9,23.9,242.0,3.9,6.4,115.0,86.0
24.9,24.0,226.0,2.4,5.7,130.0,87.0
24.8,23.9,215.0,1.7,5.4,140.0,88.0
25.1,24.4,207.0,1.6,5.3,147.0,89.0
26.0,25.3,208.0,2.0,5.2,149.0,90.0
26.7,26.2,209.0,2.9,5.1,147.0,91.0
28.7,28.2,218.0,4.3,5.0,140.0,93.0
36.7,36.6,266.0,6.9,5.2,123.0,99.0
39.8,39.7,387.0,13.7,6.8,104.0,96.0
50.2,50.1,547.0,22.9,9.0,78.0,94.0
52.9,52.7,670.0,28.7,10.4,60.0,96.0
49.5,49.4,725.0,27.8,10.4,58.0,97.0
47.1,47.0,743.0,23.5,9.6,63.0,98.0
45.6,45.5,743.0,20.2,8.9,67.0,99.0
46.2,46.2,722.0,19.3,8.4,65.0,100.0
47.0,47.0,683.0,19.4,8.0,62.0,101.0
47.1,47.1,654.0,20.0,7.8,58.0,102.0
48.4,48.3,659.0,22.1,7.8,50.0,103.0
50.8,50.8,675.0,24.9,8.0,42.0,104.0
32.4,32.1,661.0,15.2,5.8,68.0,104.0
32.8,32.6,591.0,12.9,6.3,81.0,103.0
31.1,30.6,491.0,9.7,7.1,100.0,103.0
33.4,32.6,404.0,6.9,7.5,117.0,104.0
38.6,37.5,344.0,4.8,7.3,131.0,105.0
44.0,43.0,297.0,3.2,6.8,144.0,107.0
43.1,42.3,264.0,2.0,6.4,154.0,109.0
41.2,40.4,249.0,1.5,6.2,159.0,111.0
39.7,38.9,249.0,1.5,6.1,161.0,112.0
38.2,37.4,251.0,1.8,6.1,161.0,114.0
36.7,35.9,248.0,2.0,6.0,159.0,119.0
35.4,34.5,247.0,2.5,5.9,155.0,127.0
53.3,51.9,261.0,6.5,7.0,139.0,129.0
58.0,56.6,298.0,12.2,8.6,120.0,123.0
66.8,65.9,350.0,20.0,10.9,94.0,120.0
70.1,69.2,398.0,25.4,12.5,74.0,122.0
72.4,71.5,443.0,26.0,12.8,67.0,124.0
70.5,69.6,484.0,24.2,12.5,66.0,127.0
67.1,65.9,508.0,22.4,12.0,65.0,129.0
62.2,60.8,503.0,21.1,11.3,62.0,130.0
59.3,57.6,479.0,19.7,10.4,59.0,131.0
55.9,54.1,459.0,19.3,9.7,56.0,132.0
53.6,51.6,449.0,21.3,9.5,49.0,132.0
54.1,51.9,442.0,24.2,9.6,41.0,133.0
44.4,42.8,434.0,20.0,6.4,54.0,134.0
43.3,41.8,425.0,17.7,7.1,63.0,135.0
41.3,40.0,414.0,14.5,8.0,76.0,136.0
41.6,40.6,397.0,11.4,8.6,90.0,136.0
42.3,41.0,367.0,8.8,8.8,106.0,137.0
42.5,40.9,330.0,6.3,8.7,124.0,137.0
41.9,39.3,299.0,4.5,8.5,138.0,136.0
41.0,37.5,278.0,3.4,8.0,148.0,136.0
40.6,36.8,263.0,2.8,7.4,156.0,136.0
39.1,35.2,258.0,3.0,6.9,158.0,136.0
37.6,33.9,264.0,3.2,6.4,155.0,135.0
36.2,32.7,281.0,4.1,6.0,146.0,135.0
36.0,33.5,310.0,9.2,5.6,112.0,133.0
36.8,34.7,360.0,12.1,6.6,101.0,131.0
39.8,38.1,423.0,16.3,8.0,85.0,128.0
43.4,42.0,471.0,19.8,9.3,71.0,125.0
49.0,47.8,498.0,22.1,10.3,62.0,123.0
51.7,50.5,510.0,23.8,11.3,54.0,121.0
54.2,53.1,505.0,25.1,11.8,48.0,119.0
57.5,56.6,471.0,26.0,11.7,42.0,119.0
58.9,57.9,419.0,26.5,11.3,36.0,119.0
59.3,58.3,377.0,26.8,10.9,32.0,119.0
60.5,59.6,359.0,27.5,10.8,27.0,120.0
61.5,60.5,351.0,28.0,10.7,23.0,121.0
56.6,55.9,342.0,28.0,14.8,36.0,123.0
56.9,56.2,325.0,22.4,14.0,59.0,124.0
48.9,48.1,306.0,14.7,12.9,91.0,125.0
35.2,34.3,290.0,8.5,11.7,120.0,124.0
31.1,30.0,279.0,5.3,10.3,141.0,123.0
31.1,30.0,271.0,3.6,8.8,159.0,122.0
30.6,29.6,267.0,2.5,7.7,172.0,121.0
31.7,30.6,267.0,2.0,7.3,179.0,120.0
32.0,31.0,270.0,2.1,7.2,182.0,120.0
32.0,31.0,279.0,2.4,7.2,182.0,127.0
31.5,30.6,289.0,2.0,6.7,182.0,147.0
31.3,30.4,303.0,1.7,6.3,179.0,157.0
20.1,19.3,335.0,5.7,5.3,136.0,156.0
21.9,21.5,388.0,10.0,6.5,118.0,149.0
26.8,26.6,459.0,15.9,8.2,93.0,133.0
29.2,29.0,549.0,19.6,9.2,76.0,113.0
27.1,27.0,683.0,18.7,9.1,74.0,111.0
26.9,26.7,837.0,15.5,8.3,80.0,109.0
28.8,28.6,933.0,13.8,7.7,82.0,106.0
31.9,31.7,934.0,15.3,7.5,74.0,103.0
34.8,34.7,879.0,18.2,7.5,61.0,101.0
37.4,37.3,805.0,20.4,7.5,52.0,99.0
37.5,37.4,715.0,21.5,7.4,48.0,97.0
39.3,39.2,606.0,21.8,7.4,47.0,96.0
33.1,32.7,510.0,15.8,7.3,71.0,94.0
33.6,33.3,437.0,13.3,7.7,82.0,92.0
33.6,32.9,376.0,9.9,8.2,98.0,91.0
31.0,29.9,327.0,6.9,8.3,113.0,90.0
27.6,26.5,291.0,4.8,7.5,127.0,90.0
25.1,24.2,266.0,3.1,6.3,140.0,90.0
23.7,22.7,252.0,2.0,5.3,149.0,89.0
23.2,22.2,247.0,1.4,4.9,154.0,89.0
22.2,21.4,252.0,1.3,4.7,154.0,88.0
21.5,20.7,265.0,1.8,4.6,152.0,98.0
20.8,20.0,288.0,2.6,4.4,146.0,108.0
19.5,18.8,318.0,4.0,4.2,137.0,113.0
32.8,31.1,349.0,6.0,4.4,117.0,111.0
35.3,34.0,382.0,8.9,5.6,107.0,104.0
37.6,36.4,416.0,12.9,7.3,93.0,92.0
36.9,35.9,434.0,15.6,8.5,83.0,88.0
34.9,34.0,427.0,15.8,8.8,80.0,89.0
33.3,32.5,405.0,14.8,8.6,80.0,89.0
31.7,30.9,382.0,13.8,8.4,80.0,90.0
30.2,29.5,361.0,13.2,8.3,79.0,89.0
29.2,28.6,339.0,12.5,8.1,78.0,89.0
29.0,28.3,324.0,12.1,8.0,76.0,88.0
29.0,28.3,322.0,12.2,8.1,72.0,88.0
29.0,28.2,327.0,12.5,8.4,68.0,87.0
28.5,27.6,328.0,11.9,8.1,71.0,86.0
27.9,27.2,320.0,10.4,8.1,78.0,86.0
27.2,26.4,309.0,8.3,8.0,87.0,85.0
24.6,23.7,295.0,6.3,7.6,98.0,85.0
21.5,20.7,277.0,4.6,6.7,111.0,84.0
18.8,18.2,257.0,3.1,5.6,126.0,84.0
17.1,16.5,243.0,2.1,4.6,135.0,83.0
15.8,15.4,236.0,1.7,4.0,135.0,83.0
15.5,15.1,234.0,1.8,3.5,130.0,82.0
14.7,14.4,239.0,2.3,3.3,124.0,82.0
14.5,14.2,258.0,3.4,3.3,116.0,81.0
15.1,14.9,285.0,4.8,3.6,107.0,81.0
28.4,27.4,303.0,5.2,4.2,109.0,81.0
27.6,27.1,304.0,6.1,4.8,107.0,80.0
27.3,26.7,296.0,7.3,5.6,104.0,80.0
26.3,25.8,290.0,8.2,6.2,101.0,79.0
24.6,24.2,291.0,8.5,6.5,98.0,78.0
22.9,22.6,293.0,8.5,6.6,95.0,77.0
21.4,21.1,291.0,8.5,6.8,92.0,76.0
20.4,20.1,279.0,8.5,7.1,88.0,76.0
19.7,19.3,261.0,8.5,7.5,84.0,75.0
19.3,19.0,250.0,8.6,7.9,80.0,74.0
19.0,18.7,250.0,9.1,8.4,75.0,73.0
18.1,17.8,255.0,9.7,9.0,70.0,73.0
19.0,18.7,260.0,9.8,9.1,67.0,72.0
18.7,18.5,263.0,8.8,9.6,70.0,71.0
17.8,17.4,265.0,7.4,10.1,75.0,71.0
16.4,15.9,264.0,6.0,10.4,81.0,70.0
16.8,15.9,258.0,4.8,10.0,88.0,70.0
15.5,14.4,250.0,3.7,9.3,95.0,69.0
15.3,14.3,242.0,2.9,8.6,101.0,69.0
15.5,14.4,235.0,2.4,8.1,106.0,69.0
15.4,14.4,229.0,2.2,7.7,110.0,69.0
16.5,15.4,229.0,2.4,7.4,112.0,69.0
18.4,17.2,238.0,3.2,7.2,111.0,69.0
19.8,18.7,253.0,4.5,7.1,108.0,70.0
31.1,29.6,270.0,4.9,7.6,127.0,70.0
31.4,30.2,291.0,6.1,8.1,120.0,70.0
31.4,30.3,314.0,7.8,8.7,110.0,70.0
30.4,29.4,329.0,9.1,9.2,102.0,71.0
29.1,28.1,328.0,9.4,9.3,98.0,71.0
28.3,27.4,319.0,9.3,9.3,97.0,71.0
28.2,27.1,310.0,9.2,9.3,95.0,72.0
28.2,27.1,306.0,9.2,9.5,92.0,72.0
28.3,27.1,302.0,9.2,9.7,90.0,73.0
28.3,27.1,296.0,9.5,10.1,86.0,74.0
28.5,27.3,283.0,10.3,10.6,80.0,74.0
28.9,27.6,267.0,11.4,11.2,74.0,75.0
28.8,27.8,259.0,12.0,10.9,71.0,76.0
30.5,29.5,269.0,11.3,11.6,74.0,77.0
31.1,29.9,287.0,10.2,12.6,80.0,78.0
31.9,30.7,296.0,8.9,13.4,88.0,79.0
32.0,30.9,287.0,7.1,13.9,102.0,80.0
30.6,29.6,269.0,5.1,14.2,119.0,81.0
28.9,28.1,256.0,3.6,14.2,133.0,82.0
28.6,27.8,251.0,2.7,13.6,145.0,83.0
29.2,28.5,250.0,2.2,12.6,154.0,84.0
30.7,30.0,255.0,2.5,11.7,157.0,85.0
31.7,31.1,267.0,3.9,11.0,151.0,90.0
32.5,31.9,284.0,6.1,10.4,139.0,101.0
26.2,25.6,303.0,5.0,9.0,135.0,108.0
31.4,31.0,324.0,9.5,10.3,119.0,108.0
36.9,36.6,346.0,15.7,12.0,97.0,100.0
38.6,38.3,367.0,19.8,13.3,81.0,89.0
39.2,39.0,393.0,19.8,13.7,78.0,89.0
40.0,39.7,418.0,17.6,13.7,81.0,90.0
40.5,40.2,420.0,15.4,13.4,84.0,91.0
39.6,39.2,376.0,13.6,12.6,87.0,92.0
37.7,37.4,308.0,11.8,11.6,90.0,93.0
35.7,35.5,265.0,10.7,10.8,91.0,94.0
34.5,34.2,272.0,11.0,10.5,88.0,94.0
34.5,34.2,303.0,11.9,10.6,83.0,95.0
22.8,22.6,329.0,10.6,7.1,77.0,94.0
20.9,20.8,340.0,10.3,7.8,78.0,94.0
19.4,19.3,345.0,9.7,8.8,79.0,93.0
21.0,20.8,344.0,8.8,9.4,85.0,92.0
23.2,22.7,335.0,7.1,9.4,98.0,92.0
23.9,23.2,319.0,5.0,9.1,116.0,91.0
24.2,23.1,304.0,3.3,8.6,130.0,91.0
24.2,22.8,290.0,2.4,7.9,139.0,90.0
24.9,23.3,277.0,2.1,7.1,145.0,90.0
25.3,23.3,268.0,2.0,6.4,148.0,89.0
25.0,22.8,262.0,1.7,5.9,149.0,89.0
25.4,22.8,260.0,1.7,5.7,147.0,95.0
25.6,21.0,275.0,5.6,4.8,104.0,96.0
32.1,28.2,320.0,10.7,6.5,92.0,91.0
38.8,35.4,381.0,17.6,8.8,75.0,87.0
41.8,39.2,426.0,21.8,10.5,64.0,87.0
42.1,40.5,446.0,20.6,11.0,66.0,87.0
44.1,43.0,451.0,16.6,10.9,75.0,88.0
45.3,44.5,435.0,13.5,10.7,81.0,88.0
46.4,45.9,383.0,12.9,10.8,79.0,89.0
47.1,46.3,310.0,13.1,10.8,75.0,89.0
47.0,46.1,263.0,13.2,10.6,71.0,90.0
44.8,43.5,268.0,12.7,9.9,68.0,91.0
39.7,37.8,299.0,12.0,9.0,67.0,91.0
39.5,37.3,317.0,16.0,11.4,52.0,92.0
40.3,38.0,306.0,14.2,11.7,62.0,94.0
39.3,36.2,284.0,11.7,12.0,76.0,95.0
35.5,31.5,261.0,9.2,12.0,92.0,96.0
32.4,28.8,241.0,6.8,11.2,113.0,96.0
31.3,28.1,221.0,4.4,10.1,136.0,97.0
31.3,28.4,207.0,2.9,9.1,151.0,97.0
30.9,28.3,200.0,2.6,8.4,154.0,98.0
29.7,27.4,198.0,3.1,7.8,148.0,98.0
28.9,26.9,206.0,4.0,7.4,142.0,98.0
27.1,25.5,226.0,5.2,7.2,136.0,98.0
25.8,24.4,255.0,6.8,7.1,129.0,102.0
23.4,22.0,291.0,6.5,5.5,113.0,102.0
28.4,27.5,340.0,9.9,6.7,100.0,98.0
31.3,30.5,396.0,14.5,8.2,82.0,98.0
31.9,31.1,433.0,17.4,9.1,69.0,97.0
30.7,29.8,443.0,16.8,8.5,67.0,97.0
28.2,27.1,435.0,14.4,7.2,69.0,95.0
27.0,26.0,407.0,12.6,6.3,71.0,94.0
26.4,25.5,345.0,12.4,6.3,69.0,92.0
26.5,25.4,265.0,12.7,6.6,66.0,91.0
27.0,26.1,209.0,13.0,6.9,63.0,89.0
24.4,23.5,201.0,13.0,6.9,61.0,88.0
25.3,24.4,218.0,12.9,6.8,60.0,86.0
32.5,31.1,238.0,15.3,6.5,54.0,86.0
30.5,29.3,257.0,15.5,6.5,55.0,85.0
28.9,27.7,279.0,15.7,6.5,56.0,85.0
27.5,26.4,290.0,14.9,6.5,62.0,84.0
24.6,23.5,282.0,12.3,6.5,76.0,84.0
23.3,22.4,264.0,8.8,6.4,95.0,83.0
22.2,21.2,250.0,6.0,6.5,112.0,83.0
20.9,19.7,244.0,4.6,6.8,125.0,82.0
21.6,20.4,242.0,4.0,7.1,136.0,82.0
22.4,21.1,248.0,4.0,7.4,142.0,81.0
21.9,20.9,264.0,4.6,7.5,141.0,81.0
20.5,19.6,288.0,5.7,7.4,135.0,80.0
27.8,25.9,318.0,7.6,9.8,120.0,81.0
31.4,30.0,361.0,12.6,11.3,103.0,82.0
35.9,34.7,410.0,19.5,13.2,79.0,81.0
38.8,37.7,444.0,24.6,14.6,60.0,82.0
38.5,37.5,454.0,26.1,14.9,50.0,82.0
38.0,36.8,448.0,25.7,14.5,46.0,83.0
36.0,34.8,430.0,24.8,13.8,43.0,84.0
32.5,31.2,395.0,23.5,12.7,42.0,84.0
30.2,28.8,349.0,21.7,11.3,43.0,84.0
27.2,26.0,309.0,20.0,10.1,44.0,84.0
18.6,17.5,282.0,18.7,9.2,45.0,84.0
15.8,15.1,262.0,17.4,8.5,47.0,83.0
16.6,15.3,252.0,12.6,6.2,63.0,82.0
14.0,12.9,260.0,12.2,6.6,65.0,81.0
11.9,11.1,278.0,11.5,7.2,68.0,79.0
10.3,9.7,288.0,10.4,7.4,73.0,78.0
9.0,8.4,282.0,8.5,7.0,83.0,77.0
7.5,7.0,268.0,6.1,6.2,95.0,76.0
6.5,6.2,255.0,4.4,5.5,104.0,75.0
6.2,6.0,243.0,3.7,5.2,110.0,73.0
5.9,5.7,232.0,3.5,4.9,113.0,72.0
6.2,6.1,236.0,4.1,4.8,113.0,71.0
6.9,6.8,264.0,5.2,4.6,108.0,70.0
8.4,8.3,306.0,7.0,4.5,100.0,69.0
20.5,19.9,345.0,9.9,5.2,100.0,69.0
24.7,24.4,380.0,13.1,6.5,90.0,68.0
27.7,27.4,412.0,17.6,8.2,75.0,68.0
29.4,29.2,431.0,21.1,9.4,63.0,67.0
31.8,31.7,430.0,22.9,9.7,56.0,67.0
32.5,32.4,416.0,23.7,9.5,52.0,66.0
33.9,33.6,395.0,23.6,9.1,50.0,66.0
33.6,33.5,364.0,22.3,8.6,51.0,66.0
32.7,32.5,327.0,20.0,8.1,54.0,67.0
29.5,29.3,299.0,18.1,7.6,56.0,67.0
23.7,23.5,286.0,16.9,7.4,56.0,67.0
22.5,22.2,283.0,16.0,7.3,54.0,68.0
23.6,23.3,288.0,17.2,6.5,49.0,68.0
25.2,24.9,308.0,16.7,6.7,51.0,69.0
22.8,22.5,336.0,16.0,7.0,53.0,70.0
20.6,20.3,352.0,15.1,7.1,57.0,71.0
20.6,20.3,342.0,13.9,6.9,63.0,72.0
20.1,19.6,320.0,12.5,6.4,71.0,73.0
19.1,18.4,300.0,11.1,6.0,79.0,74.0
18.4,17.5,285.0,9.6,5.6,87.0,75.0
17.6,16.4,273.0,8.2,5.3,95.0,76.0
17.1,15.6,272.0,7.5,5.0,99.0,77.0
16.5,15.0,287.0,7.8,4.8,98.0,77.0
15.9,14.4,312.0,8.8,4.7,92.0,78.0
20.0,17.9,339.0,11.4,6.2,84.0,78.0
23.1,21.5,370.0,14.3,7.2,75.0,77.0
24.3,22.8,403.0,18.2,8.5,64.0,77.0
25.7,24.2,421.0,20.7,9.4,55.0,77.0
26.5,25.1,412.0,20.5,9.3,53.0,76.0
25.6,24.3,386.0,18.9,8.8,54.0,75.0
22.6,21.4,363.0,17.2,8.2,56.0,74.0
21.5,20.5,345.0,15.7,7.7,57.0,73.0
19.1,18.2,329.0,14.3,7.2,58.0,72.0
18.2,17.5,319.0,13.4,7.0,58.0,71.0
18.3,17.6,322.0,13.9,7.5,54.0,71.0
20.8,20.1,331.0,15.1,8.3,49.0,71.0
38.9,35.4,332.0,20.9,9.2,32.0,72.0
40.5,37.6,313.0,17.4,9.4,45.0,73.0
37.1,32.8,285.0,12.6,9.7,63.0,73.0
33.8,28.0,266.0,8.5,9.7,81.0,74.0
33.1,27.3,264.0,5.8,9.2,100.0,75.0
31.5,26.5,270.0,3.8,8.4,120.0,75.0
31.8,27.0,275.0,2.5,7.7,134.0,76.0
33.8,28.8,275.0,1.9,7.4,140.0,77.0
36.0,31.0,274.0,2.0,7.2,139.0,78.0
39.7,34.1,279.0,2.6,7.1,137.0,79.0
41.3,35.7,288.0,3.7,7.0,133.0,81.0
39.5,34.6,303.0,5.3,7.1,127.0,86.0
34.2,26.4,329.0,6.8,6.5,112.0,88.0
38.2,31.7,384.0,12.7,8.4,96.0,84.0
44.7,39.0,450.0,20.8,11.0,75.0,85.0
47.3,42.5,486.0,26.1,12.7,59.0,87.0
45.8,41.8,461.0,26.3,12.5,55.0,88.0
43.0,39.9,405.0,23.8,11.4,56.0,89.0
40.0,37.6,363.0,21.1,10.3,59.0,91.0
38.6,36.6,354.0,18.9,9.4,62.0,92.0
37.1,35.3,360.0,16.5,8.6,66.0,93.0
37.8,36.2,362.0,14.9,8.1,69.0,95.0
39.0,37.5,352.0,14.9,8.1,66.0,96.0
40.4,39.0,340.0,15.5,8.5,62.0,98.0
46.6,46.3,338.0,14.1,9.9,71.0,99.0
48.4,48.3,361.0,11.9,10.0,85.0,99.0
42.8,42.7,395.0,8.9,10.0,104.0,100.0
38.5,38.3,412.0,6.3,9.8,120.0,101.0
31.8,31.5,393.0,4.7,9.0,129.0,102.0
28.9,28.7,356.0,3.5,7.9,135.0,102.0
25.6,25.3,327.0,2.7,7.1,140.0,102.0
24.4,24.2,314.0,2.1,6.8,146.0,101.0
24.2,24.0,308.0,1.9,6.8,152.0,101.0
23.2,22.9,307.0,2.1,6.8,154.0,100.0
22.5,22.3,309.0,2.7,6.7,153.0,107.0
21.8,21.5,317.0,3.7,6.7,149.0,113.0
28.5,28.1,337.0,5.8,6.1,124.0,112.0
30.4,30.0,382.0,9.0,7.2,112.0,107.0
33.4,33.1,440.0,13.3,8.8,95.0,97.0
34.9,34.5,478.0,16.4,9.9,82.0,96.0
34.7,34.3,481.0,16.9,10.1,77.0,96.0
32.8,32.5,464.0,16.1,9.9,75.0,95.0
30.2,29.9,442.0,15.2,9.5,74.0,95.0
27.0,26.8,414.0,14.4,9.1,73.0,94.0
24.2,24.0,381.0,13.4,8.5,72.0,93.0
22.1,22.1,356.0,12.9,8.2,70.0,92.0
21.1,21.0,348.0,13.6,8.2,65.0,91.0
20.5,20.5,349.0,14.7,8.4,58.0,89.0
18.3,18.3,351.0,13.3,8.2,64.0,87.0
19.2,19.0,354.0,11.4,8.6,74.0,85.0
20.0,19.8,358.0,8.8,9.1,89.0,83.0
19.7,19.7,353.0,6.4,9.2,103.0,81.0
18.2,18.0,329.0,4.6,8.6,115.0,80.0
17.2,16.9,296.0,3.1,7.5,126.0,79.0
17.3,17.0,273.0,2.1,6.7,135.0,79.0
17.6,17.3,267.0,1.5,6.4,142.0,78.0
18.0,17.8,271.0,1.4,6.2,146.0,78.0
18.7,18.5,278.0,1.7,6.2,146.0,80.0
18.9,18.7,282.0,2.6,6.1,141.0,91.0
20.5,20.3,289.0,3.9,6.1,131.0,97.0
24.4,24.2,308.0,4.8,8.0,130.0,100.0
28.4,28.2,353.0,6.7,9.1,122.0,99.0
32.6,32.4,410.0,9.2,10.7,110.0,94.0
36.0,35.7,447.0,11.1,11.8,100.0,85.0
38.5,38.3,447.0,11.7,12.1,95.0,77.0
40.2,39.8,427.0,11.5,11.9,92.0,77.0
40.5,40.0,411.0,11.3,11.6,89.0,78.0
39.8,39.2,407.0,11.1,11.2,86.0,79.0
38.5,37.8,406.0,10.7,10.6,82.0,80.0
36.8,36.1,408.0,10.6,10.2,79.0,81.0
35.3,34.5,415.0,11.1,10.2,74.0,82.0
34.1,33.3,424.0,11.7,10.3,70.0,83.0
34.7,33.5,425.0,12.1,10.3,71.0,85.0
34.5,33.4,414.0,11.0,11.1,79.0,86.0
35.3,34.2,395.0,9.3,12.1,91.0,87.0
35.7,34.3,374.0,7.6,12.9,106.0,88.0
35.7,34.2,350.0,5.7,13.1,126.0,89.0
35.5,34.0,324.0,3.8,13.0,149.0,91.0
33.8,32.5,305.0,2.4,12.7,164.0,92.0
31.0,29.9,297.0,1.9,12.1,166.0,93.0
28.2,27.5,297.0,1.9,11.2,161.0,94.0
27.6,27.0,302.0,2.4,10.5,155.0,104.0
27.4,27.0,311.0,3.2,10.0,150.0,117.0
27.9,27.5,325.0,4.4,9.7,144.0,125.0
55.1,54.6,350.0,8.3,10.7,124.0,125.0
53.4,53.1,399.0,10.5,11.7,114.0,117.0
52.9,52.5,459.0,13.5,13.0,101.0,104.0
51.2,51.0,494.0,15.4,13.9,91.0,103.0
48.3,48.1,485.0,15.2,14.2,88.0,104.0
45.9,45.6,452.0,13.9,14.0,88.0,105.0
43.5,43.2,412.0,12.9,13.8,87.0,105.0
41.8,41.4,363.0,12.9,13.4,83.0,106.0
41.0,40.6,309.0,13.1,12.9,77.0,106.0
40.4,39.9,278.0,13.3,12.6,72.0,106.0
40.5,40.0,290.0,13.1,12.8,69.0,107.0
41.0,40.4,326.0,12.9,13.3,66.0,108.0
25.4,25.3,356.0,10.8,6.4,78.0,107.0
23.1,23.0,372.0,10.2,6.3,82.0,106.0
20.3,20.3,383.0,9.4,6.3,88.0,104.0
20.1,20.0,379.0,8.2,6.4,98.0,103.0
22.8,22.4,350.0,6.3,6.9,117.0,102.0
27.8,27.0,306.0,4.0,7.6,139.0,101.0
30.3,29.3,275.0,2.4,7.9,156.0,100.0
31.8,30.9,266.0,1.8,7.5,162.0,101.0
31.5,30.5,268.0,1.8,6.8,162.0,101.0
30.3,29.3,280.0,2.4,6.2,158.0,101.0
28.3,27.4,303.0,3.3,5.6,150.0,109.0
26.0,25.2,335.0,4.7,5.1,137.0,118.0
41.4,40.3,365.0,6.8,6.0,124.0,119.0
42.4,41.7,385.0,10.4,7.3,110.0,113.0
43.5,42.8,404.0,15.3,9.0,90.0,99.0
44.9,44.5,431.0,19.1,10.4,75.0,97.0
45.6,45.2,481.0,20.6,11.1,69.0,97.0
45.5,45.1,540.0,20.9,11.3,67.0,97.0
45.1,44.6,578.0,21.1,11.4,64.0,97.0
44.9,44.5,579.0,21.3,11.1,60.0,97.0
46.3,45.9,560.0,21.4,10.6,55.0,98.0
49.4,48.8,542.0,22.4,10.5,49.0,99.0
54.5,54.0,537.0,25.9,10.9,38.0,100.0
60.1,59.5,532.0,30.3,11.7,27.0,102.0
45.6,45.1,513.0,13.2,9.0,72.0,104.0
49.1,48.7,466.0,12.2,10.1,84.0,106.0
46.3,45.6,405.0,10.8,11.6,101.0,109.0
44.9,44.1,354.0,9.1,12.5,120.0,112.0
44.2,43.3,321.0,6.9,12.2,143.0,114.0
41.8,40.9,297.0,4.5,11.2,167.0,115.0
41.6,40.7,283.0,2.7,10.2,184.0,116.0
41.7,40.9,279.0,1.9,9.3,190.0,117.0
39.9,39.1,285.0,1.8,8.4,188.0,118.0
38.4,37.7,301.0,2.2,7.7,183.0,138.0
38.5,37.8,313.0,3.0,7.3,176.0,153.0
36.2,35.5,335.0,4.4,7.2,166.0,160.0
18.0,18.0,410.0,5.8,7.0,137.0,159.0
27.2,27.1,603.0,20.3,12.2,113.0,151.0
43.0,42.8,848.0,40.0,19.3,80.0,129.0
58.3,58.2,996.0,53.3,23.9,54.0,119.0
64.5,64.3,959.0,54.1,23.7,43.0,121.0
61.5,61.2,823.0,48.4,21.0,40.0,123.0
57.7,57.7,702.0,42.8,18.5,38.0,124.0
54.6,54.5,631.0,39.1,16.9,37.0,125.0
52.2,52.2,574.0,35.4,15.4,38.0,126.0
48.5,48.4,531.0,32.9,14.3,38.0,126.0
50.8,50.6,507.0,33.1,13.6,33.0,125.0
52.3,52.2,499.0,34.5,13.2,27.0,124.0
54.7,54.4,494.0,43.9,15.5,18.0,125.0
60.1,59.8,496.0,36.0,15.5,46.0,127.0
49.8,49.5,501.0,25.0,15.6,85.0,127.0
40.5,40.3,491.0,15.7,15.3,120.0,127.0
34.0,33.9,451.0,9.9,14.6,146.0,126.0
32.6,32.4,396.0,5.7,13.7,168.0,125.0
32.2,31.9,345.0,3.0,12.7,183.0,124.0
31.3,31.0,303.0,1.7,11.7,188.0,123.0
30.4,30.0,265.0,1.8,10.8,186.0,122.0
30.2,29.7,244.0,2.7,10.0,179.0,133.0
27.3,27.0,240.0,4.0,9.3,166.0,151.0
25.4,25.1,252.0,6.1,8.8,147.0,155.0
28.8,28.4,288.0,13.0,10.2,125.0,151.0
32.0,31.8,368.0,14.8,10.8,114.0,140.0
35.0,34.8,470.0,17.2,11.7,98.0,122.0
35.2,34.9,542.0,18.5,12.0,87.0,117.0
36.6,36.3,558.0,17.5,11.5,84.0,114.0
35.7,35.6,543.0,15.3,10.5,84.0,112.0
32.1,32.0,515.0,13.4,9.5,84.0,109.0
30.4,30.3,473.0,12.2,8.6,82.0,106.0
28.9,28.8,418.0,11.3,7.8,80.0,104.0
26.1,26.0,366.0,10.8,7.3,78.0,102.0
22.7,22.6,316.0,10.9,7.2,74.0,99.0
20.7,20.6,270.0,11.4,7.4,71.0,96.0
25.6,25.5,246.0,10.6,7.2,80.0,94.0
24.8,24.7,261.0,11.1,7.8,80.0,91.0
21.2,21.1,299.0,11.6,8.6,81.0,89.0
19.4,19.4,328.0,11.3,9.1,87.0,88.0
19.6,19.5,334.0,9.4,9.0,104.0,86.0
19.2,19.1,331.0,6.6,8.7,127.0,85.0
19.5,19.4,331.0,4.4,8.2,145.0,84.0
20.4,20.4,336.0,3.4,7.7,156.0,84.0
20.5,20.4,344.0,3.0,7.1,164.0,83.0
20.3,20.3,356.0,3.1,6.5,165.0,85.0
19.9,19.8,372.0,3.4,5.8,159.0,102.0
19.7,19.7,393.0,4.2,5.1,147.0,115.0
20.5,20.4,424.0,8.0,4.6,106.0,115.0
23.2,23.1,476.0,11.1,5.7,94.0,108.0
26.1,26.0,539.0,15.4,7.2,78.0,94.0
28.9,28.8,585.0,19.2,8.5,64.0,79.0
31.7,31.5,601.0,22.3,9.5,54.0,78.0
36.0,36.0,600.0,24.9,10.3,46.0,78.0
39.3,39.1,592.0,26.3,10.7,40.0,79.0
40.0,39.7,579.0,25.8,10.6,38.0,80.0
40.7,40.4,560.0,24.1,10.0,39.0,80.0
40.9,40.5,540.0,22.8,9.6,39.0,82.0
39.8,39.5,522.0,23.2,9.4,35.0,83.0
39.9,39.3,503.0,23.9,9.2,31.0,84.0
39.3,38.8,488.0,26.3,9.1,25.0,85.0
41.1,40.6,483.0,22.7,9.3,42.0,87.0
38.4,38.2,481.0,17.6,9.5,66.0,88.0
31.8,31.7,462.0,12.8,9.2,90.0,89.0
24.4,24.2,408.0,8.7,8.1,115.0,89.0
23.0,22.6,337.0,5.0,6.6,141.0,90.0
22.8,22.1,287.0,2.4,5.4,160.0,90.0
23.0,22.2,275.0,1.3,4.8,168.0,90.0
23.0,22.1,285.0,1.2,4.6,169.0,90.0
22.6,21.7,302.0,2.1,4.6,165.0,95.0
22.5,21.5,320.0,3.7,4.5,154.0,114.0
22.7,21.8,346.0,6.1,4.6,138.0,124.0
20.7,19.4,384.0,5.2,4.8,143.0,130.0
27.6,26.6,448.0,10.2,6.4,124.0,126.0
33.3,32.4,525.0,17.1,8.6,99.0,113.0
35.3,34.3,583.0,21.7,9.9,79.0,94.0
39.7,38.6,611.0,21.9,9.6,72.0,92.0
39.9,38.8,620.0,19.9,8.5,71.0,92.0
32.7,31.8,610.0,18.1,7.5,70.0,92.0
28.8,28.1,574.0,17.2,6.9,67.0,91.0
26.1,25.5,520.0,16.4,6.5,63.0,90.0
24.8,24.2,470.0,15.9,6.3,61.0,89.0
26.9,26.2,430.0,15.9,6.4,59.0,87.0
29.0,28.2,394.0,16.1,6.8,57.0,87.0
18.0,17.5,368.0,11.0,4.4,74.0,85.0
19.1,18.6,355.0,10.6,5.0,77.0,83.0
20.9,20.3,352.0,9.9,5.8,82.0,82.0
22.7,21.7,349.0,8.8,6.3,90.0,81.0
25.1,23.7,344.0,6.9,6.3,105.0,81.0
26.7,25.3,339.0,4.6,6.0,124.0,81.0
25.8,24.6,335.0,3.3,5.7,134.0,81.0
26.1,25.0,330.0,3.7,5.4,130.0,82.0
23.3,22.6,325.0,5.1,5.1,117.0,82.0
22.4,21.8,325.0,6.6,5.1,107.0,82.0
23.3,22.9,328.0,7.6,5.4,103.0,82.0
23.5,23.1,336.0,8.8,5.9,101.0,82.0
17.2,16.9,357.0,9.1,4.9,105.0,82.0
19.7,19.4,407.0,12.8,6.3,92.0,81.0
26.4,26.3,470.0,18.0,8.3,74.0,81.0
29.7,29.5,514.0,22.2,10.0,59.0,80.0
32.7,32.5,527.0,24.6,11.1,50.0,80.0
36.4,36.2,520.0,26.0,11.8,44.0,80.0
38.9,38.6,497.0,26.4,12.0,41.0,80.0
38.5,38.4,448.0,25.3,11.6,42.0,81.0
36.8,36.6,384.0,23.1,10.7,46.0,82.0
33.6,33.4,333.0,21.1,9.8,50.0,82.0
33.2,32.8,310.0,19.7,9.0,51.0,83.0
30.4,29.7,300.0,18.5,8.2,51.0,83.0
22.5,21.9,298.0,11.6,5.8,75.0,83.0
22.8,21.9,306.0,11.2,6.3,79.0,84.0
20.8,19.3,321.0,10.6,7.0,85.0,84.0
22.8,17.1,324.0,9.6,7.7,92.0,83.0
43.8,20.1,301.0,7.9,8.3,102.0,83.0
54.5,22.6,266.0,5.9,8.8,113.0,83.0
57.2,23.7,241.0,4.3,9.1,123.0,83.0
56.5,24.0,232.0,3.3,9.1,131.0,83.0
56.2,24.2,233.0,2.9,8.9,137.0,83.0
56.8,25.0,251.0,3.1,8.7,139.0,83.0
55.3,25.6,298.0,4.4,8.5,135.0,83.0
51.5,25.5,361.0,6.4,8.4,127.0,83.0
78.5,34.0,409.0,6.5,10.0,124.0,85.0
68.9,38.4,430.0,12.7,11.7,105.0,86.0
76.6,46.1,436.0,21.0,13.9,79.0,88.0
68.2,45.5,431.0,26.3,14.9,60.0,89.0
59.0,41.9,413.0,25.5,13.5,55.0,90.0
50.3,36.8,385.0,21.7,10.8,57.0,90.0
43.0,33.6,357.0,18.1,8.4,59.0,89.0
36.8,29.0,332.0,15.9,6.9,60.0,89.0
33.4,26.4,307.0,13.9,5.6,62.0,88.0
31.1,24.5,286.0,12.5,4.8,63.0,87.0
29.9,23.7,267.0,11.8,4.4,63.0,87.0
29.0,22.8,251.0,11.7,4.3,63.0,86.0
28.1,22.5,249.0,12.6,5.8,60.0,86.0
30.4,23.5,271.0,12.3,6.2,63.0,86.0
34.3,24.1,307.0,11.7,6.7,68.0,87.0
42.3,24.0,332.0,10.7,7.5,77.0,87.0
46.9,24.2,335.0,8.7,8.7,92.0,87.0
48.3,23.2,327.0,6.3,10.0,111.0,87.0
46.1,22.7,318.0,4.4,11.0,128.0,87.0
41.4,21.2,305.0,3.3,11.2,142.0,87.0
40.6,22.4,291.0,2.7,10.9,153.0,87.0
40.2,22.9,291.0,2.9,10.7,158.0,87.0
39.8,23.6,299.0,3.8,10.5,156.0,87.0
39.2,24.1,321.0,5.5,10.4,148.0,98.0
47.5,27.6,387.0,5.7,9.5,141.0,108.0
47.5,34.8,540.0,18.1,13.2,114.0,109.0
59.8,46.2,738.0,34.9,18.3,77.0,98.0
75.2,62.2,887.0,45.8,21.4,49.0,87.0
75.2,64.3,951.0,45.1,20.7,41.0,89.0
65.9,56.8,965.0,38.6,17.9,43.0,90.0
62.9,55.1,942.0,32.9,15.5,45.0,92.0
59.5,53.0,859.0,30.5,14.1,42.0,94.0
58.7,52.6,738.0,29.1,13.1,39.0,96.0
58.2,52.4,660.0,28.2,12.3,36.0,98.0
58.2,52.6,682.0,28.4,11.9,30.0,101.0
58.2,52.7,746.0,29.2,11.7,23.0,104.0
52.9,48.1,757.0,24.2,12.0,38.0,106.0
51.8,47.1,656.0,20.7,12.8,54.0,109.0
45.6,40.5,504.0,15.8,14.0,76.0,111.0
39.8,33.9,383.0,11.4,15.1,100.0,112.0
37.5,30.6,329.0,8.0,16.2,126.0,112.0
38.6,31.0,307.0,5.1,17.2,154.0,113.0
39.6,31.7,299.0,3.1,17.2,173.0,114.0
39.9,32.6,304.0,2.1,15.7,180.0,115.0
38.3,31.8,323.0,2.0,13.2,180.0,116.0
35.3,29.9,344.0,2.4,11.0,175.0,117.0
32.0,28.0,357.0,3.0,9.3,166.0,133.0
29.6,26.5,373.0,4.1,7.9,152.0,144.0
29.6,28.3,405.0,6.5,5.6,134.0,146.0
33.3,32.4,475.0,12.2,7.6,115.0,138.0
37.0,36.4,561.0,20.1,10.3,89.0,120.0
42.1,41.7,619.0,26.1,12.2,68.0,114.0
42.0,41.7,621.0,28.5,12.6,57.0,112.0
42.5,42.3,594.0,28.9,12.3,50.0,111.0
43.7,43.4,570.0,28.4,11.7,46.0,109.0
41.3,40.9,568.0,26.7,10.9,44.0,108.0
40.2,39.7,571.0,24.0,9.9,44.0,107.0
39.9,39.3,553.0,22.1,9.2,44.0,105.0
41.8,41.2,494.0,22.5,9.2,42.0,104.0
43.2,42.5,416.0,23.7,9.6,39.0,103.0
30.9,30.5,360.0,15.9,7.3,56.0,101.0
31.3,31.0,352.0,13.7,8.4,68.0,100.0
31.1,30.5,367.0,10.5,10.0,85.0,99.0
32.9,32.4,372.0,7.7,11.3,102.0,99.0
32.2,31.7,347.0,5.6,12.1,120.0,99.0
33.4,32.6,313.0,3.8,12.7,139.0,99.0
32.2,31.4,293.0,2.5,12.9,154.0,99.0
32.4,31.5,301.0,1.7,12.6,163.0,99.0
32.8,31.9,325.0,1.5,12.0,167.0,99.0
32.7,31.8,349.0,2.2,11.4,165.0,99.0
32.2,31.4,368.0,3.6,10.5,155.0,114.0
33.8,32.8,387.0,5.9,9.6,139.0,122.0
41.7,40.6,415.0,8.3,11.3,129.0,124.0
46.1,45.3,462.0,13.4,12.7,113.0,119.0
49.9,49.1,518.0,20.3,14.6,90.0,105.0
53.4,52.6,555.0,24.9,15.9,73.0,105.0
53.0,52.3,566.0,25.0,16.1,67.0,106.0
52.3,51.7,559.0,22.9,15.6,67.0,107.0
50.5,49.9,532.0,21.0,15.1,66.0,108.0
49.1,48.4,466.0,20.3,14.6,63.0,108.0
48.9,48.2,379.0,19.9,14.1,61.0,109.0
49.1,48.4,325.0,19.6,13.6,58.0,110.0
49.0,48.4,337.0,19.8,13.3,52.0,111.0
48.4,47.8,382.0,20.2,13.1,47.0,111.0
53.1,52.3,418.0,23.3,14.2,46.0,114.0
53.9,53.1,433.0,20.3,14.6,61.0,116.0
53.3,52.4,439.0,16.0,15.2,82.0,118.0
51.9,50.8,432.0,12.0,15.5,105.0,120.0
51.0,49.5,404.0,8.6,15.2,133.0,122.0
50.2,48.4,364.0,5.5,14.6,164.0,124.0
50.1,48.3,333.0,3.3,13.8,185.0,126.0
49.5,47.7,321.0,2.4,12.6,190.0,127.0
47.1,45.5,319.0,2.5,11.2,186.0,129.0
45.1,43.5,324.0,3.4,10.0,177.0,130.0
43.8,42.4,332.0,5.0,9.2,165.0,144.0
42.4,41.2,348.0,7.5,8.8,148.0,152.0
34.9,33.4,380.0,8.7,8.3,113.0,149.0
43.2,42.0,436.0,13.9,10.1,100.0,135.0
49.6,48.4,509.0,20.9,12.5,82.0,131.0
49.0,48.0,583.0,25.7,14.1,69.0,130.0
49.9,49.1,672.0,26.1,14.0,64.0,130.0
44.5,43.7,763.0,24.3,13.1,64.0,129.0
44.7,43.9,803.0,22.1,11.9,65.0,128.0
44.6,44.0,751.0,19.9,10.4,65.0,128.0
38.5,38.0,647.0,17.3,8.6,67.0,127.0
33.9,33.5,559.0,15.3,7.4,68.0,125.0
32.7,32.2,509.0,14.5,7.3,69.0,124.0
32.1,31.7,474.0,14.2,7.7,70.0,122.0
37.3,35.9,453.0,14.9,9.4,67.0,120.0
34.5,33.5,453.0,14.1,9.4,74.0,118.0
31.0,30.2,466.0,12.9,9.4,84.0,116.0
29.0,28.3,467.0,11.5,9.3,94.0,114.0
26.8,26.3,442.0,9.8,9.0,105.0,111.0
26.1,25.8,405.0,7.9,8.6,117.0,109.0
25.2,24.6,376.0,6.3,8.2,126.0,106.0
24.3,23.1,357.0,5.2,8.0,133.0,104.0
22.9,21.1,345.0,4.5,7.9,137.0,101.0
22.0,19.5,352.0,4.4,7.8,138.0,99.0
20.3,17.8,381.0,4.3,7.3,134.0,97.0
19.2,16.9,429.0,4.9,6.7,127.0,95.0
21.3,18.3,495.0,7.6,6.4,129.0,94.0
25.8,23.6,595.0,16.0,8.1,106.0,93.0
34.2,32.0,713.0,27.7,10.6,73.0,91.0
43.4,41.1,802.0,37.0,12.9,48.0,91.0
51.3,49.0,840.0,42.1,15.2,37.0,91.0
54.7,52.5,848.0,44.9,17.3,33.0,91.0
59.4,57.4,841.0,45.2,18.3,31.0,92.0
58.6,56.7,821.0,41.9,17.3,31.0,93.0
53.3,51.8,786.0,36.1,15.1,34.0,95.0
54.0,52.7,742.0,30.9,13.1,38.0,96.0
54.8,53.4,684.0,27.9,11.7,40.0,98.0
50.4,49.0,617.0,25.5,10.5,43.0,99.0
50.3,47.6,563.0,29.1,10.6,37.0,100.0
53.8,51.5,535.0,24.0,10.8,55.0,102.0
45.9,43.9,519.0,16.8,11.0,80.0,103.0
30.6,28.6,498.0,10.8,11.1,104.0,103.0
26.1,24.1,463.0,7.2,11.1,124.0,103.0
25.5,23.3,423.0,4.7,10.9,142.0,103.0
25.9,23.7,389.0,3.1,10.9,156.0,103.0
26.6,24.3,365.0,2.2,11.2,167.0,103.0
27.4,24.9,347.0,2.2,11.6,175.0,103.0
28.2,25.5,338.0,2.6,11.5,177.0,106.0
27.9,25.3,336.0,3.3,10.3,171.0,125.0
27.4,24.9,342.0,4.4,8.7,158.0,137.0
37.0,31.9,369.0,6.6,5.9,137.0,139.0
36.1,31.7,432.0,9.1,7.0,124.0,136.0
38.1,34.2,515.0,12.5,8.5,106.0,125.0
40.7,37.3,579.0,15.6,9.8,91.0,109.0
46.6,42.5,603.0,18.0,10.8,81.0,107.0
51.3,47.8,608.0,19.9,11.7,73.0,106.0
54.0,50.8,614.0,21.2,12.1,67.0,106.0
55.9,52.7,634.0,21.6,11.9,61.0,105.0
58.0,55.2,655.0,21.3,11.3,55.0,106.0
57.7,55.4,656.0,20.3,10.7,53.0,106.0
54.5,52.6,618.0,18.4,10.2,55.0,106.0
50.2,48.8,559.0,15.9,9.6,59.0,106.0
34.0,32.7,515.0,11.4,7.4,79.0,104.0
30.5,29.7,504.0,10.5,7.0,84.0,102.0
23.9,23.3,508.0,9.2,6.4,91.0,100.0
20.0,19.7,500.0,7.8,5.9,100.0,99.0
17.6,17.3,463.0,6.2,5.6,111.0,99.0
14.1,13.9,416.0,4.6,5.4,124.0,98.0
14.1,13.7,382.0,3.3,5.3,136.0,97.0
15.0,14.4,376.0,2.6,5.4,149.0,96.0
16.5,15.8,385.0,2.2,5.6,162.0,96.0
18.9,17.9,394.0,2.4,5.8,169.0,95.0
19.3,18.2,393.0,2.6,5.7,171.0,105.0
20.3,19.3,393.0,3.3,5.6,167.0,119.0
32.7,31.9,415.0,7.2,4.4,123.0,122.0
32.8,32.4,481.0,9.0,5.4,113.0,120.0
35.3,34.9,568.0,11.5,6.9,100.0,112.0
37.6,37.3,634.0,13.5,8.0,89.0,99.0
38.4,38.2,657.0,14.4,8.5,83.0,94.0
38.3,38.1,659.0,14.9,8.7,79.0,93.0
39.9,39.7,656.0,15.4,9.0,76.0,92.0
41.8,41.6,655.0,16.2,9.5,72.0,91.0
44.4,44.1,649.0,17.1,10.0,69.0,90.0
44.7,44.5,637.0,17.9,10.3,65.0,90.0
46.8,46.7,613.0,19.1,10.4,58.0,89.0
47.7,47.6,582.0,20.2,10.4,50.0,89.0
42.7,42.6,561.0,19.4,9.3,48.0,90.0
43.9,43.8,566.0,17.9,9.0,54.0,91.0
39.9,39.8,581.0,15.6,8.7,62.0,92.0
32.2,32.0,573.0,13.3,8.3,73.0,93.0
28.4,28.1,517.0,10.7,7.9,89.0,94.0
26.9,26.5,438.0,7.9,7.5,108.0,95.0
26.8,26.5,374.0,6.0,7.1,119.0,96.0
26.4,26.0,337.0,5.5,6.5,117.0,97.0
24.9,24.6,315.0,5.8,5.9,109.0,98.0
21.9,21.7,310.0,6.6,5.5,101.0,98.0
19.3,19.1,324.0,7.8,5.7,98.0,98.0
18.9,18.7,353.0,9.4,6.2,95.0,98.0
34.7,34.3,393.0,9.5,6.8,108.0,98.0
30.6,30.4,455.0,9.7,7.0,104.0,98.0
27.3,27.2,526.0,10.0,7.3,99.0,97.0
27.4,27.2,563.0,10.2,7.4,95.0,97.0
26.8,26.6,541.0,10.3,7.3,92.0,96.0
25.1,25.0,486.0,10.4,7.0,90.0,95.0
24.2,24.0,428.0,10.2,6.6,88.0,93.0
20.9,20.8,371.0,9.4,6.0,87.0,92.0
17.6,17.5,311.0,8.3,5.2,87.0,90.0
14.4,14.3,271.0,7.6,4.7,86.0,87.0
12.6,12.5,264.0,7.8,4.7,82.0,85.0
11.6,11.5,276.0,8.5,5.1,78.0,82.0
19.0,18.9,291.0,11.8,5.9,62.0,80.0
20.8,20.7,308.0,11.3,6.4,62.0,78.0
19.7,19.6,327.0,10.6,7.1,64.0,77.0
19.0,18.8,337.0,9.5,7.7,70.0,76.0
18.2,18.0,327.0,7.7,8.3,86.0,75.0
19.3,19.0,307.0,5.5,8.7,108.0,74.0
21.6,21.3,296.0,3.9,9.0,125.0,74.0
21.3,21.0,298.0,3.2,8.9,136.0,73.0
22.1,21.9,307.0,3.2,8.6,142.0,73.0
22.6,22.4,328.0,3.7,8.1,142.0,73.0
22.2,21.9,370.0,4.7,7.2,134.0,73.0
21.9,21.7,424.0,6.3,6.2,119.0,78.0
30.6,30.0,457.0,9.6,7.3,109.0,82.0
34.5,34.1,451.0,11.2,7.9,101.0,81.0
32.4,32.1,425.0,13.3,8.8,91.0,74.0
32.0,31.8,408.0,14.9,9.4,82.0,74.0
31.9,31.7,418.0,15.4,9.7,78.0,75.0
31.5,31.4,437.0,15.2,9.8,76.0,75.0
30.9,30.7,442.0,14.8,9.7,75.0,76.0
29.5,29.3,414.0,13.9,9.4,75.0,76.0
28.7,28.6,372.0,12.7,9.0,76.0,77.0
28.2,28.1,344.0,11.9,8.8,76.0,78.0
27.7,27.6,347.0,12.1,9.0,73.0,80.0
27.7,27.6,364.0,12.6,9.5,68.0,81.0
32.8,32.8,381.0,16.3,9.3,53.0,82.0
35.4,35.3,394.0,14.4,10.3,64.0,83.0
30.3,30.2,405.0,11.6,11.5,80.0,84.0
29.5,29.4,408.0,9.1,12.3,96.0,85.0
28.9,28.9,395.0,7.0,12.1,114.0,86.0
27.8,27.8,374.0,5.0,11.3,133.0,86.0
27.2,27.2,360.0,3.7,10.5,146.0,87.0
27.2,27.2,357.0,3.0,9.7,152.0,87.0
26.4,26.3,361.0,3.0,8.9,153.0,88.0
24.2,24.1,370.0,3.6,8.1,149.0,88.0
23.7,23.6,384.0,4.7,7.0,139.0,97.0
21.9,21.8,403.0,6.5,5.8,124.0,103.0
21.5,21.5,432.0,9.7,5.6,107.0,101.0
23.9,23.8,485.0,15.7,7.2,87.0,91.0
31.2,31.1,548.0,23.2,9.8,65.0,86.0
38.4,38.4,581.0,28.4,11.7,50.0,87.0
44.1,44.0,560.0,30.0,12.4,45.0,88.0
46.6,46.6,508.0,29.3,12.5,47.0,89.0
42.1,42.0,457.0,27.4,12.1,51.0,90.0
24.3,24.3,413.0,23.6,10.9,58.0,89.0
23.9,23.8,370.0,18.6,9.2,67.0,89.0
23.1,23.1,342.0,14.7,8.0,73.0,89.0
23.1,23.1,339.0,13.4,8.0,74.0,88.0
22.1,22.1,350.0,13.3,8.7,72.0,88.0
36.4,36.2,364.0,18.9,13.3,54.0,88.0
42.6,42.1,378.0,17.2,15.3,64.0,89.0
34.8,34.3,394.0,14.7,18.0,79.0,89.0
31.4,30.9,402.0,12.0,19.4,96.0,89.0
31.2,30.5,398.0,8.9,18.4,119.0,89.0
29.6,29.0,386.0,5.6,16.1,144.0,89.0
28.6,27.9,375.0,3.2,14.0,162.0,89.0
29.0,28.3,364.0,2.2,12.6,168.0,90.0
28.9,27.9,352.0,2.2,11.4,166.0,90.0
30.2,28.5,350.0,3.1,10.5,160.0,99.0
33.4,30.7,355.0,4.9,9.7,149.0,114.0
36.0,32.8,368.0,7.5,9.2,133.0,122.0
33.2,32.1,403.0,11.2,8.8,106.0,119.0
32.0,31.1,488.0,15.2,9.7,92.0,108.0
35.6,34.8,594.0,20.7,10.9,73.0,93.0
41.7,41.0,652.0,25.1,12.0,58.0,93.0
49.8,49.1,615.0,27.6,12.9,51.0,94.0
56.8,56.0,528.0,29.0,13.7,48.0,94.0
51.7,50.9,459.0,29.5,14.0,46.0,95.0
47.8,47.0,438.0,28.6,13.6,44.0,97.0
49.9,48.9,435.0,26.7,12.8,43.0,99.0
52.2,50.8,424.0,25.3,12.2,42.0,101.0
53.6,51.9,389.0,25.6,12.1,37.0,104.0
54.7,52.6,346.0,26.3,12.3,31.0,108.0
47.0,39.5,321.0,14.8,9.0,68.0,108.0
51.1,40.6,329.0,14.0,9.0,72.0,108.0
58.2,38.8,354.0,12.8,8.9,79.0,108.0
64.3,37.0,372.0,11.3,9.4,88.0,109.0
75.2,38.1,371.0,9.3,10.8,101.0,110.0
77.3,35.2,363.0,7.1,12.6,116.0,110.0
82.0,36.0,354.0,5.3,13.9,129.0,111.0
88.5,38.3,343.0,4.1,14.2,140.0,112.0
94.5,39.8,331.0,3.4,13.8,150.0,113.0
101.3,42.0,328.0,3.5,13.1,152.0,115.0
109.9,44.6,334.0,4.6,11.6,144.0,116.0
98.3,41.7,347.0,6.4,9.8,129.0,117.0
138.3,55.8,377.0,8.7,14.5,135.0,120.0
139.2,64.5,432.0,15.1,15.8,115.0,123.0
150.9,74.5,502.0,23.9,17.7,88.0,127.0
155.5,79.4,567.0,31.4,19.2,66.0,131.0
167.2,86.8,620.0,36.4,20.2,54.0,135.0
164.8,91.0,668.0,40.0,20.9,48.0,139.0
152.7,88.5,705.0,41.4,20.8,43.0,143.0
140.6,85.4,737.0,39.5,19.5,38.0,147.0
132.7,82.0,759.0,35.5,17.4,35.0,150.0
120.6,77.3,748.0,32.2,15.7,33.0,151.0
108.7,71.2,679.0,31.3,14.6,29.0,151.0
100.4,67.5,577.0,31.1,13.9,26.0,152.0
110.8,62.2,495.0,23.8,11.7,45.0,153.0
112.9,64.3,460.0,19.7,11.5,57.0,153.0
112.9,61.2,445.0,14.0,11.1,73.0,154.0
127.1,56.2,426.0,9.3,10.6,89.0,155.0
140.6,55.6,389.0,6.6,9.9,103.0,155.0
137.8,53.2,347.0,4.8,9.1,116.0,156.0
131.8,50.6,316.0,3.7,8.4,124.0,156.0
131.3,48.1,300.0,3.0,7.8,126.0,156.0
121.5,43.8,294.0,2.9,7.3,123.0,156.0
105.5,38.8,297.0,3.6,7.0,117.0,156.0
96.2,35.9,312.0,5.3,7.0,107.0,156.0
75.9,34.2,336.0,7.8,7.3,94.0,156.0
123.4,49.9,352.0,7.2,8.0,104.0,156.0
121.1,53.1,349.0,12.9,11.1,92.0,155.0
136.0,62.9,338.0,21.0,15.5,75.0,155.0
148.1,72.2,342.0,28.0,19.0,61.0,155.0
147.6,73.3,380.0,32.5,20.9,52.0,154.0
159.3,78.0,432.0,35.9,22.1,46.0,154.0
170.4,84.5,460.0,39.3,22.7,39.0,154.0
172.3,86.4,438.0,44.1,22.9,30.0,154.0
173.7,88.5,391.0,48.9,22.6,21.0,154.0
172.8,89.9,359.0,49.9,21.7,17.0,154.0
165.8,86.1,359.0,44.5,19.7,21.0,155.0
157.9,80.8,373.0,35.3,17.2,29.0,155.0
121.5,57.6,387.0,21.6,16.1,38.0,155.0
112.0,56.8,405.0,20.2,18.3,44.0,155.0
124.3,57.4,423.0,18.1,21.3,53.0,155.0
124.3,56.7,418.0,15.5,22.9,69.0,155.0
129.0,58.6,369.0,11.8,22.1,99.0,155.0
132.7,58.3,297.0,7.5,20.0,137.0,155.0
136.9,57.7,242.0,4.4,17.8,164.0,155.0
129.9,55.2,221.0,3.0,15.8,173.0,155.0
119.7,51.5,217.0,2.8,13.7,172.0,156.0
103.8,46.1,224.0,3.4,11.9,164.0,156.0
90.6,41.9,245.0,5.0,10.4,149.0,156.0
68.9,36.8,277.0,7.5,9.1,128.0,156.0
75.0,45.2,305.0,12.4,9.2,92.0,156.0
62.2,43.5,323.0,14.0,9.3,85.0,156.0
58.2,42.5,338.0,16.2,9.4,75.0,155.0
53.1,38.2,356.0,17.5,9.3,68.0,154.0
44.7,34.0,388.0,17.0,8.6,67.0,153.0
40.7,31.5,424.0,15.5,7.7,68.0,152.0
37.5,28.6,440.0,14.3,6.9,69.0,150.0
30.7,24.6,417.0,13.7,6.3,68.0,143.0
23.4,19.7,373.0,13.2,5.9,66.0,136.0
18.3,16.1,340.0,13.2,5.6,63.0,128.0
14.0,12.7,326.0,14.0,5.6,57.0,121.0
12.1,11.0,323.0,15.1,5.7,50.0,114.0
12.5,11.6,330.0,11.7,5.9,71.0,109.0
13.1,12.7,361.0,13.1,6.7,67.0,104.0
12.5,12.2,404.0,14.8,7.7,62.0,100.0
13.6,13.4,421.0,15.1,8.2,64.0,96.0
14.2,13.8,389.0,12.3,7.7,79.0,93.0
12.3,12.3,333.0,8.0,6.7,102.0,89.0
10.6,10.5,286.0,4.9,5.9,117.0,85.0
9.9,9.8,258.0,3.8,5.4,120.0,82.0
9.1,9.1,240.0,3.9,5.1,117.0,78.0
8.9,8.8,240.0,5.2,5.0,109.0,76.0
9.8,9.7,263.0,8.6,5.3,96.0,73.0
13.5,13.0,304.0,13.2,5.8,79.0,71.0
23.3,23.2,352.0,10.5,5.7,71.0,69.0
26.4,26.3,419.0,14.9,6.9,61.0,68.0
28.9,28.8,492.0,20.9,8.5,48.0,67.0
31.7,31.5,531.0,24.8,9.5,38.0,66.0
31.7,31.5,508.0,25.2,9.4,35.0,66.0
31.2,31.1,450.0,23.5,8.8,37.0,66.0
28.3,28.2,391.0,20.9,7.8,41.0,66.0
22.9,22.7,335.0,17.0,6.3,50.0,66.0
18.1,17.9,277.0,12.3,4.4,61.0,66.0
15.3,15.1,238.0,8.8,3.2,69.0,66.0
13.3,13.1,229.0,7.8,3.2,69.0,66.0
12.7,12.5,240.0,8.1,3.9,65.0,66.0
13.1,13.0,257.0,10.0,3.3,59.0,66.0
15.0,14.8,283.0,11.2,4.3,56.0,66.0
16.4,16.2,315.0,12.8,5.6,52.0,67.0
18.1,17.9,334.0,13.4,6.5,51.0,67.0
18.5,18.3,329.0,12.2,6.7,55.0,67.0
17.6,17.5,311.0,10.1,6.5,62.0,68.0
17.2,17.1,296.0,8.1,6.3,71.0,68.0
15.5,15.4,286.0,6.3,6.1,83.0,69.0
14.6,14.6,280.0,4.8,5.8,97.0,69.0
14.2,14.1,288.0,4.2,5.6,105.0,69.0
14.3,14.2,323.0,5.4,5.5,103.0,70.0
15.2,15.1,372.0,7.7,5.4,96.0,70.0
14.6,14.6,406.0,9.0,3.8,81.0,69.0
15.7,15.7,412.0,10.3,4.7,78.0,68.0
16.1,16.1,403.0,12.0,5.9,73.0,67.0
16.3,16.2,387.0,13.3,6.8,68.0,66.0
16.8,16.8,365.0,13.7,7.1,64.0,65.0
16.9,16.9,337.0,13.6,7.1,61.0,64.0
16.3,16.2,311.0,13.3,7.0,58.0,63.0
15.3,15.2,289.0,12.7,7.0,56.0,62.0
15.3,15.1,270.0,11.9,7.1,56.0,62.0
14.7,14.5,257.0,11.0,7.0,57.0,62.0
13.2,13.0,254.0,10.0,6.6,61.0,62.0
12.0,11.8,257.0,9.0,6.2,66.0,62.0
14.0,13.7,264.0,9.7,6.4,60.0,62.0
15.1,14.8,277.0,9.5,7.1,61.0,62.0
14.8,14.6,294.0,9.2,8.1,63.0,62.0
13.9,13.7,302.0,8.5,8.9,68.0,62.0
10.6,10.5,293.0,7.1,9.3,77.0,61.0
9.2,9.2,275.0,5.3,9.5,89.0,60.0
8.3,8.3,264.0,4.1,9.4,98.0,60.0
7.7,7.7,264.0,3.8,8.8,102.0,59.0
8.5,8.4,271.0,4.1,8.0,103.0,59.0
9.1,9.1,284.0,4.8,7.3,102.0,58.0
9.4,9.4,306.0,6.3,6.9,97.0,58.0
10.1,10.1,335.0,8.2,6.8,90.0,58.0
35.0,34.6,357.0,9.3,8.4,91.0,59.0
35.6,35.3,369.0,10.0,8.6,88.0,61.0
34.5,34.1,374.0,10.9,8.9,84.0,62.0
31.2,31.0,377.0,11.4,9.1,81.0,63.0
29.3,29.0,379.0,11.2,8.9,81.0,64.0
28.5,28.2,377.0,10.6,8.6,83.0,65.0
29.6,29.4,372.0,10.2,8.4,83.0,66.0
31.3,31.0,360.0,10.2,8.6,81.0,67.0
33.2,32.8,345.0,10.4,9.0,77.0,69.0
34.8,34.5,330.0,10.6,9.4,74.0,70.0
36.0,35.6,315.0,10.9,9.7,70.0,72.0
36.7,36.3,302.0,11.2,10.0,66.0,74.0
33.8,33.4,299.0,10.3,10.8,70.0,76.0
34.8,34.5,317.0,9.9,11.5,73.0,77.0
32.8,32.5,344.0,9.2,12.4,78.0,79.0
32.7,32.1,361.0,8.2,13.1,87.0,80.0
32.8,32.1,356.0,6.4,13.4,106.0,82.0
34.0,33.1,339.0,4.2,13.5,129.0,84.0
32.7,31.5,322.0,2.7,13.3,147.0,85.0
32.4,31.3,305.0,2.1,12.8,155.0,87.0
34.5,33.4,289.0,2.1,12.0,157.0,89.0
31.7,30.7,281.0,2.9,11.2,153.0,91.0
29.7,28.8,290.0,5.0,10.1,138.0,95.0
28.8,28.2,307.0,7.8,9.0,117.0,101.0
24.6,23.3,322.0,10.0,8.3,95.0,99.0
26.0,25.0,331.0,11.3,9.4,90.0,92.0
28.2,27.3,336.0,13.1,10.9,84.0,92.0
29.9,29.0,337.0,14.1,12.0,80.0,91.0
31.1,30.3,328.0,13.6,12.1,80.0,92.0
31.7,30.9,313.0,12.3,11.8,83.0,92.0
31.2,30.5,305.0,11.2,11.4,84.0,92.0
30.7,30.0,310.0,10.6,11.0,83.0,92.0
31.0,30.4,322.0,10.3,10.6,82.0,92.0
32.0,31.4,335.0,10.2,10.5,80.0,91.0
33.8,33.3,349.0,10.7,10.8,76.0,91.0
35.9,35.4,363.0,11.5,11.4,71.0,91.0
34.3,33.8,370.0,12.7,12.2,65.0,91.0
36.9,36.3,368.0,11.6,12.9,72.0,91.0
34.3,33.6,358.0,10.0,13.8,82.0,91.0
33.3,32.2,341.0,8.3,14.4,95.0,91.0
30.3,28.5,310.0,6.2,14.4,112.0,91.0
27.5,25.4,271.0,4.0,14.1,132.0,90.0
26.7,24.6,242.0,2.4,13.5,146.0,90.0
27.1,25.2,229.0,1.9,12.6,150.0,89.0
26.6,24.7,227.0,2.0,11.5,149.0,89.0
27.0,25.1,235.0,2.7,10.5,143.0,88.0
26.1,24.6,259.0,4.0,9.6,133.0,92.0
25.3,23.9,294.0,5.9,8.7,119.0,97.0
21.1,20.0,326.0,8.6,7.8,92.0,93.0
24.9,23.9,355.0,11.5,9.0,83.0,87.0
28.3,27.4,381.0,15.4,10.7,71.0,87.0
29.9,29.1,393.0,17.9,11.8,63.0,87.0
30.4,29.6,380.0,17.6,11.7,63.0,87.0
31.0,30.3,353.0,15.8,11.0,67.0,87.0
32.4,31.7,329.0,14.3,10.5,69.0,87.0
32.9,32.2,315.0,13.7,10.3,68.0,87.0
33.9,33.2,305.0,13.4,10.2,66.0,88.0
35.2,34.3,298.0,13.3,10.3,63.0,88.0
36.6,35.7,293.0,13.8,10.6,58.0,88.0
38.8,38.0,291.0,14.6,11.0,52.0,88.0
32.5,31.7,294.0,14.2,11.1,53.0,88.0
31.2,30.5,308.0,12.7,11.2,58.0,88.0
26.2,25.3,326.0,10.7,11.3,64.0,87.0
22.9,22.1,333.0,8.6,11.0,74.0,86.0
21.1,20.4,317.0,6.6,10.1,89.0,86.0
20.0,19.4,288.0,4.6,8.9,108.0,85.0
17.1,16.6,265.0,3.2,7.7,120.0,85.0
11.9,11.6,250.0,2.6,6.8,122.0,83.0
10.0,9.8,240.0,2.5,5.9,119.0,82.0
9.1,8.9,240.0,3.0,5.3,113.0,81.0
8.2,8.1,257.0,3.9,4.9,106.0,80.0
8.7,8.6,285.0,5.4,4.8,96.0,78.0
21.3,20.9,311.0,7.2,5.8,89.0,79.0
22.8,22.5,334.0,9.4,6.4,81.0,78.0
24.9,24.6,355.0,12.3,7.2,70.0,78.0
24.6,24.4,367.0,14.1,7.7,63.0,78.0
21.3,21.1,367.0,13.7,7.7,62.0,77.0
18.7,18.5,358.0,12.2,7.4,65.0,76.0
17.3,17.1,347.0,11.0,7.2,66.0,75.0
16.4,16.2,333.0,10.6,7.1,65.0,74.0
15.5,15.4,316.0,10.6,7.0,63.0,72.0
15.3,15.1,303.0,10.8,7.0,60.0,71.0
16.4,16.1,299.0,11.6,7.3,55.0,69.0
17.5,17.3,299.0,12.8,7.7,49.0,68.0
15.3,15.2,296.0,13.6,7.0,46.0,66.0
16.8,16.8,286.0,12.3,8.0,54.0,65.0
16.0,15.9,272.0,10.4,9.4,66.0,65.0
15.7,15.6,262.0,8.6,10.2,78.0,64.0
15.1,15.0,258.0,6.8,10.0,92.0,64.0
15.5,15.4,258.0,5.0,9.2,106.0,63.0
15.7,15.6,259.0,3.8,8.5,117.0,63.0
15.7,15.5,255.0,3.3,8.1,123.0,64.0
15.5,15.4,251.0,3.3,7.9,126.0,64.0
15.0,14.9,263.0,4.0,7.7,124.0,65.0
14.8,14.7,292.0,5.3,7.4,117.0,65.0
15.0,15.0,337.0,7.4,7.3,106.0,66.0
21.1,21.0,407.0,9.2,8.3,105.0,66.0
28.9,28.8,535.0,15.9,10.4,87.0,66.0
33.5,33.4,687.0,25.0,13.2,63.0,67.0
38.5,38.4,773.0,31.6,15.1,43.0,68.0
42.8,42.7,736.0,33.5,15.2,33.0,70.0
43.3,43.2,632.0,32.8,14.4,28.0,72.0
42.4,42.4,539.0,31.2,13.5,26.0,74.0
38.5,38.5,487.0,28.8,12.6,26.0,75.0
36.1,36.0,446.0,25.5,11.5,29.0,77.0
32.4,32.2,405.0,22.4,10.6,33.0,78.0
30.9,30.7,350.0,19.9,10.2,37.0,79.0
26.8,26.7,295.0,17.6,10.0,41.0,80.0
16.8,16.5,266.0,11.6,7.0,64.0,80.0
14.7,14.5,287.0,10.2,6.7,71.0,80.0
11.8,11.6,335.0,8.2,6.4,82.0,80.0
11.2,11.0,366.0,6.3,6.0,93.0,79.0
11.4,11.2,360.0,4.7,5.7,106.0,79.0
11.1,11.0,337.0,3.3,5.4,121.0,79.0
11.3,11.1,318.0,2.3,5.1,132.0,78.0
11.8,11.5,307.0,1.8,4.8,138.0,78.0
12.1,11.9,300.0,1.8,4.6,140.0,78.0
12.8,12.5,302.0,2.3,4.7,139.0,78.0
13.1,12.8,303.0,2.9,4.8,134.0,80.0
14.5,14.2,314.0,4.2,5.1,125.0,87.0
31.4,30.2,369.0,8.4,7.9,114.0,88.0
37.8,36.4,517.0,13.9,10.4,103.0,85.0
45.1,43.4,709.0,21.6,13.9,87.0,79.0
54.1,52.2,835.0,27.9,16.5,73.0,81.0
61.9,59.4,837.0,31.7,17.7,61.0,82.0
70.1,66.8,772.0,34.2,18.0,51.0,84.0
72.9,68.7,703.0,34.8,17.8,44.0,86.0
72.4,66.8,647.0,32.4,16.7,42.0,88.0
73.1,65.9,587.0,28.3,15.1,44.0,90.0
72.4,63.3,534.0,25.4,13.8,44.0,93.0
71.9,60.3,491.0,25.9,13.3,38.0,95.0
74.3,59.8,454.0,27.6,13.2,31.0,98.0
71.7,49.5,425.0,18.6,12.9,55.0,100.0
67.3,47.6,409.0,16.9,13.3,63.0,104.0
64.7,48.5,402.0,14.5,13.9,75.0,108.0
69.8,47.7,387.0,11.8,14.7,93.0,112.0
70.8,47.1,353.0,8.8,15.8,124.0,115.0
65.7,45.4,312.0,5.5,17.1,161.0,119.0
62.4,45.2,285.0,3.2,17.7,189.0,122.0
61.2,45.5,278.0,2.1,17.2,201.0,126.0
60.1,45.1,284.0,1.9,15.9,203.0,129.0
60.8,44.8,307.0,2.6,14.7,197.0,133.0
61.0,43.5,345.0,4.3,13.4,181.0,153.0
61.2,43.8,400.0,6.9,12.0,158.0,163.0
63.3,51.0,479.0,10.5,11.9,134.0,165.0
64.3,52.3,612.0,14.4,13.2,123.0,158.0
68.7,57.0,769.0,19.7,14.9,107.0,144.0
69.6,57.7,874.0,23.1,16.0,94.0,145.0
67.5,57.3,880.0,22.9,16.0,88.0,145.0
63.1,57.4,832.0,20.9,15.4,84.0,144.0
62.6,59.4,793.0,19.1,14.8,81.0,143.0
62.4,60.3,783.0,18.2,14.2,77.0,142.0
62.9,61.0,781.0,17.6,13.5,73.0,142.0
63.1,60.3,782.0,17.6,13.1,68.0,141.0
65.7,62.6,795.0,19.1,13.1,60.0,141.0
67.5,64.3,810.0,21.2,13.3,51.0,142.0
68.5,54.4,797.0,23.9,13.6,46.0,142.0
67.5,53.7,732.0,20.1,14.2,62.0,143.0
64.5,47.3,639.0,14.8,14.9,85.0,143.0
74.3,43.9,555.0,10.2,15.3,108.0,143.0
85.4,45.1,489.0,7.2,15.1,129.0,142.0
84.5,44.9,432.0,4.9,14.5,150.0,142.0
74.0,42.7,391.0,3.4,13.6,164.0,142.0
64.7,40.6,371.0,2.6,12.1,168.0,141.0
56.0,37.7,367.0,2.6,10.3,165.0,141.0
46.0,33.8,375.0,3.3,8.8,158.0,140.0
37.7,29.8,393.0,4.8,7.6,146.0,138.0
32.2,27.0,424.0,7.1,6.7,129.0,136.0
34.9,32.9,471.0,9.2,6.8,113.0,135.0
35.7,34.6,552.0,11.4,7.7,101.0,133.0
35.4,34.7,651.0,14.5,8.8,84.0,130.0
34.9,34.6,718.0,17.2,9.8,70.0,128.0
35.4,35.2,735.0,19.2,10.3,61.0,126.0
37.4,37.1,721.0,20.8,10.7,55.0,124.0
38.1,38.0,689.0,21.7,10.8,50.0,121.0
39.2,39.0,636.0,21.8,10.8,46.0,119.0
39.7,39.6,564.0,21.2,10.5,44.0,117.0
39.6,39.5,496.0,19.8,10.0,45.0,115.0
38.9,38.8,431.0,17.3,9.0,51.0,112.0
33.4,33.3,368.0,14.0,7.7,59.0,109.0
14.6,14.6,329.0,8.5,4.7,78.0,105.0
14.4,14.3,332.0,8.6,5.0,78.0,101.0
12.7,12.6,358.0,8.6,5.4,78.0,98.0
12.5,12.4,373.0,8.1,5.6,82.0,95.0
13.0,12.9,359.0,6.6,5.6,94.0,93.0
12.5,12.4,334.0,4.5,5.4,110.0,90.0
12.1,12.1,312.0,3.0,5.3,122.0,88.0
12.5,12.5,292.0,2.5,5.4,127.0,86.0
13.4,13.3,275.0,2.5,5.6,128.0,84.0
13.6,13.6,286.0,3.2,5.8,125.0,82.0
13.7,13.7,353.0,4.7,5.8,115.0,81.0
14.4,14.3,446.0,6.9,5.8,100.0,80.0
3.4,3.4,505.0,7.7,6.4,87.0,78.0
5.3,5.1,494.0,9.3,7.3,82.0,75.0
6.8,6.7,448.0,11.4,8.5,76.0,73.0
8.2,8.1,408.0,12.9,9.3,72.0,71.0
9.3,9.2,391.0,13.1,9.4,72.0,69.0
9.9,9.7,380.0,12.5,9.1,74.0,67.0
10.0,9.7,371.0,11.7,8.8,76.0,65.0
11.9,11.8,363.0,10.5,8.5,79.0,62.0
16.8,16.8,355.0,9.1,8.2,82.0,61.0
20.5,20.4,345.0,8.0,8.1,84.0,59.0
21.5,21.4,327.0,7.8,8.2,84.0,58.0
21.0,20.8,306.0,8.0,8.5,82.0,57.0
18.6,18.6,289.0,7.7,8.6,84.0,57.0
17.8,17.7,279.0,7.3,9.0,86.0,57.0
17.9,17.6,272.0,6.6,9.5,90.0,58.0
17.6,17.3,264.0,5.8,9.6,96.0,58.0
18.1,17.4,252.0,4.5,9.0,107.0,58.0
17.5,16.6,239.0,3.1,8.0,120.0,59.0
17.3,16.4,228.0,2.0,7.1,129.0,59.0
17.4,16.4,217.0,1.5,6.4,131.0,59.0
16.9,15.9,207.0,1.4,5.7,130.0,60.0
17.0,16.1,210.0,1.9,5.3,126.0,64.0
17.0,16.1,235.0,3.3,5.2,120.0,71.0
17.1,16.4,272.0,5.2,5.3,111.0,74.0
19.8,19.0,300.0,6.6,5.8,104.0,73.0
19.4,19.0,309.0,7.6,6.6,100.0,69.0
19.7,19.3,308.0,9.0,7.8,96.0,63.0
19.9,19.6,304.0,9.9,8.5,92.0,64.0
20.1,19.8,299.0,9.7,8.4,91.0,65.0
20.5,20.3,290.0,8.9,8.0,92.0,66.0
21.0,20.7,283.0,8.3,7.7,92.0,67.0
21.8,21.4,277.0,8.0,7.7,91.0,68.0
22.5,22.1,272.0,7.9,7.9,89.0,68.0
22.8,22.4,270.0,7.9,8.2,86.0,68.0
22.5,22.0,274.0,8.2,8.7,82.0,68.0
21.6,21.1,281.0,8.5,9.4,78.0,68.0
20.3,19.7,286.0,8.6,9.2,77.0,68.0
20.1,19.6,290.0,7.9,9.9,79.0,69.0
20.0,19.4,293.0,6.8,10.7,82.0,69.0
19.6,18.7,288.0,5.7,11.0,87.0,69.0
19.1,18.0,269.0,4.4,10.2,97.0,69.0
17.9,16.6,244.0,3.0,8.8,111.0,69.0
17.1,15.8,224.0,2.0,7.7,121.0,69.0
16.5,15.1,215.0,1.5,7.0,127.0,69.0
16.4,15.1,211.0,1.4,6.6,131.0,69.0
15.9,14.7,216.0,1.8,6.4,130.0,69.0
15.2,14.1,233.0,3.2,6.4,122.0,68.0
15.7,15.0,258.0,5.1,6.7,109.0,68.0
20.1,18.9,279.0,5.7,6.9,99.0,69.0
20.3,19.3,295.0,7.1,7.8,93.0,68.0
20.6,19.8,308.0,8.9,9.0,85.0,68.0
20.7,20.1,311.0,10.3,9.9,78.0,68.0
20.4,19.9,298.0,10.7,10.0,74.0,68.0
20.1,19.7,276.0,10.6,9.7,72.0,68.0
19.5,19.2,261.0,10.3,9.4,71.0,68.0
19.3,18.9,261.0,9.9,9.3,71.0,68.0
19.4,19.0,267.0,9.3,9.2,72.0,68.0
20.1,19.6,272.0,9.0,9.4,72.0,68.0
21.1,20.5,270.0,9.3,9.9,70.0,67.0
21.9,21.2,266.0,9.9,10.7,66.0,67.0
23.4,22.8,267.0,10.0,11.5,67.0,68.0
25.0,24.4,282.0,9.5,12.4,72.0,68.0
26.5,25.8,302.0,8.7,13.7,79.0,69.0
27.5,26.7,312.0,7.6,14.7,91.0,69.0
28.4,27.4,300.0,5.9,15.1,111.0,70.0
29.2,28.0,276.0,3.9,15.1,135.0,71.0
30.2,28.8,258.0,2.5,14.9,153.0,72.0
31.3,29.8,251.0,1.8,14.3,163.0,73.0
32.5,31.0,249.0,1.6,13.4,167.0,74.0
33.4,31.8,252.0,2.3,12.5,164.0,93.0
32.8,31.2,257.0,4.2,11.5,152.0,108.0
32.1,30.9,267.0,6.8,10.6,132.0,117.0
33.5,31.5,292.0,8.3,10.7,122.0,119.0
38.0,36.3,349.0,15.0,12.8,103.0,112.0
45.2,43.5,421.0,24.0,15.7,77.0,96.0
49.4,48.0,470.0,29.7,17.6,58.0,85.0
48.7,47.5,477.0,28.9,17.4,54.0,87.0
46.7,45.6,461.0,24.7,16.2,57.0,89.0
44.6,43.7,438.0,20.9,15.1,60.0,91.0
43.2,42.3,410.0,18.6,14.4,61.0,93.0
42.1,41.3,375.0,16.6,13.7,63.0,94.0
41.6,40.7,350.0,15.3,13.2,63.0,96.0
41.8,41.0,340.0,15.4,12.8,58.0,98.0
42.3,41.4,340.0,16.3,12.4,52.0,99.0
42.5,41.4,346.0,16.8,12.7,51.0,101.0
44.7,43.8,368.0,15.5,13.5,62.0,103.0
46.3,45.2,396.0,13.5,14.5,78.0,105.0
47.6,46.0,399.0,11.2,15.0,95.0,107.0
44.8,42.6,353.0,8.3,14.6,116.0,108.0
39.9,37.3,283.0,5.0,13.6,138.0,109.0
34.6,32.2,228.0,2.6,12.5,155.0,110.0
30.9,28.8,205.0,1.5,11.3,163.0,110.0
29.0,27.3,198.0,1.3,10.0,165.0,109.0
26.7,25.2,201.0,2.2,8.9,160.0,109.0
23.9,22.7,219.0,4.4,8.0,145.0,108.0
20.8,19.9,249.0,7.7,7.3,123.0,114.0
14.3,14.3,270.0,8.2,7.7,113.0,114.0
23.6,23.5,271.0,14.1,9.8,98.0,105.0
30.5,30.5,265.0,22.1,12.7,76.0,102.0
29.6,29.5,270.0,27.7,14.4,59.0,100.0
26.1,25.9,303.0,28.8,13.7,50.0,98.0
28.1,27.9,347.0,27.5,11.9,45.0,97.0
28.3,28.2,376.0,25.4,10.2,44.0,96.0
28.8,28.7,377.0,22.4,9.1,47.0,95.0
22.7,22.5,363.0,18.6,8.3,54.0,93.0
22.0,21.8,337.0,16.1,7.8,57.0,92.0
23.5,23.3,290.0,16.6,8.0,51.0,90.0
24.0,23.7,232.0,18.4,8.5,43.0,89.0
36.9,36.6,197.0,28.2,9.7,20.0,89.0
36.4,36.0,208.0,23.3,10.0,37.0,88.0
32.7,32.4,242.0,16.5,10.4,61.0,87.0
28.2,27.6,264.0,10.7,10.3,84.0,86.0
26.6,26.1,255.0,7.0,9.4,105.0,84.0
25.7,25.3,233.0,4.5,8.0,125.0,83.0
25.3,24.9,217.0,2.7,6.9,140.0,83.0
25.1,24.7,213.0,1.8,6.3,148.0,82.0
25.4,24.9,214.0,1.6,6.0,152.0,82.0
26.1,25.6,225.0,2.3,5.9,150.0,82.0
25.3,24.6,250.0,3.7,5.7,142.0,89.0
25.0,24.3,285.0,5.9,5.7,129.0,99.0
20.9,20.6,316.0,9.4,6.2,106.0,99.0
29.6,29.3,340.0,16.8,9.0,90.0,91.0
38.2,37.8,361.0,27.0,12.9,68.0,84.0
39.0,38.8,381.0,34.1,15.6,51.0,85.0
39.9,39.7,406.0,35.4,16.0,44.0,86.0
42.0,41.8,430.0,33.6,15.1,42.0,87.0
41.2,40.9,435.0,30.6,13.9,43.0,88.0
36.4,36.1,405.0,26.4,12.2,46.0,89.0
29.5,29.2,357.0,21.1,10.1,51.0,89.0
25.4,25.1,320.0,17.0,8.6,55.0,90.0
23.7,23.5,307.0,15.5,8.2,55.0,90.0
21.5,21.1,306.0,15.3,8.4,53.0,89.0
9.1,8.6,305.0,12.9,7.5,60.0,87.0
9.0,8.5,302.0,12.1,7.7,62.0,85.0
10.7,10.3,299.0,11.0,7.9,65.0,83.0
11.9,11.4,295.0,9.5,8.1,75.0,82.0
13.7,12.9,288.0,7.4,8.1,98.0,81.0
14.8,14.1,280.0,5.0,8.1,127.0,80.0
17.1,16.4,277.0,3.2,7.9,150.0,79.0
19.4,18.6,281.0,2.3,7.6,163.0,79.0
21.4,20.3,289.0,2.0,7.2,169.0,79.0
21.7,20.5,302.0,2.6,6.9,168.0,82.0
21.6,20.4,321.0,4.5,6.9,157.0,102.0
21.0,20.0,344.0,7.4,7.0,139.0,116.0
22.7,21.4,364.0,9.2,7.6,126.0,122.0
23.6,22.5,382.0,9.7,7.7,117.0,119.0
23.9,23.0,398.0,10.5,7.8,103.0,109.0
24.3,23.6,403.0,11.2,7.8,92.0,94.0
24.7,24.1,391.0,11.8,7.7,85.0,76.0
24.9,24.4,369.0,12.3,7.5,80.0,72.0
24.2,23.7,349.0,12.7,7.3,75.0,71.0
23.1,22.8,335.0,12.6,7.0,71.0,70.0
22.0,21.7,324.0,12.3,6.7,67.0,69.0
22.4,22.1,317.0,12.6,6.6,62.0,69.0
24.6,24.3,317.0,14.3,6.8,54.0,69.0
27.9,27.6,321.0,16.5,7.3,44.0,69.0
22.4,22.3,328.0,16.1,7.4,50.0,71.0
26.4,26.3,341.0,14.4,8.3,58.0,72.0
26.2,25.7,356.0,12.0,9.7,69.0,73.0
33.3,31.9,362.0,9.7,10.7,84.0,75.0
36.6,34.3,348.0,7.4,11.1,104.0,76.0
39.7,36.8,325.0,5.2,11.3,128.0,78.0
41.6,38.5,309.0,3.6,11.5,148.0,80.0
42.3,38.9,307.0,2.6,11.8,164.0,82.0
46.1,42.4,313.0,2.3,12.2,176.0,83.0
49.7,45.5,325.0,2.8,12.4,181.0,91.0
51.7,47.3,336.0,4.3,12.2,175.0,113.0
53.3,48.7,353.0,6.7,11.9,162.0,130.0
45.1,41.8,393.0,11.9,12.0,116.0,132.0
53.8,50.5,485.0,19.8,14.9,100.0,126.0
61.0,57.9,600.0,31.1,19.0,77.0,111.0
68.0,64.3,670.0,41.5,22.6,57.0,99.0
79.4,75.7,653.0,51.5,25.8,42.0,105.0
90.3,86.1,590.0,60.7,28.6,30.0,111.0
96.2,92.2,540.0,64.0,29.4,24.0,118.0
93.4,89.9,530.0,56.7,26.7,28.0,125.0
77.5,74.5,533.0,43.5,22.1,38.0,131.0
68.0,65.4,523.0,33.2,18.3,44.0,135.0
62.6,60.3,483.0,30.2,16.5,40.0,139.0
57.5,55.6,430.0,30.3,15.7,33.0,142.0
73.8,71.2,391.0,40.1,22.1,32.0,147.0
78.5,76.1,382.0,32.8,22.3,58.0,151.0
72.2,69.8,387.0,22.7,22.4,94.0,152.0
57.3,53.7,388.0,14.1,21.9,127.0,153.0
53.7,49.4,378.0,8.7,20.1,152.0,153.0
52.4,48.1,365.0,5.0,17.6,173.0,153.0
52.5,48.3,353.0,2.5,15.3,187.0,154.0
51.9,48.0,342.0,1.2,13.6,193.0,154.0
50.8,47.0,334.0,1.3,12.2,192.0,154.0
49.6,46.1,336.0,2.4,11.2,186.0,154.0
49.7,46.2,350.0,5.0,10.8,174.0,158.0
51.2,47.5,374.0,8.8,10.8,158.0,163.0
44.0,40.5,419.0,12.5,11.8,123.0,158.0
46.0,43.0,508.0,15.7,13.0,110.0,154.0
47.8,44.9,617.0,20.1,14.6,91.0,153.0
48.4,45.9,684.0,23.8,15.9,76.0,153.0
46.1,44.0,671.0,25.9,16.5,68.0,152.0
46.9,44.8,615.0,27.1,16.7,63.0,151.0
49.4,47.3,567.0,28.0,16.5,57.0,147.0
48.5,46.8,543.0,28.2,15.8,50.0,143.0
47.6,46.2,528.0,28.0,14.7,42.0,140.0
50.1,48.7,524.0,28.6,13.9,34.0,138.0
53.7,52.4,542.0,31.8,13.7,23.0,137.0
56.6,55.4,572.0,35.8,13.9,12.0,137.0
41.6,40.6,585.0,20.5,11.9,47.0,134.0
45.3,44.2,568.0,18.1,12.8,62.0,131.0
46.1,45.1,534.0,14.6,14.0,84.0,128.0
45.3,43.7,493.0,11.2,14.3,106.0,127.0
43.0,40.7,442.0,7.8,12.7,127.0,126.0
40.2,37.7,384.0,4.4,10.2,147.0,125.0
38.0,35.0,343.0,2.0,8.3,161.0,124.0
37.6,34.3,327.0,1.1,7.5,168.0,123.0
37.5,34.2,327.0,1.1,7.3,169.0,121.0
36.9,33.6,337.0,2.0,7.2,164.0,120.0
36.2,32.9,348.0,3.3,6.9,152.0,120.0
35.7,32.5,370.0,5.4,6.7,135.0,127.0
34.7,32.0,420.0,8.4,7.4,115.0,124.0
38.6,36.0,520.0,13.7,9.8,102.0,115.0
44.0,41.3,649.0,21.1,13.1,83.0,115.0
48.4,45.8,763.0,27.8,16.2,67.0,115.0
52.6,49.9,857.0,33.1,18.8,57.0,116.0
57.4,54.6,937.0,37.7,21.0,50.0,117.0
60.8,58.0,978.0,40.7,22.3,44.0,118.0
63.6,60.5,966.0,41.6,22.1,40.0,119.0
65.4,62.6,915.0,40.9,20.9,38.0,121.0
65.0,62.4,840.0,39.5,19.4,37.0,122.0
63.1,60.5,726.0,38.0,17.6,33.0,123.0
58.8,56.7,588.0,35.8,15.6,29.0,123.0
26.4,25.8,490.0,20.4,10.7,46.0,122.0
26.0,25.5,471.0,17.6,11.1,63.0,120.0
26.2,25.8,491.0,13.6,11.7,87.0,118.0
25.0,24.7,497.0,9.9,11.6,110.0,116.0
25.2,25.0,460.0,6.8,10.3,129.0,114.0
24.0,23.9,407.0,4.0,8.3,146.0,113.0
22.1,21.9,369.0,2.1,6.7,158.0,111.0
21.6,21.5,355.0,1.2,6.0,164.0,110.0
21.6,21.5,356.0,1.2,5.7,165.0,109.0
21.5,21.4,370.0,2.1,5.7,162.0,107.0
21.3,21.2,395.0,4.2,5.9,154.0,119.0
21.5,21.4,433.0,7.2,6.3,141.0,126.0
26.3,26.1,490.0,9.5,5.5,106.0,121.0
31.8,31.7,584.0,12.4,6.9,96.0,110.0
32.9,32.8,697.0,16.5,8.8,82.0,103.0
33.8,33.8,778.0,21.1,10.8,68.0,102.0
38.1,38.1,805.0,26.6,12.9,55.0,101.0
44.8,44.7,801.0,32.5,15.1,43.0,100.0
46.8,46.7,781.0,36.2,16.4,35.0,99.0
46.0,46.0,742.0,35.6,16.3,33.0,98.0
45.2,45.2,687.0,32.7,15.3,35.0,96.0
45.6,45.6,643.0,31.6,14.6,35.0,95.0
48.8,48.8,623.0,35.5,14.7,26.0,94.0
52.4,52.4,614.0,41.1,15.1,15.0,94.0
26.1,26.1,601.0,18.5,8.1,44.0,94.0
28.9,28.9,584.0,15.6,8.6,62.0,94.0
26.8,26.7,564.0,11.6,9.3,87.0,94.0
21.5,21.5,529.0,8.1,9.3,109.0,94.0
18.5,18.4,464.0,5.6,8.1,123.0,93.0
15.9,15.8,385.0,3.5,6.2,133.0,93.0
15.0,15.0,326.0,2.1,4.8,141.0,92.0
14.9,14.8,300.0,1.3,4.2,147.0,92.0
15.5,15.3,294.0,1.1,4.0,150.0,91.0
15.4,15.2,307.0,1.9,4.1,149.0,91.0
15.5,15.4,345.0,3.7,4.1,141.0,99.0
16.0,15.8,402.0,6.5,4.3,128.0,103.0
21.4,21.2,462.0,9.7,5.5,119.0,102.0
28.4,28.2,528.0,17.7,9.1,102.0,96.0
35.0,34.8,596.0,28.5,14.0,79.0,89.0
42.6,42.4,638.0,35.9,17.2,60.0,90.0
48.1,48.0,632.0,36.0,17.2,52.0,91.0
44.5,44.4,599.0,32.7,15.5,49.0,91.0
40.3,40.2,574.0,30.5,14.1,46.0,90.0
41.1,41.0,581.0,32.0,13.8,40.0,90.0
45.4,45.2,596.0,34.7,13.8,33.0,90.0
47.3,47.1,585.0,36.0,13.7,28.0,90.0
46.4,46.3,518.0,34.8,13.3,24.0,90.0
45.5,45.4,426.0,32.2,12.8,23.0,89.0
44.7,44.6,366.0,32.3,11.3,27.0,91.0
32.4,32.2,375.0,25.7,10.5,47.0,91.0
23.6,23.5,416.0,16.6,9.3,74.0,91.0
18.7,18.6,439.0,9.3,8.2,99.0,90.0
16.5,16.4,414.0,5.5,7.1,119.0,90.0
14.6,14.5,370.0,3.6,6.1,137.0,90.0
13.0,12.9,342.0,2.4,5.3,148.0,90.0
12.2,12.0,348.0,1.8,4.9,150.0,90.0
12.1,12.0,370.0,2.0,4.7,145.0,89.0
12.7,12.6,384.0,2.7,4.8,140.0,89.0
14.1,14.0,379.0,4.1,5.1,138.0,95.0
14.9,14.8,367.0,6.0,5.5,135.0,103.0
20.4,20.3,358.0,9.2,4.8,106.0,100.0
17.5,17.3,357.0,10.2,5.5,100.0,92.0
17.1,17.1,358.0,11.5,6.6,90.0,87.0
20.5,20.4,359.0,12.8,7.4,82.0,85.0
23.6,23.6,363.0,13.9,7.8,75.0,83.0
21.6,21.5,367.0,14.9,8.0,69.0,81.0
20.3,20.2,355.0,15.3,8.0,64.0,80.0
18.4,18.3,312.0,14.7,7.9,62.0,78.0
17.1,17.1,253.0,13.5,7.6,61.0,76.0
16.0,15.9,214.0,12.6,7.4,60.0,73.0
15.4,15.4,211.0,12.5,7.5,58.0,71.0
15.3,15.3,228.0,12.8,7.7,55.0,68.0
9.9,9.9,247.0,7.7,4.5,64.0,66.0
10.9,10.9,270.0,7.1,4.7,67.0,64.0
12.4,12.4,296.0,6.3,4.9,72.0,63.0
12.5,12.5,303.0,5.4,4.9,78.0,63.0
11.5,11.4,275.0,4.2,4.5,87.0,62.0
10.4,10.2,228.0,2.8,3.8,98.0,62.0
9.1,9.0,193.0,1.9,3.2,105.0,62.0
7.8,7.7,184.0,1.5,2.8,105.0,61.0
7.4,7.3,187.0,1.5,2.5,100.0,61.0
8.2,8.0,190.0,2.1,2.5,94.0,61.0
8.6,8.4,189.0,3.5,2.8,86.0,60.0
9.0,8.9,188.0,5.5,3.4,77.0,60.0
8.4,8.4,191.0,5.2,3.1,65.0,59.0
9.1,9.0,202.0,6.4,3.6,59.0,58.0
9.4,9.4,217.0,8.1,4.3,51.0,57.0
9.3,9.3,224.0,9.2,4.7,45.0,57.0
9.0,9.0,218.0,9.4,4.7,43.0,55.0
8.6,8.6,204.0,9.1,4.3,44.0,54.0
8.0,8.0,193.0,8.6,4.0,45.0,53.0
7.4,7.4,187.0,7.9,3.6,46.0,53.0
6.8,6.8,183.0,7.0,3.3,48.0,52.0
6.5,6.5,181.0,6.3,2.9,50.0,51.0
6.2,6.2,183.0,5.8,2.6,54.0,50.0
5.9,5.9,188.0,5.4,2.3,58.0,49.0
6.1,6.1,193.0,6.6,3.0,55.0,48.0
5.8,5.8,197.0,7.1,2.9,55.0,47.0
6.3,6.2,200.0,7.7,2.8,56.0,45.0
6.6,6.6,203.0,8.0,2.7,56.0,44.0
6.7,6.7,204.0,7.8,2.8,56.0,43.0
7.0,6.9,204.0,7.2,3.0,55.0,42.0
7.9,7.7,204.0,6.8,3.2,55.0,42.0
9.1,8.9,202.0,6.7,3.5,55.0,42.0
9.7,9.5,200.0,6.6,3.9,56.0,43.0
9.4,9.2,199.0,6.6,4.0,57.0,43.0
8.5,8.4,203.0,6.6,3.7,59.0,43.0
7.6,7.4,208.0,6.6,3.3,60.0,43.0
7.5,7.5,212.0,7.7,2.0,55.0,42.0
7.1,7.1,212.0,7.4,1.9,55.0,42.0
6.8,6.7,211.0,7.1,1.7,55.0,41.0
6.6,6.5,208.0,6.7,1.7,56.0,41.0
7.0,7.0,203.0,6.3,1.8,57.0,40.0
7.6,7.6,198.0,6.0,2.1,59.0,40.0
7.8,7.7,194.0,5.7,2.3,60.0,40.0
7.7,7.7,194.0,5.6,2.5,61.0,40.0
8.7,8.5,196.0,5.7,2.7,62.0,40.0
9.1,8.9,196.0,5.7,3.0,63.0,41.0
8.2,8.1,192.0,5.6,3.3,64.0,41.0
6.5,6.5,186.0,5.4,3.7,65.0,41.0
9.2,9.1,185.0,4.8,2.8,71.0,42.0
9.3,9.1,192.0,5.4,3.1,69.0,43.0
8.2,8.2,203.0,6.3,3.6,65.0,43.0
6.6,6.6,211.0,7.0,4.0,62.0,43.0
5.9,5.9,212.0,7.5,4.4,59.0,43.0
5.8,5.8,210.0,7.8,4.7,57.0,43.0
6.2,6.1,209.0,7.9,5.0,57.0,43.0
5.9,5.8,212.0,7.3,5.1,60.0,42.0
5.1,5.0,217.0,6.3,5.1,64.0,41.0
4.6,4.6,222.0,6.1,5.2,67.0,40.0
4.3,4.2,226.0,7.1,5.6,67.0,39.0
4.8,4.8,230.0,8.9,6.1,67.0,38.0
13.5,13.2,240.0,15.0,7.5,44.0,40.0
14.5,14.3,265.0,16.6,9.2,40.0,41.0
16.0,15.9,296.0,18.8,11.6,34.0,43.0
17.3,17.3,313.0,20.3,13.0,30.0,46.0
18.6,18.6,304.0,20.4,12.6,28.0,48.0
19.4,19.4,282.0,19.7,11.3,28.0,50.0
18.9,18.9,263.0,18.7,10.1,29.0,51.0
18.6,18.6,252.0,17.4,9.1,31.0,52.0
18.1,18.1,245.0,15.8,8.2,33.0,53.0
17.4,17.3,241.0,14.4,7.6,36.0,54.0
16.9,16.9,242.0,13.3,7.4,39.0,54.0
16.9,16.9,247.0,12.4,7.6,43.0,55.0
22.4,20.4,252.0,8.5,6.4,62.0,56.0
23.7,20.9,257.0,8.6,6.5,60.0,57.0
23.0,20.4,262.0,8.8,6.6,58.0,58.0
20.1,17.8,264.0,8.6,6.7,58.0,59.0
15.1,13.6,259.0,7.8,6.6,62.0,59.0
13.0,12.1,250.0,6.6,6.4,68.0,60.0
12.2,11.7,246.0,5.8,6.4,73.0,60.0
11.1,10.9,250.0,5.6,6.8,76.0,61.0
11.3,11.3,259.0,5.8,7.4,77.0,61.0
11.9,11.9,273.0,6.3,7.9,78.0,62.0
11.6,11.5,290.0,6.1,7.8,80.0,62.0
11.8,11.8,311.0,6.1,7.6,82.0,63.0
24.4,23.4,342.0,8.0,6.3,86.0,64.0
31.9,30.5,394.0,17.8,10.9,74.0,65.0
42.8,41.2,456.0,31.7,17.3,56.0,67.0
56.8,55.2,497.0,44.6,23.1,40.0,70.0
69.2,67.8,501.0,55.5,27.5,26.0,74.0
79.2,77.8,485.0,65.5,31.2,13.0,78.0
85.7,84.3,460.0,72.6,33.7,4.0,84.0
90.3,88.9,422.0,75.7,35.0,0.0,89.0
94.3,92.9,377.0,76.0,35.1,0.0,95.0
96.6,95.0,353.0,74.8,33.9,0.0,101.0
94.8,92.7,372.0,73.3,30.4,0.0,109.0
87.8,85.0,412.0,70.3,25.6,0.0,116.0
55.5,52.4,443.0,30.4,11.8,24.0,120.0
61.0,57.4,455.0,25.3,12.4,41.0,123.0
58.0,54.2,458.0,18.2,13.3,66.0,127.0
46.7,34.3,444.0,12.0,13.5,90.0,129.0
47.5,29.9,401.0,7.8,12.6,114.0,130.0
47.3,29.5,342.0,4.6,11.2,138.0,132.0
47.7,30.3,299.0,2.4,9.9,155.0,134.0
48.1,31.4,282.0,1.3,9.0,162.0,136.0
47.3,31.3,281.0,1.2,8.2,161.0,138.0
46.7,31.2,304.0,2.3,7.7,155.0,140.0
47.0,31.5,351.0,4.5,7.3,142.0,142.0
46.2,32.4,421.0,7.8,7.2,124.0,145.0
71.7,49.4,520.0,13.7,8.8,108.0,147.0
78.2,55.5,678.0,19.6,10.9,94.0,150.0
83.1,61.9,866.0,28.0,13.8,75.0,151.0
83.8,64.5,997.0,35.5,16.6,58.0,151.0
87.3,67.5,1041.0,41.3,19.1,48.0,151.0
98.0,77.3,1029.0,46.1,21.4,41.0,151.0
107.1,85.9,970.0,49.3,22.6,35.0,151.0
113.4,91.7,838.0,50.7,22.2,28.0,151.0
111.5,92.4,659.0,50.4,20.7,22.0,151.0
101.3,85.7,518.0,47.8,18.9,19.0,151.0
85.7,73.8,453.0,41.6,16.6,19.0,150.0
74.3,64.5,427.0,33.2,13.9,22.0,148.0
64.7,56.7,414.0,26.0,13.6,32.0,149.0
59.1,53.1,416.0,22.1,13.8,44.0,148.0
49.4,44.5,431.0,16.6,13.9,61.0,147.0
39.9,35.3,427.0,11.7,13.8,82.0,147.0
38.4,32.7,379.0,7.9,13.2,108.0,148.0
38.0,31.0,312.0,4.8,12.2,138.0,148.0
34.0,28.3,265.0,2.6,11.3,159.0,148.0
32.0,27.7,256.0,1.6,10.5,167.0,147.0
32.0,28.0,267.0,1.5,9.7,168.0,147.0
33.5,29.4,288.0,2.5,9.2,163.0,147.0
35.4,31.2,318.0,4.8,9.2,153.0,147.0
37.6,34.1,357.0,8.1,9.6,138.0,147.0
27.5,26.5,392.0,10.2,9.8,115.0,145.0
33.3,31.7,421.0,13.1,10.9,104.0,142.0
38.0,36.0,445.0,17.0,12.4,88.0,139.0
41.3,38.8,458.0,19.8,13.4,76.0,137.0
43.9,40.6,454.0,20.3,13.5,70.0,134.0
45.2,41.2,440.0,19.6,13.1,66.0,130.0
44.2,39.8,424.0,18.7,12.7,64.0,125.0
42.4,37.8,408.0,17.9,12.3,62.0,120.0
40.6,35.5,392.0,16.9,11.9,60.0,114.0
40.2,33.1,383.0,16.1,11.7,59.0,108.0
42.5,30.9,385.0,15.9,11.8,58.0,104.0
47.6,29.3,394.0,15.9,12.2,58.0,100.0
50.2,27.9,412.0,14.5,13.4,65.0,98.0
66.1,31.9,449.0,13.4,14.9,72.0,96.0
86.8,37.4,494.0,11.8,16.9,82.0,96.0
160.7,50.9,516.0,9.9,18.2,97.0,97.0
210.0,60.5,494.0,7.5,18.3,123.0,99.0
199.8,58.4,449.0,4.7,17.8,154.0,102.0
152.7,50.1,414.0,2.8,17.0,176.0,104.0
101.7,38.3,400.0,1.9,15.8,184.0,105.0
73.3,33.3,396.0,1.7,14.2,183.0,105.0
65.0,33.9,407.0,2.6,13.0,177.0,117.0
63.6,34.8,440.0,5.0,12.4,165.0,134.0
62.6,36.9,489.0,8.5,12.1,147.0,145.0
73.3,40.4,533.0,11.8,11.8,116.0,143.0
76.6,43.1,572.0,14.4,13.0,107.0,133.0
81.5,45.4,607.0,18.0,14.6,93.0,116.0
87.3,46.8,625.0,20.7,15.8,82.0,111.0
94.3,48.5,619.0,21.8,16.1,75.0,112.0
100.6,49.8,596.0,22.1,15.9,69.0,113.0
103.8,49.6,568.0,22.0,15.5,65.0,114.0
107.3,49.5,534.0,21.7,15.0,61.0,115.0
109.9,49.7,495.0,21.0,14.3,59.0,117.0
109.2,49.6,467.0,20.4,13.8,57.0,118.0
106.2,48.9,456.0,20.2,13.5,54.0,120.0
104.5,48.8,456.0,20.0,13.4,52.0,122.0
112.7,52.6,468.0,17.0,14.3,62.0,125.0
116.9,54.9,507.0,15.7,14.8,71.0,127.0
110.1,55.2,559.0,13.8,15.6,84.0,129.0
170.9,62.4,580.0,11.5,15.9,101.0,130.0
276.6,71.5,541.0,8.4,15.6,125.0,131.0
316.6,71.7,470.0,5.0,14.9,154.0,133.0
251.5,61.0,417.0,2.5,14.2,174.0,134.0
193.7,52.4,397.0,1.4,13.4,182.0,135.0
155.5,47.0,393.0,1.2,12.4,183.0,137.0
129.0,42.6,403.0,2.3,11.8,177.0,138.0
106.9,38.5,430.0,5.1,11.5,163.0,138.0
82.9,35.7,471.0,9.1,11.5,143.0,143.0
96.9,42.4,513.0,14.5,12.2,117.0,142.0
105.7,49.7,553.0,23.1,16.1,103.0,139.0
114.1,58.7,593.0,35.0,21.4,82.0,140.0
122.9,67.3,627.0,44.8,25.4,64.0,142.0
131.3,75.4,657.0,50.9,27.1,50.0,145.0
136.4,81.5,680.0,54.8,27.6,37.0,148.0
131.3,80.3,683.0,55.8,27.0,29.0,150.0
126.7,76.6,652.0,52.4,25.0,27.0,151.0
123.4,73.6,601.0,46.0,21.9,29.0,152.0
120.6,71.2,559.0,40.5,19.3,31.0,153.0
116.6,68.7,537.0,37.7,17.6,27.0,153.0
113.4,67.1,524.0,35.8,16.4,23.0,154.0
103.6,63.8,515.0,29.2,15.1,31.0,154.0
99.7,63.1,518.0,25.1,15.1,44.0,154.0
92.0,59.5,525.0,19.3,15.2,64.0,154.0
108.0,57.6,514.0,14.0,15.5,87.0,154.0
155.5,63.1,466.0,9.5,16.4,118.0,154.0
221.2,68.7,399.0,5.4,17.5,152.0,154.0
226.8,67.1,349.0,2.6,17.8,176.0,154.0
202.6,63.1,326.0,1.2,16.4,185.0,154.0
174.6,58.7,319.0,1.1,14.2,184.0,155.0
153.2,55.6,333.0,2.4,12.6,176.0,155.0
131.8,52.7,376.0,5.8,12.0,161.0,156.0
106.9,52.5,440.0,10.6,11.9,139.0,156.0
105.9,52.7,497.0,18.1,13.1,115.0,156.0
111.3,59.0,540.0,25.5,16.2,100.0,157.0
113.9,65.9,576.0,35.5,20.5,79.0,157.0
116.9,71.7,603.0,42.4,23.2,62.0,157.0
117.1,75.0,620.0,43.2,22.9,53.0,157.0
113.2,75.0,627.0,40.8,21.1,48.0,157.0
107.1,70.5,625.0,38.0,19.3,45.0,157.0
103.8,67.1,613.0,35.2,18.0,44.0,156.0
104.1,65.7,591.0,31.9,16.7,44.0,156.0
105.7,65.4,558.0,29.5,15.6,43.0,156.0
105.5,65.2,501.0,29.0,14.8,37.0,156.0
104.8,64.5,433.0,29.2,14.2,31.0,156.0
100.6,60.3,389.0,23.3,14.3,44.0,156.0
99.4,60.3,397.0,20.9,14.4,56.0,156.0
96.4,60.3,429.0,17.5,14.6,74.0,156.0
105.2,60.5,438.0,13.9,14.6,95.0,156.0
135.0,62.9,395.0,9.9,14.5,122.0,156.0
213.3,70.3,328.0,5.6,14.4,152.0,156.0
255.2,71.7,278.0,2.6,14.0,173.0,156.0
234.7,66.6,252.0,1.2,13.2,179.0,156.0
202.1,62.2,242.0,1.0,12.2,174.0,156.0
180.7,60.1,261.0,2.3,11.5,165.0,156.0
159.3,58.2,339.0,5.6,11.2,149.0,156.0
128.1,55.4,446.0,10.4,11.3,128.0,156.0
148.5,63.6,510.0,17.7,12.1,108.0,157.0
151.8,68.9,487.0,22.8,14.2,95.0,157.0
147.1,73.8,421.0,29.8,17.0,76.0,157.0
137.8,75.0,373.0,35.2,19.1,61.0,157.0
127.1,73.3,371.0,36.7,19.5,54.0,157.0
123.4,72.9,386.0,36.5,19.1,51.0,157.0
